0.2 0.2Fixed 60 60 322 285 277.2535734258811 300.64939033785
0.2 0.4Fixed 60 60 322 285 279.0500333032076 273.7184650707118
0.2 0.6Fixed 60 60 322 285 279.78808057817656 247.34964999567646
0.2 0.8Fixed 60 60 322 285 281.3068797804 212.41537594474593
0.2 1.0Fixed 60 60 322 285 280.88958765625864 189.80850267806414
0.2 1.2Fixed 60 60 322 285 277.4522963168619 153.02988110863052
0.2 1.4Fixed 60 60 322 285 281.67425975492756 135.71352696715542
0.2 1.6Fixed 60 60 322 285 275.2054396668415 92.17642418356363
0.2 1.8Fixed 60 60 322 285 279.06929505812747 100.35127302290879
0.2 2.0Fixed 60 60 322 280 278.0737870859136 49.130506671417756
0.2 2.2Fixed 60 60 322 265 279.19553927585116 29.996344157137987
0.2 2.4Fixed 60 60 322 238 278.12335759413196 29.902916659941013
0.2 2.6Fixed 60 60 322 235 279.71604428818557 35.815608164360654
0.2 2.8Fixed 60 60 322 207 277.9886259294024 22.988165202829123
0.2 3.0Fixed 60 60 322 216 282.1351347185415 22.593562177551483
0.2 3.2Fixed 60 60 322 182 278.8155550808932 22.7541413502281
0.2 3.4Fixed 60 60 322 155 278.44998195232097 24.183584263218275
0.2 3.6Fixed 60 60 322 148 277.5526101153791 26.90810784536225
0.2 3.8Fixed 60 60 322 145 280.90147761311846 23.271251982075697
0.2 4.0Fixed 60 60 322 150 281.5590674133248 25.133210712621967
0.2 4.2Fixed 60 60 322 142 276.70641658525017 26.416282509717085
0.2 4.4Fixed 60 60 322 121 278.1894997190853 20.705269236834415
0.2 4.6Fixed 60 60 322 122 279.84967429838036 21.799535839695647
0.2 4.8Fixed 60 60 322 146 278.4481568546849 21.68968448582659
0.2 5.0Fixed 60 60 322 137 274.90147289342156 21.272614800279932
0.2 5.2Fixed 60 60 322 112 277.9007651954873 22.002285300952167
0.2 5.4Fixed 60 60 322 114 281.05704403455155 20.892609041009894
0.2 5.6Fixed 60 60 322 133 277.4184731303752 26.27807526419809
0.2 5.8Fixed 60 60 322 103 278.10270806954867 21.650173294516172
0.2 6.0Fixed 60 60 322 105 280.17904833084106 23.60055891450117
0.2 6.2Fixed 60 60 322 91 281.584250877387 22.18044557589696
0.2 6.4Fixed 60 60 322 99 276.86580965966573 17.584251838779952
0.2 6.6Fixed 60 60 322 84 280.74813396977 15.585634075219884
0.2 6.8Fixed 60 60 322 87 278.31234116976844 18.265455171112123
0.2 7.0Fixed 60 60 322 80 278.3006357458879 16.550737881336108
0.2 7.2Fixed 60 60 322 85 278.48658909537494 18.18586423462292
0.2 7.4Fixed 60 60 322 88 280.7200116836124 23.760673807728164
0.2 7.6Fixed 60 60 322 68 280.1387512544363 22.232167923467575
0.2 7.8Fixed 60 60 322 77 280.8104123889537 18.30708028181132
0.2 8.0Fixed 60 60 322 91 275.7475366404819 17.55959276410583
0.2 8.2Fixed 60 60 322 68 272.79355783060026 23.188175725332453
0.2 8.4Fixed 60 60 322 75 277.9706018775203 19.91711213203842
0.2 8.6Fixed 60 60 322 59 279.04948522689017 12.464216637335033
0.2 8.8Fixed 60 60 322 86 281.3793273533812 18.942930371172075
0.2 9.0Fixed 60 60 322 58 280.50777976160526 17.91328663784656
0.2 9.2Fixed 60 60 322 60 282.28578563732157 19.775630928521363
0.2 9.4Fixed 60 60 322 57 283.4966878631143 17.981169423925373
0.2 9.6Fixed 60 60 322 58 280.68189498840997 19.286545185997763
0.2 9.8Fixed 60 60 322 84 280.4557515538009 23.18821107920965
0.2 10.0Fixed 60 60 322 53 278.6040428904502 22.44147966944874
0.4 0.2Fixed 60 60 322 285 247.26835536005214 302.0692078908473
0.4 0.4Fixed 60 60 322 285 238.44456303613427 279.1291326674826
0.4 0.6Fixed 60 60 322 285 245.96397462882757 240.01007845992476
0.4 0.8Fixed 60 60 322 285 247.44706064749167 216.5539973050056
0.4 1.0Fixed 60 60 322 285 241.01399396581644 193.0183828178534
0.4 1.2Fixed 60 60 322 285 246.23969633788755 152.91978403769642
0.4 1.4Fixed 60 60 322 285 240.93201362431384 137.28956213794686
0.4 1.6Fixed 60 60 322 285 240.50029303663592 130.6399793778487
0.4 1.8Fixed 60 60 322 285 249.58459727093913 97.79180407459937
0.4 2.0Fixed 60 60 322 285 256.1842366762597 78.2399908135693
0.4 2.2Fixed 60 60 322 271 238.53981981756854 52.381261443639296
0.4 2.4Fixed 60 60 322 240 243.02998032948588 30.58850380372889
0.4 2.6Fixed 60 60 322 228 246.0469894908432 29.213133477457067
0.4 2.8Fixed 60 60 322 211 244.40992763524747 25.03498838788033
0.4 3.0Fixed 60 60 322 185 235.773332425445 25.236359551804387
0.4 3.2Fixed 60 60 322 191 238.9399344564436 27.368984240160103
0.4 3.4Fixed 60 60 322 176 244.6621830847101 27.86855364589965
0.4 3.6Fixed 60 60 322 181 249.84986864279037 20.273270222593865
0.4 3.8Fixed 60 60 322 151 250.4676601053656 27.015150307881502
0.4 4.0Fixed 60 60 322 142 246.4882369567697 21.066694547409767
0.4 4.2Fixed 60 60 322 158 252.79568037644393 25.34853738892568
0.4 4.4Fixed 60 60 322 138 248.71488988059687 22.90486618317517
0.4 4.6Fixed 60 60 322 130 253.2754863650332 18.576916103069237
0.4 4.8Fixed 60 60 322 119 250.30462889460998 20.81185412135932
0.4 5.0Fixed 60 60 322 103 248.7022652131461 19.56875599302229
0.4 5.2Fixed 60 60 322 116 242.88622105068796 23.757754498806843
0.4 5.4Fixed 60 60 322 115 240.87937880965282 25.732015677086054
0.4 5.6Fixed 60 60 322 101 253.76801232448182 21.98335745825986
0.4 5.8Fixed 60 60 322 95 245.0831049632707 23.764642891784508
0.4 6.0Fixed 60 60 322 118 249.15127435796597 29.159977342379342
0.4 6.2Fixed 60 60 322 98 254.23129909469486 22.52138318236311
0.4 6.4Fixed 60 60 322 99 254.6312659354227 21.109678784971543
0.4 6.6Fixed 60 60 322 100 245.45884126283673 20.302812518057817
0.4 6.8Fixed 60 60 322 106 248.57577364916844 21.64238442294531
0.4 7.0Fixed 60 60 322 100 244.46808829467128 20.560262345768365
0.4 7.2Fixed 60 60 322 84 246.07175790241556 22.66075865170215
0.4 7.4Fixed 60 60 322 86 240.20790461390587 22.742490432472856
0.4 7.6Fixed 60 60 322 74 248.23644596224116 23.63550564411834
0.4 7.8Fixed 60 60 322 93 249.9345840218113 23.287459715279002
0.4 8.0Fixed 60 60 322 89 241.9480117097615 17.614384808321145
0.4 8.2Fixed 60 60 322 75 246.0784005754832 19.3498032620316
0.4 8.4Fixed 60 60 322 58 243.03365809820605 21.391059223563282
0.4 8.6Fixed 60 60 322 61 250.82707515555245 21.53132453699333
0.4 8.8Fixed 60 60 322 75 244.3749462033911 19.638521483360304
0.4 9.0Fixed 60 60 322 59 251.7169375246671 17.63591100677053
0.4 9.2Fixed 60 60 322 62 247.89977146282968 20.324873419005296
0.4 9.4Fixed 60 60 322 78 248.17452030843293 23.97669633063526
0.4 9.6Fixed 60 60 322 56 242.40809605708333 18.207832346600068
0.4 9.8Fixed 60 60 322 56 252.60840423532338 12.741373056193767
0.4 10.0Fixed 60 60 322 53 245.28561111223496 18.966243733400272
0.6 0.2Fixed 60 60 322 285 218.86074073145107 301.93208752707596
0.6 0.4Fixed 60 60 322 285 230.1784444936474 286.9371430918359
0.6 0.6Fixed 60 60 322 285 207.15093372776244 259.33583200947595
0.6 0.8Fixed 60 60 322 285 208.48492359470538 202.57878479829625
0.6 1.0Fixed 60 60 322 285 218.6196045791997 198.55532634224076
0.6 1.2Fixed 60 60 322 285 221.5630866054179 146.7021268208336
0.6 1.4Fixed 60 60 322 285 221.58848541809124 140.78572750464204
0.6 1.6Fixed 60 60 322 285 213.77803840996899 108.90890080893392
0.6 1.8Fixed 60 60 322 285 223.2247623220188 71.0889889562753
0.6 2.0Fixed 60 60 322 285 218.11844009783857 64.62055372839792
0.6 2.2Fixed 60 60 322 256 205.04870305862468 32.220250712410255
0.6 2.4Fixed 60 60 322 252 219.74053590778954 34.214730084393764
0.6 2.6Fixed 60 60 322 242 221.61077349644904 28.552848680702375
0.6 2.8Fixed 60 60 322 231 206.24472139245097 31.3417299254801
0.6 3.0Fixed 60 60 322 197 212.75253825032905 26.112789785807635
0.6 3.2Fixed 60 60 322 203 217.9022966783338 26.484357698790284
0.6 3.4Fixed 60 60 322 177 209.27482880966784 21.361925150189432
0.6 3.6Fixed 60 60 322 151 212.4597788002414 19.780186712462346
0.6 3.8Fixed 60 60 322 165 219.47156001662376 27.171947934196776
0.6 4.0Fixed 60 60 322 146 222.99539894705353 20.720187701785278
0.6 4.2Fixed 60 60 322 141 218.79770742428693 25.617891609163635
0.6 4.4Fixed 60 60 322 167 221.82465152760102 26.91613475669602
0.6 4.6Fixed 60 60 322 121 216.69193139647143 23.3616095277266
0.6 4.8Fixed 60 60 322 125 208.9891666519919 20.97250296014065
0.6 5.0Fixed 60 60 322 132 216.76333415122937 24.531894944356655
0.6 5.2Fixed 60 60 322 120 209.668820676918 23.50235303275898
0.6 5.4Fixed 60 60 322 106 221.71833892082628 18.25401150391881
0.6 5.6Fixed 60 60 322 115 207.76417619158266 21.582889309929488
0.6 5.8Fixed 60 60 322 103 206.13624295027677 19.770067019287033
0.6 6.0Fixed 60 60 322 103 220.79954627048897 22.154475708993264
0.6 6.2Fixed 60 60 322 92 223.1253226942208 24.932093743479186
0.6 6.4Fixed 60 60 322 108 219.20460930639274 19.537918888170935
0.6 6.6Fixed 60 60 322 85 215.56253365252832 21.038529274018348
0.6 6.8Fixed 60 60 322 86 213.91906250448665 23.067375749965887
0.6 7.0Fixed 60 60 322 77 209.97896649232615 15.311364010218755
0.6 7.2Fixed 60 60 322 69 216.64341098930257 23.12669681124076
0.6 7.4Fixed 60 60 322 67 214.26668856186 23.091553999113255
0.6 7.6Fixed 60 60 322 86 226.90638302372932 21.45922689879158
0.6 7.8Fixed 60 60 322 80 212.26540410331143 22.23135740803406
0.6 8.0Fixed 60 60 322 72 208.22131645024064 17.28037915321866
0.6 8.2Fixed 60 60 322 71 210.88586338024476 23.627825223620132
0.6 8.4Fixed 60 60 322 74 211.4701504584951 21.025751255196703
0.6 8.6Fixed 60 60 322 62 208.00861866045392 14.284219587309043
0.6 8.8Fixed 60 60 322 67 208.8921023466455 23.474093115390644
0.6 9.0Fixed 60 60 322 54 210.91583236563218 16.96233528298282
0.6 9.2Fixed 60 60 322 77 215.17388859746725 16.596433585502954
0.6 9.4Fixed 60 60 322 63 216.07609807237932 17.913318909683177
0.6 9.6Fixed 60 60 322 62 220.03185654186305 21.125365808865684
0.6 9.8Fixed 60 60 322 57 221.09172223681404 16.663234042815407
0.6 10.0Fixed 60 60 322 47 204.28387534382415 17.511483883256695
0.8 0.2Fixed 60 60 321 285 182.11829826690874 299.88844620501055
0.8 0.4Fixed 60 60 322 285 184.13279407780686 274.12576611400635
0.8 0.6Fixed 60 60 322 285 195.13787108694638 246.85495943325535
0.8 0.8Fixed 60 60 322 285 186.40482200663448 209.95377930079695
0.8 1.0Fixed 60 60 322 285 184.71367571169912 193.24994878175855
0.8 1.2Fixed 60 60 322 285 197.18129865653006 146.38386150079683
0.8 1.4Fixed 60 60 322 285 186.71351258978882 123.53944824985123
0.8 1.6Fixed 60 60 319 285 181.4245563726096 87.61743901814043
0.8 1.8Fixed 60 60 322 285 188.05944928029433 72.09307032833935
0.8 2.0Fixed 60 60 322 285 179.7676864441639 60.94642899998862
0.8 2.2Fixed 60 60 322 253 174.85388289960616 30.71258181022159
0.8 2.4Fixed 60 60 322 266 200.04688000422306 43.248619765603664
0.8 2.6Fixed 60 60 322 250 187.06831684933715 29.215161560530312
0.8 2.8Fixed 60 60 322 204 181.7374170283016 26.833318345251634
0.8 3.0Fixed 60 60 322 223 200.21651102123784 29.285873257118148
0.8 3.2Fixed 60 60 322 231 179.80433633743647 29.861505739621652
0.8 3.4Fixed 60 60 322 179 181.54451843566744 24.11896726692546
0.8 3.6Fixed 60 60 322 178 184.0644187278393 25.22418661227942
0.8 3.8Fixed 60 60 322 154 186.68021280139914 23.73395032166045
0.8 4.0Fixed 60 60 310 165 178.94310250888427 20.61119473704111
0.8 4.2Fixed 60 60 322 126 180.57787598578264 23.060659946474363
0.8 4.4Fixed 60 60 322 156 183.4731475584408 23.40365503792984
0.8 4.6Fixed 60 60 322 137 193.66976284364176 20.178919703907646
0.8 4.8Fixed 60 60 322 115 184.38935078517 19.673812607934757
0.8 5.0Fixed 60 60 322 133 182.27766105658966 23.541511771302734
0.8 5.2Fixed 60 60 322 106 188.31167757411694 18.951873268264166
0.8 5.4Fixed 60 60 320 108 175.2975837068381 20.16434636337555
0.8 5.6Fixed 60 60 322 110 172.15559622527547 21.68780767349141
0.8 5.8Fixed 60 60 322 101 180.17434221217223 21.95225807001318
0.8 6.0Fixed 60 60 322 97 174.60308471095166 21.647937023116945
0.8 6.2Fixed 60 60 322 109 172.07065817400502 26.676694973229722
0.8 6.4Fixed 60 60 322 99 185.0625144871295 17.756853169685233
0.8 6.6Fixed 60 60 322 88 180.04881281004387 20.142839936813132
0.8 6.8Fixed 60 60 322 78 182.03794067960808 20.516829703073746
0.8 7.0Fixed 60 60 322 77 199.50416681596278 16.901923017693136
0.8 7.2Fixed 60 60 322 81 183.55433602616972 23.32916418506002
0.8 7.4Fixed 60 60 322 79 191.31345052685444 20.528762033580463
0.8 7.6Fixed 60 60 322 79 193.9752068528645 18.351608218137265
0.8 7.8Fixed 60 60 322 88 203.2846691475655 23.423935030877534
0.8 8.0Fixed 60 60 322 81 180.91794393242455 20.67176025823665
0.8 8.2Fixed 60 60 322 72 184.5862119141831 24.34191773469918
0.8 8.4Fixed 60 60 322 74 188.2826299364027 20.700616030945948
0.8 8.6Fixed 60 60 322 57 188.94047611715035 17.729373559729133
0.8 8.8Fixed 60 60 322 71 165.61817995783628 18.129382176274493
0.8 9.0Fixed 60 60 322 71 180.61535548014498 21.32193802566913
0.8 9.2Fixed 60 60 318 58 182.44754004318452 19.824272033882018
0.8 9.4Fixed 60 60 322 70 184.88815518033158 19.43881120689339
0.8 9.6Fixed 60 60 322 61 177.98251732763762 20.30891853912953
0.8 9.8Fixed 60 60 322 60 183.19975944056804 19.773546197851676
0.8 10.0Fixed 60 60 322 67 176.10533115255112 20.9491905862875
1.0 0.2Fixed 60 60 318 285 146.00381462945074 303.7940432484031
1.0 0.4Fixed 60 60 312 285 149.76262906118504 279.9081825296537
1.0 0.6Fixed 60 60 322 285 157.59551698130923 246.46418307246356
1.0 0.8Fixed 60 60 314 285 160.0136387337353 223.0538654199126
1.0 1.0Fixed 60 60 320 285 147.72561465595024 188.27321990336827
1.0 1.2Fixed 60 60 318 285 165.1773652091338 156.57727584368732
1.0 1.4Fixed 60 60 322 285 142.7077623992329 129.26425579763858
1.0 1.6Fixed 60 60 317 285 157.4020973350323 103.43347009694816
1.0 1.8Fixed 60 60 322 285 152.099681766196 113.81977397441777
1.0 2.0Fixed 60 60 318 285 159.47709777448742 74.00296678275312
1.0 2.2Fixed 60 60 320 260 160.5552638797037 33.32635908539598
1.0 2.4Fixed 60 60 322 258 167.1653503289385 32.63567360399212
1.0 2.6Fixed 60 60 316 228 162.19677730440216 25.6432213070756
1.0 2.8Fixed 60 60 314 220 165.976910703447 26.20940091733309
1.0 3.0Fixed 60 60 316 198 159.77667128445532 29.904685193063134
1.0 3.2Fixed 60 60 306 192 170.9275314172918 27.049673645284162
1.0 3.4Fixed 60 60 320 152 156.72694616343628 24.602913891877705
1.0 3.6Fixed 60 60 322 147 165.35972347419184 24.877701967053845
1.0 3.8Fixed 60 60 316 145 156.57937935587097 24.6927023099365
1.0 4.0Fixed 60 60 322 154 153.55595558811638 24.29256235162103
1.0 4.2Fixed 60 60 322 156 163.25504501679498 18.567574829781808
1.0 4.4Fixed 60 60 310 127 157.2908299144755 22.781945876784075
1.0 4.6Fixed 60 60 315 128 155.95246559232874 21.751286201361424
1.0 4.8Fixed 60 60 306 151 156.73189400048042 25.551281751866536
1.0 5.0Fixed 60 60 322 126 161.01585545989184 22.85393916716059
1.0 5.2Fixed 60 60 321 117 149.938305878593 17.696141921728127
1.0 5.4Fixed 60 60 312 96 151.40988184834305 19.90892630478877
1.0 5.6Fixed 60 60 322 96 169.46104229835493 22.678470872704512
1.0 5.8Fixed 60 60 310 110 146.45339693898407 22.76359858160948
1.0 6.0Fixed 60 60 320 107 158.07078087745236 23.214384471395878
1.0 6.2Fixed 60 60 318 106 155.29365576082589 19.535295857358946
1.0 6.4Fixed 60 60 320 100 149.26273866325056 16.0054969404131
1.0 6.6Fixed 60 60 321 95 159.11830304639903 24.21987028642329
1.0 6.8Fixed 60 60 321 92 157.6128360387493 17.011330170370105
1.0 7.0Fixed 60 60 322 90 157.25415485596244 17.74839039000019
1.0 7.2Fixed 60 60 322 55 174.19352356266452 21.925535412278055
1.0 7.4Fixed 60 60 322 92 163.07888949613667 16.596244494497228
1.0 7.6Fixed 60 60 322 90 160.29253906911043 22.127065955644284
1.0 7.8Fixed 60 60 317 72 157.06692727319844 21.040893919141283
1.0 8.0Fixed 60 60 320 64 149.44881418763353 19.78088313450498
1.0 8.2Fixed 60 60 315 90 174.91434190968505 19.635714486480847
1.0 8.4Fixed 60 60 316 80 156.28413245009986 20.386437815212975
1.0 8.6Fixed 60 60 322 73 172.56618324317202 14.995163256019284
1.0 8.8Fixed 60 60 322 75 147.63141217511702 19.066242078265386
1.0 9.0Fixed 60 60 322 63 148.9486027407765 14.847183433738007
1.0 9.2Fixed 60 60 320 88 153.95435907419113 21.976595525094186
1.0 9.4Fixed 60 60 321 65 139.07654677142813 17.94070346384336
1.0 9.6Fixed 60 60 322 66 160.2634121678908 18.217332937672087
1.0 9.8Fixed 60 60 319 49 149.61444942595347 24.824216452193337
1.0 10.0Fixed 60 60 322 67 172.28198217745717 17.46497026508575
1.2 0.2Fixed 60 60 320 285 127.66114329604886 300.0316190792524
1.2 0.4Fixed 60 60 312 285 120.96324530558621 272.4375431486971
1.2 0.6Fixed 60 60 300 285 150.89778634559332 251.56122847168564
1.2 0.8Fixed 60 60 319 285 140.44809573158787 224.68717144302914
1.2 1.0Fixed 60 60 312 285 143.44911563359915 185.2235399973119
1.2 1.2Fixed 60 60 309 285 145.1893592203185 155.4994777450277
1.2 1.4Fixed 60 60 304 285 126.72650278045766 99.55225115681928
1.2 1.6Fixed 60 60 310 285 106.2827513828469 91.92572773098894
1.2 1.8Fixed 60 60 315 285 137.84988221681854 68.05206009406875
1.2 2.0Fixed 60 60 309 285 138.43931661534245 58.08026575268223
1.2 2.2Fixed 60 60 316 282 132.51541376918448 32.85117887248397
1.2 2.4Fixed 60 60 321 224 123.44235578884873 24.53494879403306
1.2 2.6Fixed 60 60 309 268 127.25510940530378 38.32809800672578
1.2 2.8Fixed 60 60 312 203 145.79108346467933 25.28801886780892
1.2 3.0Fixed 60 60 322 208 143.2663534734332 25.7182189633581
1.2 3.2Fixed 60 60 314 184 138.50441413810057 27.56767954289445
1.2 3.4Fixed 60 60 314 174 109.45138494760991 23.157294961431685
1.2 3.6Fixed 60 60 310 182 123.90061960510899 24.429780788466548
1.2 3.8Fixed 60 60 315 164 149.22976344741403 23.31398926524218
1.2 4.0Fixed 60 60 318 149 136.6546038440322 22.911482705512245
1.2 4.2Fixed 60 60 295 168 130.22248537886014 25.761759119187484
1.2 4.4Fixed 60 60 308 150 129.76476088134933 24.224098238302624
1.2 4.6Fixed 60 60 314 119 124.9138432361447 23.048739321894335
1.2 4.8Fixed 60 60 310 142 122.9116077530237 20.67236756177638
1.2 5.0Fixed 60 60 309 118 142.72793910669657 23.833053680740164
1.2 5.2Fixed 60 60 314 117 137.6761891425871 20.3061236344794
1.2 5.4Fixed 60 60 304 106 127.0928792985638 22.121864400873495
1.2 5.6Fixed 60 60 313 98 137.41988760063808 20.619048539102547
1.2 5.8Fixed 60 60 312 116 122.97155079535376 18.648353219749666
1.2 6.0Fixed 60 60 316 98 132.23964258176792 22.247570143562957
1.2 6.2Fixed 60 60 322 112 121.90153107735401 21.484183195765098
1.2 6.4Fixed 60 60 312 90 133.9861494458074 18.282254713846953
1.2 6.6Fixed 60 60 311 84 127.35385936320398 17.423803204943663
1.2 6.8Fixed 60 60 322 92 121.21628784498151 21.059602146245957
1.2 7.0Fixed 60 60 314 98 135.44690350471706 22.81531480448708
1.2 7.2Fixed 60 60 311 76 118.31839826088988 19.40721272443143
1.2 7.4Fixed 60 60 322 83 130.2416356518959 13.889906249158685
1.2 7.6Fixed 60 60 309 65 134.06561855387565 18.408598147038987
1.2 7.8Fixed 60 60 315 80 134.0426053774578 21.236101828256167
1.2 8.0Fixed 60 60 316 75 134.29010248026538 19.83861202484726
1.2 8.2Fixed 60 60 307 64 133.06765246376895 18.89297578072135
1.2 8.4Fixed 60 60 306 74 133.662092587168 18.221660577655907
1.2 8.6Fixed 60 60 318 88 129.48880339379375 18.195087540713928
1.2 8.8Fixed 60 60 318 67 117.08283482613037 19.626651383155693
1.2 9.0Fixed 60 60 307 90 125.6603448554302 22.41961964464206
1.2 9.2Fixed 60 60 316 73 135.5125299923741 21.704098845586632
1.2 9.4Fixed 60 60 316 64 132.18529746636383 25.786699610472372
1.2 9.6Fixed 60 60 305 57 140.56667529831276 17.4321864230345
1.2 9.8Fixed 60 60 307 55 139.06784645077386 17.42891423470748
1.2 10.0Fixed 60 60 316 63 124.62429772895511 17.810736779560642
1.4 0.2Fixed 60 60 306 285 108.12694733654646 303.5908974854728
1.4 0.4Fixed 60 60 297 285 85.42772551203416 268.2609006592312
1.4 0.6Fixed 60 60 317 285 107.12961790585874 251.05179161557152
1.4 0.8Fixed 60 60 308 285 105.2741504407138 215.67764565130534
1.4 1.0Fixed 60 60 304 285 84.64352096978375 186.0389761833078
1.4 1.2Fixed 60 60 301 285 131.45158498898573 156.6946416900306
1.4 1.4Fixed 60 60 306 285 98.73054811034808 143.721931594315
1.4 1.6Fixed 60 60 304 285 106.38227163151903 116.99860560651855
1.4 1.8Fixed 60 60 299 284 119.29050838146698 48.61131391228859
1.4 2.0Fixed 60 60 308 267 103.0255788568577 35.80649400035753
1.4 2.2Fixed 60 60 306 268 112.63444639460141 28.99807917147581
1.4 2.4Fixed 60 60 310 264 88.79705203132126 29.308026924617216
1.4 2.6Fixed 60 60 314 237 119.07524306178084 31.514269183622947
1.4 2.8Fixed 60 60 312 243 119.43975477700093 28.323311871873912
1.4 3.0Fixed 60 60 297 201 99.32319144838736 25.898838599908615
1.4 3.2Fixed 60 60 312 201 96.30850662553046 29.30265113416342
1.4 3.4Fixed 60 60 302 173 100.74924745032686 23.93599364264365
1.4 3.6Fixed 60 60 291 162 113.90594559950884 24.24651259746656
1.4 3.8Fixed 60 60 304 164 112.83907201495336 25.822377382439704
1.4 4.0Fixed 60 60 302 159 120.09614339249723 24.238103218071195
1.4 4.2Fixed 60 60 306 157 117.36332239417084 23.824829016202834
1.4 4.4Fixed 60 60 309 136 88.1482177270165 22.843778589688863
1.4 4.6Fixed 60 60 309 121 109.16615179346664 25.0126023321883
1.4 4.8Fixed 60 60 311 138 110.9787365955563 22.021720487901234
1.4 5.0Fixed 60 60 304 120 108.19616916977856 22.778385837418956
1.4 5.2Fixed 60 60 319 111 105.67711031851303 19.439527474042283
1.4 5.4Fixed 60 60 314 119 116.20412318064795 18.099114389178244
1.4 5.6Fixed 60 60 319 101 117.45454585782313 19.40508106526134
1.4 5.8Fixed 60 60 307 97 140.11508333035417 20.690625432413995
1.4 6.0Fixed 60 60 310 90 114.99296163044325 20.212700371300752
1.4 6.2Fixed 60 60 308 99 115.45443670995508 20.207172461721996
1.4 6.4Fixed 60 60 309 106 112.91972237745068 24.975025182039204
1.4 6.6Fixed 60 60 312 90 97.57961656728295 19.49871578476303
1.4 6.8Fixed 60 60 321 99 96.10164878685433 21.1291630043138
1.4 7.0Fixed 60 60 309 96 133.76986871415207 18.844512984850162
1.4 7.2Fixed 60 60 308 96 101.3389838012559 21.087093956878466
1.4 7.4Fixed 60 60 306 98 94.34513458757314 22.39397008006006
1.4 7.6Fixed 60 60 300 67 127.65752071712622 16.633456574222578
1.4 7.8Fixed 60 60 306 77 106.2490031685877 24.482574704636498
1.4 8.0Fixed 60 60 307 100 95.8527096825065 19.60836040229963
1.4 8.2Fixed 60 60 310 82 105.48129380654166 19.29295712264612
1.4 8.4Fixed 60 60 311 68 107.87785847221151 23.047434163239238
1.4 8.6Fixed 60 60 305 83 120.85843447751364 18.3029534641656
1.4 8.8Fixed 60 60 303 66 129.7658807497437 22.277106860779842
1.4 9.0Fixed 60 60 307 59 93.5376646244702 22.122871973923022
1.4 9.2Fixed 60 60 310 58 100.12140548704917 14.371793643031937
1.4 9.4Fixed 60 60 304 61 116.48878903773861 17.27115322492836
1.4 9.6Fixed 60 60 303 74 113.85888591520953 20.54697503642412
1.4 9.8Fixed 60 60 300 57 97.17475944703605 17.696721777421953
1.4 10.0Fixed 60 60 314 49 84.52218892513629 19.391957653615428
1.6 0.2Fixed 60 60 301 285 88.6667016406514 303.1084318071185
1.6 0.4Fixed 60 60 306 285 104.3052850875365 278.56265442310576
1.6 0.6Fixed 60 60 293 285 94.98824327496585 236.8971325268223
1.6 0.8Fixed 60 60 293 285 107.27951373368842 223.30137603823684
1.6 1.0Fixed 60 60 307 285 84.12869924589245 207.673900691637
1.6 1.2Fixed 60 60 307 285 102.1082228219751 166.7069778117941
1.6 1.4Fixed 60 60 305 285 69.23985379147878 144.53738859802192
1.6 1.6Fixed 60 60 309 285 65.53341350898192 71.88502642890775
1.6 1.8Fixed 60 60 304 285 100.36502756045044 63.59696592998963
1.6 2.0Fixed 60 60 301 285 87.76435031529985 43.13529212273653
1.6 2.2Fixed 60 60 303 272 71.82146453342452 35.74214002170394
1.6 2.4Fixed 60 60 302 257 98.71544150857564 29.138243431119967
1.6 2.6Fixed 60 60 304 239 94.57793234333123 27.842809351379085
1.6 2.8Fixed 60 60 307 204 108.89932593029746 25.677350764630727
1.6 3.0Fixed 60 60 302 197 82.76583831581068 27.051966340220115
1.6 3.2Fixed 60 60 300 188 89.81287951011164 23.589526924185506
1.6 3.4Fixed 60 60 300 199 93.17945147578169 27.67144596960454
1.6 3.6Fixed 60 60 297 171 79.69893673423432 25.371376186680433
1.6 3.8Fixed 60 60 311 126 69.08988745944526 21.227574557549524
1.6 4.0Fixed 60 60 298 160 69.1821904207734 24.922038782272118
1.6 4.2Fixed 60 60 301 170 92.26266217020734 24.171680262827394
1.6 4.4Fixed 60 60 305 141 61.12756580274798 24.726622701260506
1.6 4.6Fixed 60 60 298 161 92.63306269141358 22.708424298870664
1.6 4.8Fixed 60 60 301 146 92.14847089916141 21.626863089387147
1.6 5.0Fixed 60 60 304 113 103.77543936898661 20.017702372003086
1.6 5.2Fixed 60 60 308 111 79.29724951945504 23.237857602678645
1.6 5.4Fixed 60 60 305 95 105.29677194807742 16.303480606738542
1.6 5.6Fixed 60 60 308 116 104.37790090543649 25.397531902247398
1.6 5.8Fixed 60 60 297 106 85.48894434719615 22.476897596794696
1.6 6.0Fixed 60 60 305 96 105.54466648721731 20.02735088097039
1.6 6.2Fixed 60 60 300 92 100.68558453495719 20.777903322169767
1.6 6.4Fixed 60 60 297 77 66.69354635352977 19.481845655830686
1.6 6.6Fixed 60 60 298 109 72.50964300355236 20.13817799254243
1.6 6.8Fixed 60 60 305 98 83.09073877254856 25.937830909255503
1.6 7.0Fixed 60 60 304 86 90.0086038739127 22.48657874029211
1.6 7.2Fixed 60 60 313 91 69.27925118234567 21.33533670065124
1.6 7.4Fixed 60 60 298 81 87.91198149123 21.676269069730033
1.6 7.6Fixed 60 60 300 76 86.5575060331477 19.431987520936534
1.6 7.8Fixed 60 60 302 75 113.48316121448802 18.56530756268265
1.6 8.0Fixed 60 60 299 65 109.89796600766913 18.337400281220766
1.6 8.2Fixed 60 60 307 70 87.04327078004098 19.091673137600292
1.6 8.4Fixed 60 60 303 84 81.14460923345237 16.09830716727963
1.6 8.6Fixed 60 60 298 64 95.89010973183069 19.78398687000776
1.6 8.8Fixed 60 60 305 61 85.7384203452235 14.87119259610101
1.6 9.0Fixed 60 60 297 58 80.48612187158659 22.091622004649913
1.6 9.2Fixed 60 60 300 80 81.31210612743756 22.418762559077813
1.6 9.4Fixed 60 60 311 57 100.36347093201852 20.124116553974027
1.6 9.6Fixed 60 60 300 66 92.20317147779512 22.21210284879278
1.6 9.8Fixed 60 60 304 76 84.80296929172621 19.422504059652326
1.6 10.0Fixed 60 60 296 48 74.9483741632758 18.499619524225306
1.8 0.2Fixed 60 60 299 285 67.410584028329 303.1178290965689
1.8 0.4Fixed 60 60 301 285 81.85785349353218 273.120557715626
1.8 0.6Fixed 60 60 302 285 54.17959883853156 246.17709888833286
1.8 0.8Fixed 60 60 301 285 58.32845476926274 230.34077401653002
1.8 1.0Fixed 60 60 301 285 65.09180107634582 186.18759135349725
1.8 1.2Fixed 60 60 296 285 95.94603202869742 154.5997947642141
1.8 1.4Fixed 60 60 294 285 74.19459318212384 128.4178962705645
1.8 1.6Fixed 60 60 305 285 63.3593058108161 100.97477553890724
1.8 1.8Fixed 60 60 296 282 76.36932625704813 45.68894408472466
1.8 2.0Fixed 60 60 303 278 74.99648087560895 51.12135652307366
1.8 2.2Fixed 60 60 313 257 67.71400001326481 31.001094159304134
1.8 2.4Fixed 60 60 296 232 80.88756513318435 27.113907414524075
1.8 2.6Fixed 60 60 287 237 85.68597443460148 26.827428172722236
1.8 2.8Fixed 60 60 310 207 49.243977662211506 27.410838785049076
1.8 3.0Fixed 60 60 297 198 58.05202425885492 26.428265527307648
1.8 3.2Fixed 60 60 286 177 84.31781440529025 26.4569722227629
1.8 3.4Fixed 60 60 300 163 58.93600364785427 28.19370502338954
1.8 3.6Fixed 60 60 296 183 83.3951405497365 23.174993629043172
1.8 3.8Fixed 60 60 294 151 51.67076922705664 22.122561671391566
1.8 4.0Fixed 60 60 297 153 56.372579838423924 22.14228476580171
1.8 4.2Fixed 60 60 299 153 66.87121827181367 24.543386824840468
1.8 4.4Fixed 60 60 299 137 67.7627071271672 22.111009035352783
1.8 4.6Fixed 60 60 304 154 79.40760870400511 23.071816017377902
1.8 4.8Fixed 60 60 294 126 85.92803743943162 22.996414247855817
1.8 5.0Fixed 60 60 291 126 75.23322601894397 23.30865619068551
1.8 5.2Fixed 60 60 302 109 67.95408708658543 18.456193244156825
1.8 5.4Fixed 60 60 288 110 59.68340938297534 20.809801219446797
1.8 5.6Fixed 60 60 300 103 70.28383085650601 16.08400838052749
1.8 5.8Fixed 60 60 295 107 83.35499038622943 22.975108821427785
1.8 6.0Fixed 60 60 303 116 47.456993856692854 20.601721033186507
1.8 6.2Fixed 60 60 294 115 56.70191215329454 18.130111171151416
1.8 6.4Fixed 60 60 293 98 76.76328542403328 19.015943392148642
1.8 6.6Fixed 60 60 300 75 92.78609733540478 23.047795277075103
1.8 6.8Fixed 60 60 297 92 43.85434155803872 17.055954405256966
1.8 7.0Fixed 60 60 300 77 79.69233673794874 17.565706407425463
1.8 7.2Fixed 60 60 300 85 77.23701059713015 21.5578814593029
1.8 7.4Fixed 60 60 300 73 82.11133933702602 22.898992050432106
1.8 7.6Fixed 60 60 292 81 51.63882250446404 21.64562424745339
1.8 7.8Fixed 60 60 297 84 82.27356570793114 18.011645274599086
1.8 8.0Fixed 60 60 295 75 56.36763031642036 19.346312744792325
1.8 8.2Fixed 60 60 291 74 68.22586701148334 19.01967806135835
1.8 8.4Fixed 60 60 301 64 60.027830672055636 22.381401879903677
1.8 8.6Fixed 60 60 298 86 37.0949362441028 17.723164815856443
1.8 8.8Fixed 60 60 297 66 67.69968533598531 26.014709898963307
1.8 9.0Fixed 60 60 303 59 35.94200619646008 19.642876461493493
1.8 9.2Fixed 60 60 292 73 60.137476866340094 19.158156396039548
1.8 9.4Fixed 60 60 288 61 71.8359493261118 20.683729810710144
1.8 9.6Fixed 60 60 296 62 95.43583067286148 22.35545546222465
1.8 9.8Fixed 60 60 300 72 62.76675770835818 20.01697570429692
1.8 10.0Fixed 60 60 305 61 68.95214486998431 15.690806456457441
2.0 0.2Fixed 60 60 293 285 44.93200677697257 301.1471805916834
2.0 0.4Fixed 60 60 293 285 50.668622940693545 271.6411995974178
2.0 0.6Fixed 60 60 284 285 27.50873282149397 240.58793906404222
2.0 0.8Fixed 60 60 298 285 44.12149804556017 222.8848895186768
2.0 1.0Fixed 60 60 286 285 45.08167165964133 191.11910155826482
2.0 1.2Fixed 60 60 297 285 36.59354314706147 168.3299601726366
2.0 1.4Fixed 60 60 288 285 47.531801239248104 128.10807285117883
2.0 1.6Fixed 60 60 277 285 32.05462937319836 110.59951015189719
2.0 1.8Fixed 60 60 289 283 50.951371623365006 73.74612574477416
2.0 2.0Fixed 60 60 296 285 49.53988515152089 51.227833259489735
2.0 2.2Fixed 60 60 289 262 49.2710148696707 31.292738978234468
2.0 2.4Fixed 60 60 292 247 50.93539345206651 31.207884986089365
2.0 2.6Fixed 60 60 283 223 63.03990086412958 29.476632311985664
2.0 2.8Fixed 60 60 309 222 62.502713608452844 31.929670676567156
2.0 3.0Fixed 60 60 291 200 45.393708750146914 20.940127300935366
2.0 3.2Fixed 60 60 286 183 27.96521460809598 25.236602567076183
2.0 3.4Fixed 60 60 288 194 72.63024849100864 28.58072976079959
2.0 3.6Fixed 60 60 299 154 50.96260677945785 23.376703265612637
2.0 3.8Fixed 60 60 279 148 34.50606908475524 23.125680567733745
2.0 4.0Fixed 60 60 301 150 82.68902066731602 26.56224396206236
2.0 4.2Fixed 60 60 297 176 56.076361417010354 25.93748013813538
2.0 4.4Fixed 60 60 287 140 32.62480571627391 26.880958928985137
2.0 4.6Fixed 60 60 301 146 36.80834753142003 19.984460738625547
2.0 4.8Fixed 60 60 295 120 40.405347318140855 21.09399073012113
2.0 5.0Fixed 60 60 283 119 59.32677037891097 24.644267738161517
2.0 5.2Fixed 60 60 281 118 37.8274075486742 21.21153474243223
2.0 5.4Fixed 60 60 285 116 50.118824141959465 18.326522544911032
2.0 5.6Fixed 60 60 278 92 38.2482984078001 17.920817680823827
2.0 5.8Fixed 60 60 293 93 46.85150206978354 23.99402453433639
2.0 6.0Fixed 60 60 289 104 60.64882572660389 17.719749680949544
2.0 6.2Fixed 60 60 299 100 39.611493104256255 25.28335831601148
2.0 6.4Fixed 60 60 298 108 37.342299509776026 22.466047853055183
2.0 6.6Fixed 60 60 297 105 30.733799594131938 20.207282476406952
2.0 6.8Fixed 60 60 286 93 57.512259097089526 17.67749571510779
2.0 7.0Fixed 60 60 288 97 44.733071429757466 18.005367947747033
2.0 7.2Fixed 60 60 292 81 50.018053674110064 18.04787095528037
2.0 7.4Fixed 60 60 294 96 37.716442623346076 26.101782003269594
2.0 7.6Fixed 60 60 293 89 45.91248702565543 21.978332407430923
2.0 7.8Fixed 60 60 292 74 49.69556756756204 17.866703711869
2.0 8.0Fixed 60 60 294 63 50.7962225200331 18.85821515825427
2.0 8.2Fixed 60 60 300 57 49.715107243105756 17.480433873789465
2.0 8.4Fixed 60 60 297 80 67.42194832418265 20.009356207994685
2.0 8.6Fixed 60 60 289 71 38.98029533691703 16.704415310740035
2.0 8.8Fixed 60 60 297 85 59.82579532160414 22.118645107946765
2.0 9.0Fixed 60 60 298 67 68.614424051592 16.765356171303836
2.0 9.2Fixed 60 60 303 67 46.83671580946642 21.372423893313556
2.0 9.4Fixed 60 60 299 51 75.25176319966556 14.270225615582943
2.0 9.6Fixed 60 60 297 53 37.94544810254203 24.21880839235359
2.0 9.8Fixed 60 60 299 51 56.93648275319105 17.91607603322528
2.0 10.0Fixed 60 60 291 50 59.73141410554777 13.663291979158606
2.2 0.2Fixed 60 60 278 285 39.2882804184901 301.79571564219015
2.2 0.4Fixed 60 60 248 285 30.772682024628843 275.7637301628824
2.2 0.6Fixed 60 60 286 285 40.97468401135406 251.4995472014971
2.2 0.8Fixed 60 60 279 285 36.59199826088012 224.78062333620753
2.2 1.0Fixed 60 60 278 285 36.061793287277716 185.57549866130176
2.2 1.2Fixed 60 60 250 285 29.105997920112173 159.04968121534668
2.2 1.4Fixed 60 60 270 285 28.49888406352144 138.3177040932598
2.2 1.6Fixed 60 60 289 285 34.89739849574326 102.59134883573648
2.2 1.8Fixed 60 60 292 285 29.328688156631085 56.89042224287591
2.2 2.0Fixed 60 60 287 279 41.226582703319295 37.78875532003615
2.2 2.2Fixed 60 60 285 281 32.889617901079504 39.766943164044825
2.2 2.4Fixed 60 60 273 259 35.17279069588577 33.39701452215728
2.2 2.6Fixed 60 60 251 226 25.831063683693728 25.33604630289344
2.2 2.8Fixed 60 60 292 202 37.79167600668762 26.07696149301957
2.2 3.0Fixed 60 60 268 218 36.073344673719525 29.54505693228302
2.2 3.2Fixed 60 60 246 179 25.671613081428738 26.54907765054364
2.2 3.4Fixed 60 60 277 160 33.081390053784155 24.49992559397969
2.2 3.6Fixed 60 60 272 158 27.10482577302095 22.460434071462963
2.2 3.8Fixed 60 60 253 150 26.59894110607238 24.396306569046963
2.2 4.0Fixed 60 60 275 155 30.445090174272053 25.773046398063553
2.2 4.2Fixed 60 60 292 134 37.29895311209882 22.118837741847102
2.2 4.4Fixed 60 60 280 139 36.17465395231761 22.788100179500276
2.2 4.6Fixed 60 60 278 110 30.31818615537553 26.02144691498448
2.2 4.8Fixed 60 60 280 136 41.88614532952158 23.800753109776245
2.2 5.0Fixed 60 60 279 130 31.762581729969437 20.99641598646915
2.2 5.2Fixed 60 60 287 120 38.349246994590615 19.529929887822085
2.2 5.4Fixed 60 60 299 115 50.12542734647477 19.05221785371208
2.2 5.6Fixed 60 60 285 112 35.132303946995656 20.963763466473292
2.2 5.8Fixed 60 60 246 103 25.730896763085568 17.756113120740316
2.2 6.0Fixed 60 60 275 104 29.87852514840066 20.641833022002725
2.2 6.2Fixed 60 60 255 106 25.085982427703804 22.022117653635412
2.2 6.4Fixed 60 60 271 96 37.17537790114935 18.54667900295207
2.2 6.6Fixed 60 60 273 97 33.00656089285645 15.215783636692224
2.2 6.8Fixed 60 60 271 82 26.724083865526858 23.611063807139697
2.2 7.0Fixed 60 60 291 90 38.46887115667668 19.885993509562773
2.2 7.2Fixed 60 60 286 86 37.69752223254875 22.468935486902378
2.2 7.4Fixed 60 60 254 79 27.71703904758459 21.00909568675817
2.2 7.6Fixed 60 60 287 77 41.13896510207851 18.986044318533246
2.2 7.8Fixed 60 60 291 80 39.298466563997735 17.38827113240611
2.2 8.0Fixed 60 60 273 59 25.972441879998325 24.40817255893679
2.2 8.2Fixed 60 60 254 69 31.89018407202796 17.18876542371271
2.2 8.4Fixed 60 60 287 69 35.442012231456275 19.183590511730294
2.2 8.6Fixed 60 60 270 70 26.54026987906819 20.038573938947273
2.2 8.8Fixed 60 60 299 75 42.393467054743404 22.798772659826433
2.2 9.0Fixed 60 60 300 80 33.76531407789584 18.064063638098823
2.2 9.2Fixed 60 60 294 57 66.71390252171479 25.399403192852127
2.2 9.4Fixed 60 60 270 71 31.848031841372404 20.378018048842403
2.2 9.6Fixed 60 60 264 68 29.778653933666114 20.16368357612964
2.2 9.8Fixed 60 60 307 55 51.064350778769345 22.881061234413316
2.2 10.0Fixed 60 60 266 68 30.508051460600285 18.43344556999099
2.4 0.2Fixed 60 60 253 285 26.135528250468848 303.5211925826088
2.4 0.4Fixed 60 60 271 285 33.86610706330399 276.2521884138032
2.4 0.6Fixed 60 60 271 285 32.99737536654085 247.30778809495172
2.4 0.8Fixed 60 60 266 285 26.123526604524187 213.56499718765866
2.4 1.0Fixed 60 60 280 285 32.71116054031792 194.7614211850714
2.4 1.2Fixed 60 60 246 285 22.388986048075466 170.32147840077516
2.4 1.4Fixed 60 60 250 285 28.367933705332383 129.22301028906443
2.4 1.6Fixed 60 60 275 285 29.222431795260423 118.796455283349
2.4 1.8Fixed 60 60 262 285 35.7595898093369 62.7278820704922
2.4 2.0Fixed 60 60 287 271 32.24942498065629 34.04490970886523
2.4 2.2Fixed 60 60 265 281 31.32685169135201 40.7548997360218
2.4 2.4Fixed 60 60 274 268 36.76005156305906 29.34560525929878
2.4 2.6Fixed 60 60 279 221 31.710975274700665 27.37024731086947
2.4 2.8Fixed 60 60 254 214 30.91061145013461 28.08651167445778
2.4 3.0Fixed 60 60 267 199 26.523864183516103 29.770960040584903
2.4 3.2Fixed 60 60 235 213 25.823684688794764 25.15747688906271
2.4 3.4Fixed 60 60 248 193 24.635748651096943 28.7936221070533
2.4 3.6Fixed 60 60 255 163 27.75262215247451 23.262756555806998
2.4 3.8Fixed 60 60 266 150 30.71959239630866 23.624399736645405
2.4 4.0Fixed 60 60 271 158 32.399309754970304 20.983568892467947
2.4 4.2Fixed 60 60 262 141 31.70131329745533 26.343917779341623
2.4 4.4Fixed 60 60 274 143 28.22571705185812 20.736415633695497
2.4 4.6Fixed 60 60 261 124 28.608568642214173 24.12334364525
2.4 4.8Fixed 60 60 238 118 25.25995742056866 20.362472755525115
2.4 5.0Fixed 60 60 264 139 32.113130604218995 24.24117400802701
2.4 5.2Fixed 60 60 256 118 26.05580438164038 21.069808358320447
2.4 5.4Fixed 60 60 266 108 29.375713601084886 22.310638514761674
2.4 5.6Fixed 60 60 268 86 31.961761492646588 21.164309194621115
2.4 5.8Fixed 60 60 247 121 30.030551739324164 23.32984806646277
2.4 6.0Fixed 60 60 273 109 31.207679739156646 21.153276774661816
2.4 6.2Fixed 60 60 262 109 32.75289805878018 20.049362091962937
2.4 6.4Fixed 60 60 256 103 24.115319262812324 24.257568667009636
2.4 6.6Fixed 60 60 258 78 29.025476309642237 15.324409359292048
2.4 6.8Fixed 60 60 247 101 32.95931543416853 19.554420324674055
2.4 7.0Fixed 60 60 262 89 36.33095216279633 24.24041945059897
2.4 7.2Fixed 60 60 249 89 32.209690482382285 17.6107148065713
2.4 7.4Fixed 60 60 225 91 30.34818495137783 20.527624853157814
2.4 7.6Fixed 60 60 262 95 29.03479888095473 22.078315219869513
2.4 7.8Fixed 60 60 248 90 24.693895806144305 20.296537257895626
2.4 8.0Fixed 60 60 273 90 34.40305536671388 20.64226211427182
2.4 8.2Fixed 60 60 253 87 29.974201096460234 23.281440343973845
2.4 8.4Fixed 60 60 256 75 28.921971980430484 23.464596130461214
2.4 8.6Fixed 60 60 263 72 25.180931233083957 22.600999134107315
2.4 8.8Fixed 60 60 245 55 25.315102567378407 22.607171319320663
2.4 9.0Fixed 60 60 236 68 27.97755861443801 19.065194218498096
2.4 9.2Fixed 60 60 240 64 25.16928525568029 22.01481750744511
2.4 9.4Fixed 60 60 287 58 59.889789229631795 18.092508826010807
2.4 9.6Fixed 60 60 250 59 25.3956496370747 14.471211646106662
2.4 9.8Fixed 60 60 263 49 31.06507137964425 17.168701373165632
2.4 10.0Fixed 60 60 238 84 26.699017368424236 20.990228145208075
2.6 0.2Fixed 60 60 237 285 26.765034179876174 303.130534965843
2.6 0.4Fixed 60 60 232 285 23.813361660121586 278.2720568564919
2.6 0.6Fixed 60 60 262 285 29.126114689533694 241.16061823274788
2.6 0.8Fixed 60 60 245 285 30.03635437610267 197.27983630818184
2.6 1.0Fixed 60 60 247 285 28.146094226798233 194.78358595553917
2.6 1.2Fixed 60 60 226 285 29.59170692182862 152.8432767675242
2.6 1.4Fixed 60 60 262 285 28.758248398686973 110.8511726222037
2.6 1.6Fixed 60 60 261 285 28.2017132615013 78.51778820636622
2.6 1.8Fixed 60 60 228 285 25.1387193099104 82.60589368258292
2.6 2.0Fixed 60 60 256 274 28.07673217222526 31.960319315772256
2.6 2.2Fixed 60 60 234 274 25.92399872721998 39.32290140220762
2.6 2.4Fixed 60 60 235 228 24.94731116038011 29.42431622199591
2.6 2.6Fixed 60 60 251 237 30.73140758990164 37.39392322834473
2.6 2.8Fixed 60 60 270 201 29.932158699953398 23.63313336967924
2.6 3.0Fixed 60 60 252 206 33.04091068668434 26.3988757384356
2.6 3.2Fixed 60 60 233 173 22.34339062155743 25.557129617862117
2.6 3.4Fixed 60 60 249 172 27.029686600495364 25.059737433236034
2.6 3.6Fixed 60 60 229 164 25.024109084348954 16.897397559398264
2.6 3.8Fixed 60 60 237 189 24.259941411074543 24.508689927217016
2.6 4.0Fixed 60 60 255 150 26.04942771851326 19.144962149957244
2.6 4.2Fixed 60 60 248 149 28.437195050517953 26.553233021262812
2.6 4.4Fixed 60 60 280 101 33.51410581395421 19.90957173176752
2.6 4.6Fixed 60 60 244 132 23.820748842835197 23.974006713168905
2.6 4.8Fixed 60 60 236 138 25.03500751089276 26.839218481489336
2.6 5.0Fixed 60 60 248 128 23.131713672385025 26.0111936958793
2.6 5.2Fixed 60 60 251 110 28.29012621453961 23.01706163654965
2.6 5.4Fixed 60 60 268 110 34.40917710289805 22.489557330830948
2.6 5.6Fixed 60 60 246 109 28.681443123364144 22.242063408636763
2.6 5.8Fixed 60 60 273 109 28.69459374697686 19.036231617289925
2.6 6.0Fixed 60 60 229 129 25.673021753132772 22.04259199833843
2.6 6.2Fixed 60 60 271 108 28.62245858975073 21.68485301975812
2.6 6.4Fixed 60 60 241 102 28.56618564755685 22.171902439302357
2.6 6.6Fixed 60 60 259 82 25.791288729652347 22.05361220065325
2.6 6.8Fixed 60 60 262 75 32.17183391651038 18.917052263177453
2.6 7.0Fixed 60 60 268 78 29.989030930831262 24.324315023973952
2.6 7.2Fixed 60 60 241 84 24.45280955057434 20.095342064624
2.6 7.4Fixed 60 60 213 79 23.873903340358375 21.42423622979508
2.6 7.6Fixed 60 60 233 81 28.73933118209606 18.828244074292787
2.6 7.8Fixed 60 60 242 79 25.429439087276954 20.95297208049752
2.6 8.0Fixed 60 60 243 80 29.147366936717468 18.671197258384154
2.6 8.2Fixed 60 60 261 79 24.24975129047976 17.392349646458715
2.6 8.4Fixed 60 60 252 83 27.637180838913757 18.896554000508207
2.6 8.6Fixed 60 60 229 76 27.24157498367731 21.102799288871527
2.6 8.8Fixed 60 60 229 56 27.371699130183924 23.92643699685326
2.6 9.0Fixed 60 60 209 69 26.718150081554725 24.181434251533364
2.6 9.2Fixed 60 60 241 61 22.906531751662538 22.223375206606782
2.6 9.4Fixed 60 60 257 51 27.034035204803175 19.864797435180545
2.6 9.6Fixed 60 60 243 73 27.932938198959018 20.593213373006467
2.6 9.8Fixed 60 60 245 54 26.532938490656196 21.078776675777412
2.6 10.0Fixed 60 60 245 58 23.814984455715628 18.962293199044563
2.8 0.2Fixed 60 60 218 285 27.329265877839564 304.02651354823877
2.8 0.4Fixed 60 60 243 285 27.737400673432983 276.328535946888
2.8 0.6Fixed 60 60 232 285 24.80105649339702 246.3102377201555
2.8 0.8Fixed 60 60 210 285 27.49521376813434 220.27580847738082
2.8 1.0Fixed 60 60 251 285 23.75235279556497 200.55700687095745
2.8 1.2Fixed 60 60 266 285 27.249088219218937 166.76756805134877
2.8 1.4Fixed 60 60 227 285 25.023696941450154 148.8995964583464
2.8 1.6Fixed 60 60 247 285 31.12520300522192 100.70625852238442
2.8 1.8Fixed 60 60 224 285 25.343341297271735 69.16970098347412
2.8 2.0Fixed 60 60 232 285 26.176859846673263 45.51297244095983
2.8 2.2Fixed 60 60 211 260 28.301094511332323 29.7812203590415
2.8 2.4Fixed 60 60 232 249 23.815857442080173 33.05305777043536
2.8 2.6Fixed 60 60 242 218 28.621123293320498 30.73838487103256
2.8 2.8Fixed 60 60 243 206 25.755006860533832 25.479076496539452
2.8 3.0Fixed 60 60 229 196 27.72220752430861 28.42518300581244
2.8 3.2Fixed 60 60 243 175 24.5542282020896 24.627289784040293
2.8 3.4Fixed 60 60 220 177 30.302444236178196 28.289934756689853
2.8 3.6Fixed 60 60 233 167 25.494156149188175 24.14099155543904
2.8 3.8Fixed 60 60 201 170 23.92035061681017 24.602186419088813
2.8 4.0Fixed 60 60 213 167 24.02136973721364 22.781456123397923
2.8 4.2Fixed 60 60 224 144 22.50667787660377 21.532236322763676
2.8 4.4Fixed 60 60 223 164 27.442202605431884 19.563172904876502
2.8 4.6Fixed 60 60 234 131 25.02932526440444 22.473207641095264
2.8 4.8Fixed 60 60 232 128 25.37650851245584 21.268513920536442
2.8 5.0Fixed 60 60 210 130 25.656616180717634 22.391283215228782
2.8 5.2Fixed 60 60 241 116 28.39862219000311 17.97400481412472
2.8 5.4Fixed 60 60 217 113 25.876944202594217 20.963855341944086
2.8 5.6Fixed 60 60 217 97 28.540282352129143 19.771576428527773
2.8 5.8Fixed 60 60 218 102 23.78312366579832 23.527898821540298
2.8 6.0Fixed 60 60 227 110 26.204878134477333 24.044286724270247
2.8 6.2Fixed 60 60 222 89 26.43805761948042 21.81511508488634
2.8 6.4Fixed 60 60 231 83 25.922013707891615 16.83824460943128
2.8 6.6Fixed 60 60 218 80 25.085322312270744 21.826121378499654
2.8 6.8Fixed 60 60 212 89 28.69558305858068 25.34947846019599
2.8 7.0Fixed 60 60 223 83 26.804008701434405 21.78859951402965
2.8 7.2Fixed 60 60 255 84 27.46383687545289 23.914938868992046
2.8 7.4Fixed 60 60 254 94 24.701670229925334 21.82674625943046
2.8 7.6Fixed 60 60 218 80 23.055678659947734 20.28501067254961
2.8 7.8Fixed 60 60 236 79 24.280903062461174 18.357567714439913
2.8 8.0Fixed 60 60 226 87 23.54107001433408 22.046325659140923
2.8 8.2Fixed 60 60 204 62 20.815115538258024 26.6073147479507
2.8 8.4Fixed 60 60 215 72 21.812153278395833 21.767869110371265
2.8 8.6Fixed 60 60 243 69 27.28285471187862 18.464679102140845
2.8 8.8Fixed 60 60 269 78 30.900969579747155 15.744756084407387
2.8 9.0Fixed 60 60 226 69 24.456518279370652 17.7975561516196
2.8 9.2Fixed 60 60 238 67 25.21691480333228 21.015479567148798
2.8 9.4Fixed 60 60 221 66 23.04482834054025 19.601705191959176
2.8 9.6Fixed 60 60 235 61 21.528890234768387 22.41550056349256
2.8 9.8Fixed 60 60 226 66 23.468394094610655 16.212613288687457
2.8 10.0Fixed 60 60 237 62 22.96607346377249 24.0508754926726
3.0 0.2Fixed 60 60 221 285 26.957485281034657 301.43572608072384
3.0 0.4Fixed 60 60 216 285 21.793409531303112 269.9284166262986
3.0 0.6Fixed 60 60 210 285 26.581050231813897 237.3924261521337
3.0 0.8Fixed 60 60 208 285 24.89414250502913 209.75579840516352
3.0 1.0Fixed 60 60 186 285 21.62550162123563 189.16635389064777
3.0 1.2Fixed 60 60 217 285 23.644045749911033 173.18558864444367
3.0 1.4Fixed 60 60 232 285 25.727933285879672 126.26456921343518
3.0 1.6Fixed 60 60 204 285 23.408031900022753 76.19033245028787
3.0 1.8Fixed 60 60 230 285 26.14338230088689 56.88802434030114
3.0 2.0Fixed 60 60 214 283 24.9434169641314 67.49089791537085
3.0 2.2Fixed 60 60 203 280 26.027513638759967 36.76735741500618
3.0 2.4Fixed 60 60 218 267 21.363096191697156 36.21830509737306
3.0 2.6Fixed 60 60 215 223 25.061894776423422 25.912748345076253
3.0 2.8Fixed 60 60 209 211 23.409829311124177 27.08029287910474
3.0 3.0Fixed 60 60 209 209 25.859232662459288 27.437497767272582
3.0 3.2Fixed 60 60 228 175 28.61092095196457 27.55727264555772
3.0 3.4Fixed 60 60 205 175 25.240361992941835 24.538782247942795
3.0 3.6Fixed 60 60 207 167 21.184854586628237 27.501497510216037
3.0 3.8Fixed 60 60 221 162 19.681028868737073 25.304717807707693
3.0 4.0Fixed 60 60 201 149 23.202933167427425 20.596582466252446
3.0 4.2Fixed 60 60 211 137 22.88739084743472 23.834692942037613
3.0 4.4Fixed 60 60 194 143 18.977482787809713 26.59854826137731
3.0 4.6Fixed 60 60 207 136 27.48633425380952 25.180202010023102
3.0 4.8Fixed 60 60 209 118 21.257743210039777 21.427351279510678
3.0 5.0Fixed 60 60 184 127 22.835566576142124 23.84821332944529
3.0 5.2Fixed 60 60 239 120 23.13161386454481 27.301225811898373
3.0 5.4Fixed 60 60 197 99 25.889760522552667 16.087775040381484
3.0 5.6Fixed 60 60 202 109 23.262612779304977 22.49660877097926
3.0 5.8Fixed 60 60 192 97 22.217063189962996 22.261791809059073
3.0 6.0Fixed 60 60 228 84 27.417809362380908 20.73404491979196
3.0 6.2Fixed 60 60 186 86 23.940900685533947 19.094556569077856
3.0 6.4Fixed 60 60 203 95 22.917382783824337 22.97942750922711
3.0 6.6Fixed 60 60 218 100 23.749823239225115 18.927161228567247
3.0 6.8Fixed 60 60 213 85 22.961056032966475 24.433172137066524
3.0 7.0Fixed 60 60 188 94 21.328115424686604 23.091802831678642
3.0 7.2Fixed 60 60 227 77 24.434441857154702 18.280732939584077
3.0 7.4Fixed 60 60 214 93 24.927924908041824 19.032497920842395
3.0 7.6Fixed 60 60 208 79 23.080417040113524 18.367422004729868
3.0 7.8Fixed 60 60 207 77 20.324881102109362 21.66402592064085
3.0 8.0Fixed 60 60 206 79 26.242135622318436 23.91802948072628
3.0 8.2Fixed 60 60 194 82 24.134031117922003 20.251462460599964
3.0 8.4Fixed 60 60 196 84 24.99675827493253 22.075927569952892
3.0 8.6Fixed 60 60 225 83 25.74282378500814 17.434051251327336
3.0 8.8Fixed 60 60 215 72 24.353879285769725 20.181883274084587
3.0 9.0Fixed 60 60 205 74 24.54104518649292 21.021721278763902
3.0 9.2Fixed 60 60 208 57 25.260045632034235 20.285288429200047
3.0 9.4Fixed 60 60 200 65 28.81619224321574 20.146998488878975
3.0 9.6Fixed 60 60 193 61 23.268829086331507 18.63065890706402
3.0 9.8Fixed 60 60 210 59 23.69779367212028 18.979676821715525
3.0 10.0Fixed 60 60 188 64 21.94395809459843 22.92752298946494
3.2 0.2Fixed 60 60 201 285 20.016700379981827 299.6443491035731
3.2 0.4Fixed 60 60 203 285 24.214032227197883 275.6907960943093
3.2 0.6Fixed 60 60 215 285 22.68538072831445 247.47584040427137
3.2 0.8Fixed 60 60 186 285 22.699865386397462 213.3904991559946
3.2 1.0Fixed 60 60 177 285 22.093214864210932 172.59934114404882
3.2 1.2Fixed 60 60 195 285 26.638338143942402 136.05708908512756
3.2 1.4Fixed 60 60 201 285 23.978609708092495 103.59008434224891
3.2 1.6Fixed 60 60 194 285 26.768500480947502 94.22469310894009
3.2 1.8Fixed 60 60 193 285 19.75613519475163 59.53046310065266
3.2 2.0Fixed 60 60 222 277 23.36624099870513 41.73514134167744
3.2 2.2Fixed 60 60 209 285 25.46032064241167 48.291422840721474
3.2 2.4Fixed 60 60 198 243 25.667740315603027 25.868826455642125
3.2 2.6Fixed 60 60 193 240 24.170627836320044 28.689724108285606
3.2 2.8Fixed 60 60 214 223 24.382212519600934 29.42087445635344
3.2 3.0Fixed 60 60 179 205 20.100490343042527 22.57055808268289
3.2 3.2Fixed 60 60 216 202 25.146860431631655 23.343384927830375
3.2 3.4Fixed 60 60 184 219 20.357748362133723 29.39845718972573
3.2 3.6Fixed 60 60 207 172 26.681441592459223 22.549132142832246
3.2 3.8Fixed 60 60 216 164 23.819669177927867 22.78635469629599
3.2 4.0Fixed 60 60 190 140 24.643262012201262 19.51852533478664
3.2 4.2Fixed 60 60 190 145 22.955594527254558 21.15575686243829
3.2 4.4Fixed 60 60 175 126 18.14399854483379 21.87870754098069
3.2 4.6Fixed 60 60 178 123 22.331397368855868 21.022498755413817
3.2 4.8Fixed 60 60 201 113 26.60028023126223 19.690132612738736
3.2 5.0Fixed 60 60 187 116 22.060003197646566 16.34349254576102
3.2 5.2Fixed 60 60 218 108 23.716130209372366 27.805352815925623
3.2 5.4Fixed 60 60 197 113 24.1958810421908 19.521600103204836
3.2 5.6Fixed 60 60 206 110 23.105754486690596 22.12291972072315
3.2 5.8Fixed 60 60 186 105 22.757297920809393 19.795483351941524
3.2 6.0Fixed 60 60 208 94 20.78268390505316 18.536410784426128
3.2 6.2Fixed 60 60 208 98 24.171037447299245 23.144834596346932
3.2 6.4Fixed 60 60 208 101 26.48733727510967 25.702381227254946
3.2 6.6Fixed 60 60 218 106 25.166050807390015 21.54496777596277
3.2 6.8Fixed 60 60 214 78 22.725138918448394 18.50345884357664
3.2 7.0Fixed 60 60 236 88 25.16053920496373 19.70263118842661
3.2 7.2Fixed 60 60 206 87 23.949449682324655 16.542999364617426
3.2 7.4Fixed 60 60 196 71 23.70852413575529 17.59815848174256
3.2 7.6Fixed 60 60 192 97 20.093598897403474 20.635785148251497
3.2 7.8Fixed 60 60 223 89 22.572844025106384 23.359126558179607
3.2 8.0Fixed 60 60 211 76 22.610977525769965 20.01945549347886
3.2 8.2Fixed 60 60 203 64 24.180325207540267 15.69492107064512
3.2 8.4Fixed 60 60 225 73 24.067307395204974 21.006759048323346
3.2 8.6Fixed 60 60 217 68 23.528427938384215 20.670990698663044
3.2 8.8Fixed 60 60 203 89 22.83466951691693 26.100024402665483
3.2 9.0Fixed 60 60 198 75 23.871807633695067 23.505556304399388
3.2 9.2Fixed 60 60 215 74 28.235020870371375 19.238160753289304
3.2 9.4Fixed 60 60 200 54 21.823950387040778 15.890839632491227
3.2 9.6Fixed 60 60 208 49 28.056249268560865 18.806647645295755
3.2 9.8Fixed 60 60 208 69 23.357698951080067 19.52557429758461
3.2 10.0Fixed 60 60 219 67 26.331846796688822 18.908117047127927
3.4 0.2Fixed 60 60 190 285 21.92317442077078 301.09992787571366
3.4 0.4Fixed 60 60 187 285 21.60300058797772 277.2916628681068
3.4 0.6Fixed 60 60 177 285 24.736230014325436 245.18571668079198
3.4 0.8Fixed 60 60 200 285 24.09566145042515 203.70955582899097
3.4 1.0Fixed 60 60 180 285 20.920138508737907 199.92209673257452
3.4 1.2Fixed 60 60 185 285 22.320061348553367 165.86895372636516
3.4 1.4Fixed 60 60 192 285 23.649229257621048 147.92964986355366
3.4 1.6Fixed 60 60 187 285 23.676399752074506 102.8109759188267
3.4 1.8Fixed 60 60 186 285 23.911537901217976 89.21241949638349
3.4 2.0Fixed 60 60 204 281 23.203509032870567 37.562638656814876
3.4 2.2Fixed 60 60 208 269 19.09478962081979 37.80897932649518
3.4 2.4Fixed 60 60 191 238 27.779166279788967 26.78719815590973
3.4 2.6Fixed 60 60 172 247 22.070807447695067 32.69343296798969
3.4 2.8Fixed 60 60 210 207 26.55342604836676 25.676952048293114
3.4 3.0Fixed 60 60 187 192 20.938576784318784 29.31693275130147
3.4 3.2Fixed 60 60 210 195 24.368777303292497 28.02579857097731
3.4 3.4Fixed 60 60 169 191 23.912599586832734 20.613565760851955
3.4 3.6Fixed 60 60 183 145 21.548873736733135 20.02293836727545
3.4 3.8Fixed 60 60 183 156 27.48584437466912 24.36082864781517
3.4 4.0Fixed 60 60 200 161 21.643025158213007 21.73491677758253
3.4 4.2Fixed 60 60 168 145 21.93947025540897 21.432219688937497
3.4 4.4Fixed 60 60 176 137 21.721268196121812 23.48143215044287
3.4 4.6Fixed 60 60 180 135 25.345772895763467 22.33246959773135
3.4 4.8Fixed 60 60 182 103 22.49244940364722 16.249978609987554
3.4 5.0Fixed 60 60 182 113 20.551894544245126 24.965838798129475
3.4 5.2Fixed 60 60 181 120 22.374330318868026 20.202179635371785
3.4 5.4Fixed 60 60 187 121 21.471560765328963 23.00057852713521
3.4 5.6Fixed 60 60 177 100 18.585062249613994 18.06519900304587
3.4 5.8Fixed 60 60 201 102 20.26473051169604 23.110610495932026
3.4 6.0Fixed 60 60 181 96 26.83841244701018 20.28709791640868
3.4 6.2Fixed 60 60 198 89 21.860586432028317 17.040951700205962
3.4 6.4Fixed 60 60 171 97 21.208146164048987 23.098775478109374
3.4 6.6Fixed 60 60 196 92 25.92356732627234 20.162999611056524
3.4 6.8Fixed 60 60 173 80 20.8339922233644 21.72986301941152
3.4 7.0Fixed 60 60 154 81 19.715080516327177 17.728520403080697
3.4 7.2Fixed 60 60 181 75 23.935878054956216 16.495534480450118
3.4 7.4Fixed 60 60 222 73 27.30770070818736 20.445727616930146
3.4 7.6Fixed 60 60 190 79 23.738290151260077 20.10416297649325
3.4 7.8Fixed 60 60 180 64 21.194110904662562 23.255294140202324
3.4 8.0Fixed 60 60 189 92 24.38210460473291 21.07873267118863
3.4 8.2Fixed 60 60 186 75 21.731660288662376 19.14454815559511
3.4 8.4Fixed 60 60 187 68 20.632931353525393 21.09845556194008
3.4 8.6Fixed 60 60 176 73 23.64152788058707 22.69777279144835
3.4 8.8Fixed 60 60 185 69 23.556985666146865 22.391317591968768
3.4 9.0Fixed 60 60 178 63 25.327349898861883 19.846958952608524
3.4 9.2Fixed 60 60 181 61 22.521700795620035 21.330275453187944
3.4 9.4Fixed 60 60 202 66 22.429344491383134 19.85840485947147
3.4 9.6Fixed 60 60 176 67 26.83749879252961 20.933907983071126
3.4 9.8Fixed 60 60 187 67 24.564054577637798 17.09152184705271
3.4 10.0Fixed 60 60 190 67 20.93372107330842 24.516025007468755
3.6 0.2Fixed 60 60 186 285 22.504355605732666 302.06808670698837
3.6 0.4Fixed 60 60 183 285 20.296635906396055 270.5241341063698
3.6 0.6Fixed 60 60 153 285 25.530788721693128 253.97523329687195
3.6 0.8Fixed 60 60 178 285 25.21205309367065 219.27151745499876
3.6 1.0Fixed 60 60 214 285 24.762240709778673 165.4750580853766
3.6 1.2Fixed 60 60 157 285 20.59958904207664 135.12094023374905
3.6 1.4Fixed 60 60 177 285 24.741018012533864 139.84013198049902
3.6 1.6Fixed 60 60 197 285 25.488144342412788 110.75974323899466
3.6 1.8Fixed 60 60 159 285 20.478142507980166 86.11247276739154
3.6 2.0Fixed 60 60 165 275 21.197894143124916 44.47384177588951
3.6 2.2Fixed 60 60 175 258 20.917684114038913 30.634529141091825
3.6 2.4Fixed 60 60 178 230 20.740368707260664 30.11821348333359
3.6 2.6Fixed 60 60 189 244 20.737597600253434 30.635297068522043
3.6 2.8Fixed 60 60 182 235 20.170171931272087 26.13285195878
3.6 3.0Fixed 60 60 195 210 21.30029826115797 30.475022091402987
3.6 3.2Fixed 60 60 206 175 22.971354644239742 26.37257992321622
3.6 3.4Fixed 60 60 207 180 26.187750627202927 27.421933235576713
3.6 3.6Fixed 60 60 149 170 22.452091102387453 21.18255999145286
3.6 3.8Fixed 60 60 165 145 19.778418644508275 28.146510053031168
3.6 4.0Fixed 60 60 157 138 18.897132725069508 23.256701568370598
3.6 4.2Fixed 60 60 170 146 19.720824567602854 27.2955642336255
3.6 4.4Fixed 60 60 171 165 18.28106188221012 25.877991051307685
3.6 4.6Fixed 60 60 175 153 21.170349524501553 21.601618946789756
3.6 4.8Fixed 60 60 170 107 24.078925785180097 20.902565513958788
3.6 5.0Fixed 60 60 182 122 23.643565453259296 23.49928982812061
3.6 5.2Fixed 60 60 186 140 23.513719782222573 24.869285976129973
3.6 5.4Fixed 60 60 170 116 22.635122201672395 22.23565657276246
3.6 5.6Fixed 60 60 189 102 19.11822257406343 20.32761952105606
3.6 5.8Fixed 60 60 165 124 22.43159072425916 16.976028597952816
3.6 6.0Fixed 60 60 173 119 20.99579240749906 18.105235437338248
3.6 6.2Fixed 60 60 188 97 24.772882756929647 22.692731369306166
3.6 6.4Fixed 60 60 183 102 23.808557812644576 22.74859604585721
3.6 6.6Fixed 60 60 187 104 21.50926447512968 16.508387746094765
3.6 6.8Fixed 60 60 185 99 23.424335703739455 19.48040681084505
3.6 7.0Fixed 60 60 172 89 23.45972440806195 18.495048644724353
3.6 7.2Fixed 60 60 175 103 23.579823749747614 25.115743668347537
3.6 7.4Fixed 60 60 161 89 21.253382581008186 21.7777401765502
3.6 7.6Fixed 60 60 174 80 22.21171392387612 22.02938314599339
3.6 7.8Fixed 60 60 181 90 19.00032543154356 24.090871193002222
3.6 8.0Fixed 60 60 190 84 23.48957392684243 24.883043629345686
3.6 8.2Fixed 60 60 150 78 20.464135562628716 23.26953992622046
3.6 8.4Fixed 60 60 189 57 18.812010658268818 17.527163378058685
3.6 8.6Fixed 60 60 182 80 18.550968839328625 23.720500910003278
3.6 8.8Fixed 60 60 190 58 21.715664543299727 22.74457489290972
3.6 9.0Fixed 60 60 197 78 21.97103605682101 15.740476275546586
3.6 9.2Fixed 60 60 190 64 20.70976535174294 22.88358809394775
3.6 9.4Fixed 60 60 177 51 21.906556629694354 13.791527847365588
3.6 9.6Fixed 60 60 181 65 22.77065492314085 19.06965344556922
3.6 9.8Fixed 60 60 187 56 25.333969737969813 20.4291319265416
3.6 10.0Fixed 60 60 190 48 26.194955688748518 16.965335030815442
3.8 0.2Fixed 60 60 157 285 23.298913121681185 299.35432913429986
3.8 0.4Fixed 60 60 178 285 21.09157546326246 277.6679424315347
3.8 0.6Fixed 60 60 160 285 22.1633609793029 257.2959572788918
3.8 0.8Fixed 60 60 163 285 23.079566371105212 212.63352147969692
3.8 1.0Fixed 60 60 163 285 23.53990549279415 198.53879813474953
3.8 1.2Fixed 60 60 150 285 18.389191445793553 172.08129886905596
3.8 1.4Fixed 60 60 152 285 21.889961726174928 134.2276388392668
3.8 1.6Fixed 60 60 180 285 22.720849541423075 116.09748230828014
3.8 1.8Fixed 60 60 191 285 22.34048338114199 75.08553387185955
3.8 2.0Fixed 60 60 148 285 21.948993543477684 78.40456342852134
3.8 2.2Fixed 60 60 160 266 20.725730296298792 31.944302219614464
3.8 2.4Fixed 60 60 178 256 23.518193567245756 30.169450163544433
3.8 2.6Fixed 60 60 184 206 25.462754414361708 26.303430435838184
3.8 2.8Fixed 60 60 157 213 21.669585110173 26.97384936403213
3.8 3.0Fixed 60 60 188 207 22.08145557961877 26.047172509435274
3.8 3.2Fixed 60 60 184 209 23.26421470724655 25.94026725055707
3.8 3.4Fixed 60 60 163 164 18.65301450955222 23.803501480253736
3.8 3.6Fixed 60 60 145 164 24.263099237774178 25.18948189190441
3.8 3.8Fixed 60 60 177 150 19.479586615220384 22.878725227845784
3.8 4.0Fixed 60 60 179 164 23.821150141756206 24.958493750078542
3.8 4.2Fixed 60 60 168 159 21.54235815501442 22.974947562372005
3.8 4.4Fixed 60 60 160 117 24.635757819665052 22.99894772996261
3.8 4.6Fixed 60 60 131 134 17.887443897609433 20.219479306414677
3.8 4.8Fixed 60 60 169 131 19.58284106605451 24.107112754186716
3.8 5.0Fixed 60 60 161 121 20.031400248321418 24.008972092963525
3.8 5.2Fixed 60 60 179 102 23.335749331988495 23.36357175443443
3.8 5.4Fixed 60 60 139 107 23.37708682082818 20.06157579578087
3.8 5.6Fixed 60 60 190 106 23.303565939496224 20.139123141733677
3.8 5.8Fixed 60 60 185 115 23.561771623719352 27.183550668500565
3.8 6.0Fixed 60 60 172 108 22.454526302801288 22.528812019177852
3.8 6.2Fixed 60 60 190 85 21.780356100326006 23.553212530723854
3.8 6.4Fixed 60 60 170 98 25.274892052171403 22.12232224652962
3.8 6.6Fixed 60 60 181 85 21.710304607490563 24.312437111941847
3.8 6.8Fixed 60 60 162 98 20.77547125990384 22.16936521128356
3.8 7.0Fixed 60 60 163 84 21.237176181497457 20.819087067302338
3.8 7.2Fixed 60 60 180 85 18.996459546275858 23.35313264067768
3.8 7.4Fixed 60 60 165 84 19.67052519148991 18.09934339818612
3.8 7.6Fixed 60 60 175 86 22.44716974463724 18.708369744026978
3.8 7.8Fixed 60 60 171 74 22.477416055675395 21.395226128427783
3.8 8.0Fixed 60 60 169 62 19.30164634727116 27.016270184960288
3.8 8.2Fixed 60 60 156 82 16.25949905300269 19.176170593065404
3.8 8.4Fixed 60 60 172 72 21.160245520076337 25.159350882117973
3.8 8.6Fixed 60 60 155 84 21.93568735815034 23.665298169446487
3.8 8.8Fixed 60 60 178 56 20.942958778035038 18.007097841057202
3.8 9.0Fixed 60 60 181 72 21.352735841301914 21.024995804976427
3.8 9.2Fixed 60 60 183 62 25.220669980721606 18.92209619574742
3.8 9.4Fixed 60 60 175 78 25.02605264698816 15.609746309185539
3.8 9.6Fixed 60 60 179 57 21.68672126241178 21.46081489144634
3.8 9.8Fixed 60 60 168 62 22.552135423384094 19.626420040349807
3.8 10.0Fixed 60 60 160 65 22.176287198663836 19.544556904900464
4.0 0.2Fixed 60 60 147 285 20.325529638200912 298.35684836185305
4.0 0.4Fixed 60 60 154 285 22.06268852103517 276.083467004528
4.0 0.6Fixed 60 60 180 285 24.061200533548096 245.38688709320616
4.0 0.8Fixed 60 60 168 285 21.96628139209137 223.59551298012738
4.0 1.0Fixed 60 60 150 285 22.14745697268465 192.07662949997518
4.0 1.2Fixed 60 60 174 285 24.09177951187833 152.70601444789
4.0 1.4Fixed 60 60 141 285 19.976286972249795 125.38889857676149
4.0 1.6Fixed 60 60 138 285 19.335496705880466 108.46525639877876
4.0 1.8Fixed 60 60 174 285 22.914651533168875 84.70726523238184
4.0 2.0Fixed 60 60 162 280 19.707351437359495 35.83564168839131
4.0 2.2Fixed 60 60 180 263 27.554093118682168 33.21513688378663
4.0 2.4Fixed 60 60 184 268 22.697533759589668 29.400861233889486
4.0 2.6Fixed 60 60 176 209 26.27293158771962 28.257769172158557
4.0 2.8Fixed 60 60 162 225 19.71275166554743 28.586196253544312
4.0 3.0Fixed 60 60 163 196 24.24065633847939 25.047941125378912
4.0 3.2Fixed 60 60 158 194 20.195497898092363 25.640000740559458
4.0 3.4Fixed 60 60 173 192 26.980078178813443 25.95810070694291
4.0 3.6Fixed 60 60 169 162 24.07384125294499 26.487953183393095
4.0 3.8Fixed 60 60 152 152 23.91206827041002 25.829811722122415
4.0 4.0Fixed 60 60 173 137 20.754136990467448 25.15857130360179
4.0 4.2Fixed 60 60 159 143 22.18963678139542 20.261935128182852
4.0 4.4Fixed 60 60 182 128 23.483293151307404 24.230252415355135
4.0 4.6Fixed 60 60 175 125 24.294726385095093 23.623753415243954
4.0 4.8Fixed 60 60 150 124 22.728877009501495 25.021074266721158
4.0 5.0Fixed 60 60 165 119 17.828410700104534 17.70495889026628
4.0 5.2Fixed 60 60 170 113 23.66554450290742 22.157300240765792
4.0 5.4Fixed 60 60 176 116 19.851313105653222 21.88163728331625
4.0 5.6Fixed 60 60 146 107 18.74193307474642 25.722253836136247
4.0 5.8Fixed 60 60 170 117 23.758817615023176 25.659840996424037
4.0 6.0Fixed 60 60 167 100 21.95919738224559 20.52246019591152
4.0 6.2Fixed 60 60 163 97 23.429242679157294 21.491315348291586
4.0 6.4Fixed 60 60 170 81 23.70182441116086 21.421293116186238
4.0 6.6Fixed 60 60 163 90 22.30273268118174 23.55403100494983
4.0 6.8Fixed 60 60 151 95 17.509507098332733 20.764009003173033
4.0 7.0Fixed 60 60 152 87 20.609606453530215 18.39389619103772
4.0 7.2Fixed 60 60 174 95 22.824447280846528 21.083860398846646
4.0 7.4Fixed 60 60 164 75 19.170765780570594 22.252123193924938
4.0 7.6Fixed 60 60 150 74 17.763844417161035 20.038853545547006
4.0 7.8Fixed 60 60 180 62 28.001791000094034 21.011422901871377
4.0 8.0Fixed 60 60 153 61 23.113699486636825 22.682305229299097
4.0 8.2Fixed 60 60 135 87 23.2895616270143 21.050021229979063
4.0 8.4Fixed 60 60 162 88 23.023798165453766 20.216596681545816
4.0 8.6Fixed 60 60 157 62 21.734746783827042 23.38204463246068
4.0 8.8Fixed 60 60 144 72 17.694756073246896 21.34373558701735
4.0 9.0Fixed 60 60 154 56 18.25651806824375 19.935142923982248
4.0 9.2Fixed 60 60 162 67 25.161487436777588 20.307106634281517
4.0 9.4Fixed 60 60 154 62 15.7495575835286 22.816038685175755
4.0 9.6Fixed 60 60 171 53 25.351218564009017 18.358883146614357
4.0 9.8Fixed 60 60 166 74 20.360345568991217 15.958739334220507
4.0 10.0Fixed 60 60 146 53 18.519845075698044 21.820420049535223
4.2 0.2Fixed 60 60 157 285 20.155698672701334 303.4663461816973
4.2 0.4Fixed 60 60 145 285 22.149552934226094 272.6197082869691
4.2 0.6Fixed 60 60 155 285 22.905168012028756 241.84358741363883
4.2 0.8Fixed 60 60 148 285 23.569257278649207 221.23691938895925
4.2 1.0Fixed 60 60 143 285 20.912687986140742 188.97633045657676
4.2 1.2Fixed 60 60 155 285 24.723691354014026 158.59427986095827
4.2 1.4Fixed 60 60 155 285 22.782274177516033 139.9331955338891
4.2 1.6Fixed 60 60 171 285 19.54906031965495 102.01718194666815
4.2 1.8Fixed 60 60 168 285 21.74278448588355 69.71395820495412
4.2 2.0Fixed 60 60 162 285 20.011147961732945 60.182823003408714
4.2 2.2Fixed 60 60 164 259 22.26669065687916 30.545608021972978
4.2 2.4Fixed 60 60 158 234 18.064332102361927 30.83542820332997
4.2 2.6Fixed 60 60 161 238 21.895133978209063 29.040490191911765
4.2 2.8Fixed 60 60 157 214 24.572114516531695 24.086614826965242
4.2 3.0Fixed 60 60 159 187 27.4322461984938 25.46311805848842
4.2 3.2Fixed 60 60 159 199 21.996297650029753 27.053270983030714
4.2 3.4Fixed 60 60 171 155 19.826494533126397 22.4192529710306
4.2 3.6Fixed 60 60 178 169 20.649251851358937 25.27677540716781
4.2 3.8Fixed 60 60 150 167 20.95263162413839 29.563704555149016
4.2 4.0Fixed 60 60 169 166 18.699573882339788 22.9916869103561
4.2 4.2Fixed 60 60 144 137 18.526561210551275 24.886412460224296
4.2 4.4Fixed 60 60 147 129 22.43246993513476 23.564222276325108
4.2 4.6Fixed 60 60 165 124 25.63192167864981 24.252890638908205
4.2 4.8Fixed 60 60 160 133 24.76889460343148 25.278906731248384
4.2 5.0Fixed 60 60 131 120 17.216560809295604 26.24671460699806
4.2 5.2Fixed 60 60 160 122 21.74358180475412 23.264217378424593
4.2 5.4Fixed 60 60 133 93 21.838604836089164 23.98525835875071
4.2 5.6Fixed 60 60 183 87 24.896161464273973 19.427103605749657
4.2 5.8Fixed 60 60 147 104 18.466431682675157 22.3491911119229
4.2 6.0Fixed 60 60 149 103 20.970472149579038 24.31538739892731
4.2 6.2Fixed 60 60 159 99 20.62828662267106 21.60904720232079
4.2 6.4Fixed 60 60 147 96 21.855493828086637 20.039817165445864
4.2 6.6Fixed 60 60 140 87 23.102127737717954 23.275231297863563
4.2 6.8Fixed 60 60 152 88 20.767605058858113 21.772983081048906
4.2 7.0Fixed 60 60 154 94 22.836683846570253 21.209886411083914
4.2 7.2Fixed 60 60 184 89 20.369598446383694 19.35904448718644
4.2 7.4Fixed 60 60 169 99 24.521373593552834 19.47616260630978
4.2 7.6Fixed 60 60 136 87 20.07488493200381 23.45357684828304
4.2 7.8Fixed 60 60 138 73 25.234060139409447 17.708115990150507
4.2 8.0Fixed 60 60 156 88 19.377798033582216 23.515490390793786
4.2 8.2Fixed 60 60 147 92 21.696778138513036 20.21096991713864
4.2 8.4Fixed 60 60 137 76 22.06438182146891 21.70985234489763
4.2 8.6Fixed 60 60 159 72 21.71644468501574 25.359474405579235
4.2 8.8Fixed 60 60 162 65 20.322123340424092 22.1332460596405
4.2 9.0Fixed 60 60 141 72 21.802136641839283 16.715014220574616
4.2 9.2Fixed 60 60 149 64 21.458852145812703 21.644657706855604
4.2 9.4Fixed 60 60 162 61 22.918022239540257 24.885870311292802
4.2 9.6Fixed 60 60 150 65 20.121949930218847 17.152641827847876
4.2 9.8Fixed 60 60 149 69 25.66738418723023 21.17665455777792
4.2 10.0Fixed 60 60 143 62 19.79127697272859 16.993557990177756
4.4 0.2Fixed 60 60 146 285 21.00210254216113 304.5943580503648
4.4 0.4Fixed 60 60 161 285 23.622038204440003 275.3826877638921
4.4 0.6Fixed 60 60 147 285 19.990213378841712 246.75112721545545
4.4 0.8Fixed 60 60 142 285 19.465033640842872 227.34772192070173
4.4 1.0Fixed 60 60 136 285 18.15136921052136 181.7134952424976
4.4 1.2Fixed 60 60 140 285 21.173180445812285 166.39438880140446
4.4 1.4Fixed 60 60 139 285 18.259182729730433 127.53104174261829
4.4 1.6Fixed 60 60 156 285 22.3554808041466 102.09254023672227
4.4 1.8Fixed 60 60 155 285 20.219332237054495 85.5337722482069
4.4 2.0Fixed 60 60 149 285 20.128524648556667 55.282312754481296
4.4 2.2Fixed 60 60 149 275 19.591943255200803 42.81598748531909
4.4 2.4Fixed 60 60 146 237 21.392384678371943 31.970312236439725
4.4 2.6Fixed 60 60 150 224 25.499479143970504 33.086895046952925
4.4 2.8Fixed 60 60 151 216 21.560673282178776 26.37753016612263
4.4 3.0Fixed 60 60 154 210 22.46036119169895 30.489492538302347
4.4 3.2Fixed 60 60 145 175 17.218407410237745 26.1150685020481
4.4 3.4Fixed 60 60 153 192 20.93310249974221 24.33145230258033
4.4 3.6Fixed 60 60 149 163 21.424258592785613 24.5923035636245
4.4 3.8Fixed 60 60 168 169 23.675538825384233 25.983988602699377
4.4 4.0Fixed 60 60 143 171 25.008785690810704 21.62459343445739
4.4 4.2Fixed 60 60 134 149 20.760926573440504 26.976214339231827
4.4 4.4Fixed 60 60 163 143 19.95239792953899 21.186913287637196
4.4 4.6Fixed 60 60 141 155 20.19405584540662 25.012133653349444
4.4 4.8Fixed 60 60 154 129 21.97044959954436 20.58248772459922
4.4 5.0Fixed 60 60 158 114 16.166440913260487 23.524347428506196
4.4 5.2Fixed 60 60 157 109 21.65393174386246 24.99164698674524
4.4 5.4Fixed 60 60 115 99 21.42479061333041 24.474105654716137
4.4 5.6Fixed 60 60 150 115 19.725060445828017 25.969536388346693
4.4 5.8Fixed 60 60 162 94 22.496518391372184 21.3441296016143
4.4 6.0Fixed 60 60 135 101 17.950498431225075 16.680490096550585
4.4 6.2Fixed 60 60 131 96 26.649843180818255 19.056699300773833
4.4 6.4Fixed 60 60 160 89 21.010926788294313 16.425543706974057
4.4 6.6Fixed 60 60 138 105 20.25248283101866 25.144034147326064
4.4 6.8Fixed 60 60 151 92 23.462800429723863 19.666463003888556
4.4 7.0Fixed 60 60 143 102 21.886216157121353 21.485682773502486
4.4 7.2Fixed 60 60 147 91 18.150959618524233 21.888219506295812
4.4 7.4Fixed 60 60 149 85 21.945125377660318 22.479199038618397
4.4 7.6Fixed 60 60 148 91 25.070003723376153 24.228361202455833
4.4 7.8Fixed 60 60 145 71 20.912058342142338 19.77752511703306
4.4 8.0Fixed 60 60 139 69 18.786432528400457 25.723656725248098
4.4 8.2Fixed 60 60 157 68 17.773132644161304 22.485254393640243
4.4 8.4Fixed 60 60 137 49 22.584836824060403 21.338234852938783
4.4 8.6Fixed 60 60 137 65 19.585588599620884 17.47421396965806
4.4 8.8Fixed 60 60 130 62 20.246434375191967 16.703791054242906
4.4 9.0Fixed 60 60 154 69 20.718281292552682 20.5300511158803
4.4 9.2Fixed 60 60 145 60 22.750116378600346 23.28495669577517
4.4 9.4Fixed 60 60 140 57 20.197728447900243 15.031264864958159
4.4 9.6Fixed 60 60 145 75 21.989830498204498 15.899223302600753
4.4 9.8Fixed 60 60 133 62 19.177245335473433 23.08185090567126
4.4 10.0Fixed 60 60 160 48 25.527804937357264 24.89844563471043
4.6 0.2Fixed 60 60 145 285 23.148022997607015 302.805262287463
4.6 0.4Fixed 60 60 148 285 22.26075231029376 278.05239367235686
4.6 0.6Fixed 60 60 154 285 21.573809628811922 240.92460225006766
4.6 0.8Fixed 60 60 143 285 21.532699856186458 211.9459509642285
4.6 1.0Fixed 60 60 157 285 25.308781137157798 181.37189482104645
4.6 1.2Fixed 60 60 152 285 19.036322704652658 145.10608623511968
4.6 1.4Fixed 60 60 133 285 19.4378609841219 121.44114575183201
4.6 1.6Fixed 60 60 149 285 21.986525022303407 110.57814592219356
4.6 1.8Fixed 60 60 132 285 20.82407900532498 74.17829373641638
4.6 2.0Fixed 60 60 166 270 22.09476047698013 36.153161514224706
4.6 2.2Fixed 60 60 146 263 21.080687174207295 32.975827442371155
4.6 2.4Fixed 60 60 135 256 20.042101685491975 41.367466989232064
4.6 2.6Fixed 60 60 136 229 19.63580962070571 24.54587972702128
4.6 2.8Fixed 60 60 125 218 19.30817522622557 26.483643475892663
4.6 3.0Fixed 60 60 141 223 22.248781991804155 24.90103527088449
4.6 3.2Fixed 60 60 126 169 20.88272077846031 23.853531489987216
4.6 3.4Fixed 60 60 151 182 25.376320399791247 21.219620146529806
4.6 3.6Fixed 60 60 131 159 21.06233582406133 25.658751480767013
4.6 3.8Fixed 60 60 139 156 19.737421709116234 24.809026385154922
4.6 4.0Fixed 60 60 155 163 16.983925884212717 23.159696463356607
4.6 4.2Fixed 60 60 143 167 18.706764238847352 27.15353172384347
4.6 4.4Fixed 60 60 156 127 19.664222372422817 20.920879809731
4.6 4.6Fixed 60 60 135 146 20.667866142420596 22.87164437136397
4.6 4.8Fixed 60 60 144 124 21.249207111016723 25.23604647171571
4.6 5.0Fixed 60 60 113 131 24.35852325804349 25.673722011959217
4.6 5.2Fixed 60 60 135 100 22.522905318192223 19.200733143805344
4.6 5.4Fixed 60 60 156 88 26.034201221786034 19.35759044952821
4.6 5.6Fixed 60 60 140 120 22.083998098007157 23.289175249961975
4.6 5.8Fixed 60 60 140 114 18.848768350026024 20.131134752190366
4.6 6.0Fixed 60 60 124 92 17.074893456479945 23.213413851877565
4.6 6.2Fixed 60 60 156 91 19.880982264860304 21.085277428185947
4.6 6.4Fixed 60 60 139 100 20.643431100817068 23.037404325163813
4.6 6.6Fixed 60 60 132 80 17.954253592658787 18.210016344275196
4.6 6.8Fixed 60 60 133 92 22.512659428492245 20.79054436036119
4.6 7.0Fixed 60 60 140 91 19.0041088882783 19.056532835539695
4.6 7.2Fixed 60 60 160 98 23.32433595377069 22.291635211503962
4.6 7.4Fixed 60 60 114 78 23.060287214604408 17.17696459687554
4.6 7.6Fixed 60 60 146 71 21.628972505579608 20.225899199759642
4.6 7.8Fixed 60 60 135 78 19.593904950994236 23.0341257580941
4.6 8.0Fixed 60 60 161 64 23.3062477117477 21.69813340040239
4.6 8.2Fixed 60 60 128 64 21.774049051330998 21.50868326785902
4.6 8.4Fixed 60 60 151 71 17.6752613299607 25.255999669319344
4.6 8.6Fixed 60 60 160 70 23.454936773772943 24.85430328140188
4.6 8.8Fixed 60 60 158 80 21.437211573252352 20.345875602642018
4.6 9.0Fixed 60 60 158 74 21.84809951950247 19.797369542845868
4.6 9.2Fixed 60 60 159 64 23.427954717228143 19.25177164413655
4.6 9.4Fixed 60 60 142 59 17.323109205189326 28.413033784994642
4.6 9.6Fixed 60 60 148 60 16.165725559235476 22.801918599248584
4.6 9.8Fixed 60 60 141 53 23.886058229696584 19.34869137476992
4.6 10.0Fixed 60 60 149 62 19.432796800265674 26.060744268200075
4.8 0.2Fixed 60 60 137 285 17.294709475475834 304.2637397191587
4.8 0.4Fixed 60 60 122 285 19.47678926776865 278.49779775514025
4.8 0.6Fixed 60 60 130 285 23.41788311165059 245.36204774535742
4.8 0.8Fixed 60 60 141 285 21.06461613175393 212.66281892158722
4.8 1.0Fixed 60 60 136 285 19.0274742444943 193.2664140700665
4.8 1.2Fixed 60 60 149 285 21.1206064649274 157.54598818166087
4.8 1.4Fixed 60 60 130 285 20.938761339937813 140.47207862408285
4.8 1.6Fixed 60 60 126 285 23.02266247152311 106.92614583129469
4.8 1.8Fixed 60 60 134 285 21.004074944342037 87.81484764963453
4.8 2.0Fixed 60 60 153 285 19.475090685673667 51.294815811944154
4.8 2.2Fixed 60 60 146 251 23.231340479377305 31.529664103085096
4.8 2.4Fixed 60 60 126 256 18.380268129105158 33.38064446688654
4.8 2.6Fixed 60 60 156 215 21.60228992509082 25.684976652849688
4.8 2.8Fixed 60 60 143 194 16.18632719900638 28.176162131164375
4.8 3.0Fixed 60 60 121 217 17.13080368303185 26.745828792011384
4.8 3.2Fixed 60 60 139 190 23.216847142552677 24.500656744273456
4.8 3.4Fixed 60 60 131 162 24.56850983353614 24.11163679832582
4.8 3.6Fixed 60 60 156 172 18.132635262202992 26.29938047908814
4.8 3.8Fixed 60 60 128 139 20.49016071907453 20.71313201636851
4.8 4.0Fixed 60 60 141 129 19.945261923681468 26.115046340640717
4.8 4.2Fixed 60 60 126 132 21.111096448924165 24.20635227694814
4.8 4.4Fixed 60 60 139 127 19.63963357731403 20.77201653041011
4.8 4.6Fixed 60 60 125 134 22.36544124022531 25.427438879344777
4.8 4.8Fixed 60 60 120 141 18.089133876257524 23.462703013229426
4.8 5.0Fixed 60 60 126 137 18.157992818108628 23.235857976567384
4.8 5.2Fixed 60 60 148 116 19.489509761529956 24.68005345158648
4.8 5.4Fixed 60 60 115 110 17.362272876884937 19.23624653501841
4.8 5.6Fixed 60 60 120 105 21.877312789461815 25.467832619955225
4.8 5.8Fixed 60 60 140 81 21.80056485734654 18.206482510584966
4.8 6.0Fixed 60 60 157 97 18.433694049314273 19.960677345293185
4.8 6.2Fixed 60 60 130 87 21.614318869261346 21.13140536671458
4.8 6.4Fixed 60 60 127 105 17.065226661529916 21.20206087513203
4.8 6.6Fixed 60 60 136 89 21.075560353823796 22.353805836432514
4.8 6.8Fixed 60 60 140 85 18.904790469985247 22.79468622260272
4.8 7.0Fixed 60 60 147 90 21.833531524572756 17.447726968611924
4.8 7.2Fixed 60 60 112 82 20.694922859213627 26.05309985979779
4.8 7.4Fixed 60 60 125 75 20.92830174661162 16.950165322505196
4.8 7.6Fixed 60 60 120 82 18.347432131257044 23.09292232383206
4.8 7.8Fixed 60 60 120 87 21.64135403106495 23.48717069793145
4.8 8.0Fixed 60 60 151 80 24.232193476491997 18.210521613051128
4.8 8.2Fixed 60 60 123 84 19.374002669017674 17.60474041603618
4.8 8.4Fixed 60 60 140 70 21.104707131856966 16.922939865988823
4.8 8.6Fixed 60 60 117 68 22.105101005262906 21.12546660467488
4.8 8.8Fixed 60 60 119 76 17.97887871932559 18.517917988410403
4.8 9.0Fixed 60 60 113 78 16.907224028508118 16.728574460911254
4.8 9.2Fixed 60 60 147 74 19.370502401051894 15.082863201535014
4.8 9.4Fixed 60 60 119 74 19.52257405587591 20.366261721263168
4.8 9.6Fixed 60 60 126 60 22.008119592520732 17.105449322687544
4.8 9.8Fixed 60 60 122 57 21.5529255448391 15.26702571276318
4.8 10.0Fixed 60 60 133 59 21.991981547872353 21.57659473892425
5.0 0.2Fixed 60 60 137 285 17.563424144564113 305.108293328462
5.0 0.4Fixed 60 60 146 285 26.212839994309782 273.94481265038934
5.0 0.6Fixed 60 60 123 285 22.474322205347782 257.6739615614665
5.0 0.8Fixed 60 60 116 285 16.496761236367526 212.94247242350107
5.0 1.0Fixed 60 60 129 285 20.32389490130382 180.37204229678593
5.0 1.2Fixed 60 60 141 285 21.31046636460276 162.56097716382098
5.0 1.4Fixed 60 60 119 285 23.838678259890184 134.00706865866442
5.0 1.6Fixed 60 60 156 285 19.731321256322516 108.32589914332198
5.0 1.8Fixed 60 60 122 280 18.586332207727022 59.49309563745988
5.0 2.0Fixed 60 60 131 285 18.616714762716093 50.254136328310864
5.0 2.2Fixed 60 60 127 278 24.903826521274645 36.286036886912406
5.0 2.4Fixed 60 60 125 239 23.510253035068594 31.263879902536452
5.0 2.6Fixed 60 60 127 229 20.75347643184829 24.858357352564337
5.0 2.8Fixed 60 60 131 200 20.156870329479826 26.482972822315915
5.0 3.0Fixed 60 60 149 183 22.826875476798943 22.998840032386912
5.0 3.2Fixed 60 60 109 192 21.93714647372504 25.849767312661893
5.0 3.4Fixed 60 60 119 172 18.554771922020795 27.271597992065406
5.0 3.6Fixed 60 60 123 157 26.033694646510707 18.39876333123907
5.0 3.8Fixed 60 60 141 159 26.636498634673828 26.766729272157708
5.0 4.0Fixed 60 60 111 154 18.886450206316937 24.041924454996636
5.0 4.2Fixed 60 60 127 142 17.779867516048146 24.217101879282726
5.0 4.4Fixed 60 60 131 135 20.3232611942381 18.608689934197006
5.0 4.6Fixed 60 60 137 142 17.964126799210863 22.531380339119693
5.0 4.8Fixed 60 60 167 132 21.53633607286497 23.755138634835415
5.0 5.0Fixed 60 60 141 111 21.67429449059214 20.34545399716604
5.0 5.2Fixed 60 60 133 122 23.05518924540836 20.67681164922114
5.0 5.4Fixed 60 60 131 115 18.221791765959118 24.002797058839022
5.0 5.6Fixed 60 60 151 111 20.08217572632396 23.935110377012624
5.0 5.8Fixed 60 60 139 112 24.048024552440058 18.76970065763219
5.0 6.0Fixed 60 60 148 97 18.233481950984647 24.471401611025726
5.0 6.2Fixed 60 60 111 80 21.29229181631918 20.187653294913236
5.0 6.4Fixed 60 60 135 87 20.189743628327133 21.858710383824974
5.0 6.6Fixed 60 60 156 93 21.62017042840823 17.123970215509548
5.0 6.8Fixed 60 60 106 82 19.146772072242992 23.946807183708355
5.0 7.0Fixed 60 60 139 83 22.121125148388312 17.229620740227823
5.0 7.2Fixed 60 60 132 77 22.338754571543507 22.25821071798257
5.0 7.4Fixed 60 60 138 80 20.90751955589519 20.82240788970551
5.0 7.6Fixed 60 60 140 90 18.578262366979054 20.003178117579413
5.0 7.8Fixed 60 60 151 72 22.523575691317912 21.76226696145757
5.0 8.0Fixed 60 60 130 85 23.03960725451092 17.723949548810577
5.0 8.2Fixed 60 60 149 68 19.28290643368122 20.957012284099907
5.0 8.4Fixed 60 60 106 64 20.818353835718778 21.33944806208433
5.0 8.6Fixed 60 60 128 64 21.697756700578047 18.719463589097778
5.0 8.8Fixed 60 60 140 74 20.736092441149975 22.91546683776351
5.0 9.0Fixed 60 60 139 74 20.989938895150583 20.22734738963421
5.0 9.2Fixed 60 60 110 80 23.368297858917582 20.197761996830373
5.0 9.4Fixed 60 60 132 79 19.910754113617998 20.053054811157722
5.0 9.6Fixed 60 60 127 65 19.96813810533659 20.67826012054961
5.0 9.8Fixed 60 60 121 59 17.354859516525806 21.993418245974148
5.0 10.0Fixed 60 60 104 61 18.250580264971 16.911815668757807
5.2 0.2Fixed 60 60 115 285 20.420164553987686 302.64486669632964
5.2 0.4Fixed 60 60 100 285 17.36761069733862 269.042621151891
5.2 0.6Fixed 60 60 142 285 21.457332716416122 238.95129427232814
5.2 0.8Fixed 60 60 106 285 20.381298443566237 228.41683539753143
5.2 1.0Fixed 60 60 140 285 19.041109312137888 180.90690195850038
5.2 1.2Fixed 60 60 134 285 21.512880482245645 162.63211188274545
5.2 1.4Fixed 60 60 113 285 17.806894821177384 125.81544809135504
5.2 1.6Fixed 60 60 119 285 22.027851205518864 129.0742690679927
5.2 1.8Fixed 60 60 119 285 22.790501943038883 73.35486503705573
5.2 2.0Fixed 60 60 136 285 22.52182581573057 87.58999720181191
5.2 2.2Fixed 60 60 123 274 21.826436042019104 36.63762358583986
5.2 2.4Fixed 60 60 130 233 18.72220481136677 28.906136670881178
5.2 2.6Fixed 60 60 119 212 18.736303723317693 26.157416676142308
5.2 2.8Fixed 60 60 113 206 17.622969135379126 25.22397141753178
5.2 3.0Fixed 60 60 128 200 20.88707580099367 29.815006999233724
5.2 3.2Fixed 60 60 129 207 18.819306622357665 28.150283806115947
5.2 3.4Fixed 60 60 118 184 20.32728263401402 25.41941707603429
5.2 3.6Fixed 60 60 121 178 22.446850657817482 27.962519333342183
5.2 3.8Fixed 60 60 129 166 21.096471946825766 21.62940094906046
5.2 4.0Fixed 60 60 123 144 16.500849717855576 23.922465217717146
5.2 4.2Fixed 60 60 128 136 20.47102401748057 20.90871254014749
5.2 4.4Fixed 60 60 135 136 23.435545035675023 21.139813656918037
5.2 4.6Fixed 60 60 129 135 19.61764110503797 23.5915340416047
5.2 4.8Fixed 60 60 126 115 27.28947023736337 23.573130997661867
5.2 5.0Fixed 60 60 140 135 16.846086339733976 20.628554348817442
5.2 5.2Fixed 60 60 116 110 18.810188405931598 20.537402852325183
5.2 5.4Fixed 60 60 136 142 18.238607630601553 24.299606161904094
5.2 5.6Fixed 60 60 138 126 15.733682613259361 23.67520591124265
5.2 5.8Fixed 60 60 123 94 20.871956547299515 17.177417586473176
5.2 6.0Fixed 60 60 123 108 23.26944138220767 17.93985423487258
5.2 6.2Fixed 60 60 116 90 20.101977089744995 23.826544052772928
5.2 6.4Fixed 60 60 125 93 16.811154819079036 19.819336703328382
5.2 6.6Fixed 60 60 104 92 20.657499554656923 20.67201174908967
5.2 6.8Fixed 60 60 124 94 17.0862657328663 23.869630407772828
5.2 7.0Fixed 60 60 132 83 19.319887693129704 24.670581491201
5.2 7.2Fixed 60 60 129 84 21.053717264563115 21.163645036076034
5.2 7.4Fixed 60 60 133 73 17.071140531020667 21.25840536014086
5.2 7.6Fixed 60 60 124 89 19.522625440417645 20.220213790762894
5.2 7.8Fixed 60 60 128 61 17.453372012972327 22.36022035774364
5.2 8.0Fixed 60 60 116 63 20.774424723777013 23.697334940348888
5.2 8.2Fixed 60 60 119 86 19.44617277428183 19.081143798227146
5.2 8.4Fixed 60 60 129 67 20.545997594953214 18.71572854273038
5.2 8.6Fixed 60 60 140 70 23.081777197913894 18.96358606902621
5.2 8.8Fixed 60 60 139 76 18.447156526968005 24.02960469535959
5.2 9.0Fixed 60 60 148 54 23.548777124048726 22.680115336984517
5.2 9.2Fixed 60 60 116 69 20.563069634179755 21.834092939335818
5.2 9.4Fixed 60 60 115 65 19.30596828097838 20.935796414948243
5.2 9.6Fixed 60 60 113 64 23.306530193153478 18.173106410082376
5.2 9.8Fixed 60 60 124 84 19.242257596580025 21.26022449533652
5.2 10.0Fixed 60 60 116 55 11.988621740040497 21.92708315412293
5.4 0.2Fixed 60 60 79 285 14.944290208969502 302.2663482314225
5.4 0.4Fixed 60 60 124 285 17.663570274187535 278.6526029897268
5.4 0.6Fixed 60 60 129 285 24.220821215216134 250.134007223599
5.4 0.8Fixed 60 60 111 285 20.10619442053893 217.92265857364129
5.4 1.0Fixed 60 60 131 285 27.734491507105925 184.68733577454236
5.4 1.2Fixed 60 60 137 285 19.399649431033534 165.56902587873432
5.4 1.4Fixed 60 60 120 285 18.554360385892647 152.46557360511503
5.4 1.6Fixed 60 60 138 285 21.188058726754694 107.70904507841801
5.4 1.8Fixed 60 60 111 285 21.457571760318437 85.69699809954923
5.4 2.0Fixed 60 60 112 270 20.554501711516075 33.107543068975914
5.4 2.2Fixed 60 60 119 270 21.819563604953004 34.52759943862077
5.4 2.4Fixed 60 60 130 246 21.027188341126543 27.178222338008133
5.4 2.6Fixed 60 60 129 222 19.073941046821137 29.093076661347446
5.4 2.8Fixed 60 60 107 208 19.016172387678782 29.30516013753709
5.4 3.0Fixed 60 60 117 208 19.588393179836125 27.931315292161557
5.4 3.2Fixed 60 60 134 198 18.90805112280191 27.282000453049495
5.4 3.4Fixed 60 60 124 189 22.74831470824986 28.148246677954276
5.4 3.6Fixed 60 60 94 154 18.243614291662023 21.234298069428974
5.4 3.8Fixed 60 60 125 165 17.447246799999995 27.788865587683464
5.4 4.0Fixed 60 60 126 150 19.524122212366457 27.102690915491664
5.4 4.2Fixed 60 60 123 141 20.166416097304886 21.179777599357145
5.4 4.4Fixed 60 60 124 122 17.476002014654032 22.27729658299316
5.4 4.6Fixed 60 60 113 124 23.05829323956142 25.439791022830487
5.4 4.8Fixed 60 60 125 128 17.795286228868544 23.098268553031858
5.4 5.0Fixed 60 60 130 110 20.58411809152448 19.94270166840761
5.4 5.2Fixed 60 60 108 116 20.32954060000399 20.22775301837166
5.4 5.4Fixed 60 60 126 109 18.748630438871803 25.471154601797288
5.4 5.6Fixed 60 60 119 103 19.271262208266972 19.376448820623857
5.4 5.8Fixed 60 60 116 85 20.338962118326045 21.301798929190017
5.4 6.0Fixed 60 60 111 103 18.076494278007225 21.917038801512497
5.4 6.2Fixed 60 60 126 125 19.042535667842802 24.119637425126673
5.4 6.4Fixed 60 60 113 81 16.5113822780954 21.704827358412405
5.4 6.6Fixed 60 60 107 81 20.92225890914229 18.519969264691376
5.4 6.8Fixed 60 60 110 88 25.500887064293146 22.160000718656047
5.4 7.0Fixed 60 60 129 84 20.506872570393746 24.495336783911213
5.4 7.2Fixed 60 60 118 76 16.374247012874303 20.544725645515133
5.4 7.4Fixed 60 60 124 78 23.373511977530303 15.784779641221412
5.4 7.6Fixed 60 60 111 68 23.28792709122661 18.404976276298573
5.4 7.8Fixed 60 60 119 71 21.5993634092732 20.845936209376916
5.4 8.0Fixed 60 60 117 72 21.269647225497494 23.263566877292078
5.4 8.2Fixed 60 60 120 67 23.829109475102737 14.104293749436172
5.4 8.4Fixed 60 60 123 81 15.556982785879068 20.03850619625409
5.4 8.6Fixed 60 60 123 69 19.03671673187924 21.51130995802048
5.4 8.8Fixed 60 60 128 62 21.659630408502778 16.2448939361857
5.4 9.0Fixed 60 60 112 56 20.12727775387669 18.032391739001962
5.4 9.2Fixed 60 60 108 75 16.34393062193256 17.84658436671507
5.4 9.4Fixed 60 60 121 65 20.625997103766473 22.376616254939975
5.4 9.6Fixed 60 60 102 56 21.956564848430908 17.223757515199775
5.4 9.8Fixed 60 60 118 49 18.605212368546017 18.31018207992737
5.4 10.0Fixed 60 60 125 65 19.052299424038388 22.053473367756
5.6 0.2Fixed 60 60 110 285 17.178064619094002 306.3300605282915
5.6 0.4Fixed 60 60 111 285 22.62101363514731 276.15269221124066
5.6 0.6Fixed 60 60 110 285 16.817711414468523 252.33237187218717
5.6 0.8Fixed 60 60 113 285 21.285047145261945 222.21009202453325
5.6 1.0Fixed 60 60 120 285 23.286892931646594 192.40284468155534
5.6 1.2Fixed 60 60 135 285 16.681967912207742 144.6515090706383
5.6 1.4Fixed 60 60 102 285 15.357730513563542 116.64254642447133
5.6 1.6Fixed 60 60 100 285 23.224323766268196 102.64274083203821
5.6 1.8Fixed 60 60 109 277 20.02904031882106 61.49260683412623
5.6 2.0Fixed 60 60 116 284 23.233957629281647 57.47344664897018
5.6 2.2Fixed 60 60 112 268 25.34113470882883 25.66010162521239
5.6 2.4Fixed 60 60 129 220 17.26995536046095 23.676410823592825
5.6 2.6Fixed 60 60 126 265 19.064263727115208 36.639909933079714
5.6 2.8Fixed 60 60 128 241 18.029630058017023 27.73328163103069
5.6 3.0Fixed 60 60 112 215 17.344251292303063 31.052935766494397
5.6 3.2Fixed 60 60 110 161 21.498161433458225 27.328925488964785
5.6 3.4Fixed 60 60 131 177 19.78026568467938 20.19748375082183
5.6 3.6Fixed 60 60 117 156 20.212925748675485 20.07104876019288
5.6 3.8Fixed 60 60 106 157 19.984600355587595 25.341624730928952
5.6 4.0Fixed 60 60 131 139 21.488161247729057 24.46076966780737
5.6 4.2Fixed 60 60 116 132 21.645319746248777 20.722432430564073
5.6 4.4Fixed 60 60 109 137 20.13668684223189 18.811362981646372
5.6 4.6Fixed 60 60 104 132 19.42157687254229 20.82930734148807
5.6 4.8Fixed 60 60 93 140 14.281881556480586 19.79031899654848
5.6 5.0Fixed 60 60 133 113 20.84180443957452 25.357975715501542
5.6 5.2Fixed 60 60 125 118 20.25838233547729 23.045796557289346
5.6 5.4Fixed 60 60 103 115 15.064131067672495 22.86559649929823
5.6 5.6Fixed 60 60 115 105 19.021038146747074 27.2181301921944
5.6 5.8Fixed 60 60 104 114 19.892196930962452 21.62994990654506
5.6 6.0Fixed 60 60 139 100 20.057200626331124 21.594172478507716
5.6 6.2Fixed 60 60 114 92 22.33107047335322 23.37929409724068
5.6 6.4Fixed 60 60 114 89 18.56124713622703 18.384191160335156
5.6 6.6Fixed 60 60 112 91 17.496381921705073 23.78010916661544
5.6 6.8Fixed 60 60 121 89 17.140901751521405 21.04831956614135
5.6 7.0Fixed 60 60 105 94 18.873234952891455 21.818157121079754
5.6 7.2Fixed 60 60 105 103 20.074713598134135 21.896215187089272
5.6 7.4Fixed 60 60 118 83 18.93509971550875 16.942106546190264
5.6 7.6Fixed 60 60 104 68 18.423482196802603 19.787376609848025
5.6 7.8Fixed 60 60 106 73 21.14205481936022 18.50356448417824
5.6 8.0Fixed 60 60 112 76 17.549029384560445 19.685574718327494
5.6 8.2Fixed 60 60 121 76 17.21700006647006 22.512257054334555
5.6 8.4Fixed 60 60 118 85 23.0490166988454 21.72551073863541
5.6 8.6Fixed 60 60 113 66 18.63533142003497 21.92897709338251
5.6 8.8Fixed 60 60 105 75 16.606793759666093 19.872446371505017
5.6 9.0Fixed 60 60 128 75 20.565298005568923 18.23402805757924
5.6 9.2Fixed 60 60 126 61 25.7331696666627 20.186606042930165
5.6 9.4Fixed 60 60 99 66 17.915465200164462 24.31130486219139
5.6 9.6Fixed 60 60 117 76 18.151316070464883 18.116803478241362
5.6 9.8Fixed 60 60 121 58 20.4193195949294 18.532647677763066
5.6 10.0Fixed 60 60 136 58 26.826441008703995 18.74700910307347
5.8 0.2Fixed 60 60 105 285 23.37792108689924 301.9396160492346
5.8 0.4Fixed 60 60 112 285 22.679759676749317 277.7004192692723
5.8 0.6Fixed 60 60 103 285 15.791780409174178 243.5506209582845
5.8 0.8Fixed 60 60 112 285 20.680203505682197 226.34629862869954
5.8 1.0Fixed 60 60 111 285 22.101568893266663 193.0409472867354
5.8 1.2Fixed 60 60 108 285 20.311522752762016 172.01527667000897
5.8 1.4Fixed 60 60 119 285 20.69353119181571 142.4899675396994
5.8 1.6Fixed 60 60 101 285 17.99823468355207 128.02652797195302
5.8 1.8Fixed 60 60 116 285 20.214058223875355 67.76980413991154
5.8 2.0Fixed 60 60 124 285 21.86538112174944 40.16725776537761
5.8 2.2Fixed 60 60 98 245 20.79465946725074 29.275986650760988
5.8 2.4Fixed 60 60 110 226 24.68175028446171 25.339632377234487
5.8 2.6Fixed 60 60 115 234 21.61602931632397 29.3090107080984
5.8 2.8Fixed 60 60 106 213 21.60698314119096 23.87565954942646
5.8 3.0Fixed 60 60 89 193 20.330499735878533 21.694554115477377
5.8 3.2Fixed 60 60 112 202 20.060463971177178 26.51580648751347
5.8 3.4Fixed 60 60 98 178 20.502763064801595 24.898374890822407
5.8 3.6Fixed 60 60 114 153 19.97298191651017 24.062562691598725
5.8 3.8Fixed 60 60 119 158 21.283492611846704 23.711997523717606
5.8 4.0Fixed 60 60 117 138 21.864232944950913 26.69565167525303
5.8 4.2Fixed 60 60 114 122 20.75728270137921 23.5360066572397
5.8 4.4Fixed 60 60 112 128 18.93636968653323 25.784368118721595
5.8 4.6Fixed 60 60 128 135 17.463813125286126 20.66794751671728
5.8 4.8Fixed 60 60 100 130 17.889910979780392 25.532815960815128
5.8 5.0Fixed 60 60 95 122 18.62808205789447 22.91204351343654
5.8 5.2Fixed 60 60 86 110 18.627174153996144 24.67949203736538
5.8 5.4Fixed 60 60 103 102 14.55566923581111 25.124213753514443
5.8 5.6Fixed 60 60 112 114 17.019012852743483 22.743462836515594
5.8 5.8Fixed 60 60 106 109 19.650975527082114 22.275500679410918
5.8 6.0Fixed 60 60 97 108 21.482811180683125 14.644188942165439
5.8 6.2Fixed 60 60 91 83 17.031489276552012 18.314592027277712
5.8 6.4Fixed 60 60 96 88 19.269873572681043 20.27085602761862
5.8 6.6Fixed 60 60 111 108 23.366092762188263 21.43115261004436
5.8 6.8Fixed 60 60 101 96 15.131625969218149 17.868139299953885
5.8 7.0Fixed 60 60 124 106 20.96370568642477 19.505136725491987
5.8 7.2Fixed 60 60 136 106 20.066918258576813 20.781732441071895
5.8 7.4Fixed 60 60 104 80 19.779374298731675 19.125163594128963
5.8 7.6Fixed 60 60 115 68 20.32828649795469 14.58556897342843
5.8 7.8Fixed 60 60 119 75 21.47008203270331 20.775242498264614
5.8 8.0Fixed 60 60 106 99 17.849788727695508 18.957930616680372
5.8 8.2Fixed 60 60 99 64 19.12445208459764 13.869735126311907
5.8 8.4Fixed 60 60 109 60 18.86892564978488 22.626786974802812
5.8 8.6Fixed 60 60 101 70 21.234417804097497 21.846569384115167
5.8 8.8Fixed 60 60 116 56 23.21076703410395 21.837029604512484
5.8 9.0Fixed 60 60 109 62 20.901368782127296 21.105539657351162
5.8 9.2Fixed 60 60 109 72 14.668993434577452 17.927197600819202
5.8 9.4Fixed 60 60 107 65 16.91677014034206 15.676627086830202
5.8 9.6Fixed 60 60 111 62 23.473053725384986 23.007219123197064
5.8 9.8Fixed 60 60 116 62 18.99496356632462 19.320503127017023
5.8 10.0Fixed 60 60 110 61 18.51150537434226 20.84135471794462
6.0 0.2Fixed 60 60 98 285 14.843650717013714 302.4691648076624
6.0 0.4Fixed 60 60 87 285 21.205583071343447 282.3377867336683
6.0 0.6Fixed 60 60 88 285 19.09729573282724 252.8909709443687
6.0 0.8Fixed 60 60 107 285 13.804602808134566 208.91289379510295
6.0 1.0Fixed 60 60 101 285 18.934787215129056 179.00181977875894
6.0 1.2Fixed 60 60 94 285 16.608676580822728 138.2984564055728
6.0 1.4Fixed 60 60 108 285 20.28595923497499 113.43645778450474
6.0 1.6Fixed 60 60 92 285 16.031984735353277 86.41851877127091
6.0 1.8Fixed 60 60 115 285 17.979372207041035 81.39779795930919
6.0 2.0Fixed 60 60 85 285 20.858916993560285 38.2788126822101
6.0 2.2Fixed 60 60 132 285 21.346118625772707 42.84095590354532
6.0 2.4Fixed 60 60 93 227 20.146006454048305 27.201736516827523
6.0 2.6Fixed 60 60 99 219 16.664527342157044 29.32438245553803
6.0 2.8Fixed 60 60 120 212 22.819944156045555 25.041708111837615
6.0 3.0Fixed 60 60 127 194 19.88752911452467 27.921261964504815
6.0 3.2Fixed 60 60 114 198 21.78395486366094 21.663254235059803
6.0 3.4Fixed 60 60 117 179 19.320473970727924 24.246477472591845
6.0 3.6Fixed 60 60 106 144 19.31336856126037 20.926543401029175
6.0 3.8Fixed 60 60 98 151 18.856224175046762 23.319481448398435
6.0 4.0Fixed 60 60 99 159 21.140315711845844 22.52126111321211
6.0 4.2Fixed 60 60 118 161 23.171515430721715 31.084768249840444
6.0 4.4Fixed 60 60 109 133 21.335332401538203 26.065579257499426
6.0 4.6Fixed 60 60 124 113 17.934833900917706 20.085109343191444
6.0 4.8Fixed 60 60 114 134 17.75697151738194 22.114119195631254
6.0 5.0Fixed 60 60 94 120 15.699373315122939 24.77748840244565
6.0 5.2Fixed 60 60 100 110 19.911189419831665 25.11038887754487
6.0 5.4Fixed 60 60 117 96 22.3757636796979 21.94397876283799
6.0 5.6Fixed 60 60 118 109 18.41818852964395 20.064246879566895
6.0 5.8Fixed 60 60 91 97 16.15830056894748 16.494419580700274
6.0 6.0Fixed 60 60 101 98 21.677242490008958 22.353573185333882
6.0 6.2Fixed 60 60 105 91 20.164659105290834 19.514779736391464
6.0 6.4Fixed 60 60 112 95 19.455324578801875 25.20217808499995
6.0 6.6Fixed 60 60 115 104 20.56675931282812 20.88566569060551
6.0 6.8Fixed 60 60 107 100 23.318904562850438 17.18034953949658
6.0 7.0Fixed 60 60 103 86 19.835788794561374 25.221773935806617
6.0 7.2Fixed 60 60 114 74 18.45970398818957 21.18980897526377
6.0 7.4Fixed 60 60 99 69 21.618273262727726 18.83213312071623
6.0 7.6Fixed 60 60 117 82 21.360486028981914 20.5674948486599
6.0 7.8Fixed 60 60 101 68 21.61158162081554 17.0319817907466
6.0 8.0Fixed 60 60 102 62 16.215631597025677 24.788974672594655
6.0 8.2Fixed 60 60 118 78 16.9400071137006 22.089773718811358
6.0 8.4Fixed 60 60 98 61 20.88901099577485 16.571994277082442
6.0 8.6Fixed 60 60 124 82 22.465600531551168 22.754688738925307
6.0 8.8Fixed 60 60 99 68 21.57917801975544 25.521530236396377
6.0 9.0Fixed 60 60 120 57 17.309359901698414 18.547484016155707
6.0 9.2Fixed 60 60 114 68 22.367428383413685 21.162032155288585
6.0 9.4Fixed 60 60 117 62 16.5220218713114 25.874358157688544
6.0 9.6Fixed 60 60 114 67 21.13383974026521 21.45157814638167
6.0 9.8Fixed 60 60 100 63 22.039736258673265 22.42722106162248
6.0 10.0Fixed 60 60 120 56 22.292027837228265 16.64596473723564
6.2 0.2Fixed 60 60 108 285 20.553234198196908 300.5708782577905
6.2 0.4Fixed 60 60 88 285 18.740506603372456 271.1217557457426
6.2 0.6Fixed 60 60 94 285 17.830090743754713 246.56120103590672
6.2 0.8Fixed 60 60 94 285 20.126568745017867 207.98412136769934
6.2 1.0Fixed 60 60 100 285 13.121905643197042 191.3555628169787
6.2 1.2Fixed 60 60 113 285 15.225482789429355 155.45312638431344
6.2 1.4Fixed 60 60 95 285 21.6699914719944 152.26198355040924
6.2 1.6Fixed 60 60 108 285 17.750881300113196 80.39303473253726
6.2 1.8Fixed 60 60 115 285 23.136976185267248 77.29968289066794
6.2 2.0Fixed 60 60 112 269 17.04265898605114 37.464865934326205
6.2 2.2Fixed 60 60 114 274 17.68764321087734 38.1209520082527
6.2 2.4Fixed 60 60 102 245 19.394839095407185 32.84446478207218
6.2 2.6Fixed 60 60 102 217 18.165240685733924 26.86129427404797
6.2 2.8Fixed 60 60 106 220 20.712919233092496 29.834383954184972
6.2 3.0Fixed 60 60 96 215 21.08157065899439 29.030306667857978
6.2 3.2Fixed 60 60 107 207 21.399115390788165 26.343576860012217
6.2 3.4Fixed 60 60 113 201 20.184650933122974 26.181063762610258
6.2 3.6Fixed 60 60 117 166 18.28964540707203 22.38533445927453
6.2 3.8Fixed 60 60 122 171 22.285239809212648 25.62322880144859
6.2 4.0Fixed 60 60 115 155 21.08683390803791 21.989123631860217
6.2 4.2Fixed 60 60 105 143 19.12405473471528 23.14046678493416
6.2 4.4Fixed 60 60 121 157 20.235207393800156 27.48371394446506
6.2 4.6Fixed 60 60 99 147 18.036784972686952 19.687990565907196
6.2 4.8Fixed 60 60 112 151 18.14921091135502 25.023994371513783
6.2 5.0Fixed 60 60 114 117 22.158464991214743 19.48809749574708
6.2 5.2Fixed 60 60 102 106 18.646015658596127 21.06044082708718
6.2 5.4Fixed 60 60 122 118 21.75629865015539 21.389966026199517
6.2 5.6Fixed 60 60 122 99 18.74942044710889 20.985763369378002
6.2 5.8Fixed 60 60 107 120 16.693194509503424 23.145785666561274
6.2 6.0Fixed 60 60 122 95 23.942812247831238 22.371259159565906
6.2 6.2Fixed 60 60 121 97 21.555577400468106 18.19357186361776
6.2 6.4Fixed 60 60 109 105 18.18284695597099 24.395556689596695
6.2 6.6Fixed 60 60 94 90 18.914604486135016 15.641808292957613
6.2 6.8Fixed 60 60 111 80 22.57519918582485 17.214102275063368
6.2 7.0Fixed 60 60 105 97 14.062964059262075 19.241569018484046
6.2 7.2Fixed 60 60 105 87 18.847029114142913 20.374407585057376
6.2 7.4Fixed 60 60 106 75 16.139576678435564 17.815249721094844
6.2 7.6Fixed 60 60 95 88 22.057336498819307 19.10874688694382
6.2 7.8Fixed 60 60 109 86 19.360628773463333 19.857083375289978
6.2 8.0Fixed 60 60 105 74 21.35645548577844 20.268358583682208
6.2 8.2Fixed 60 60 106 78 17.206993420717765 16.343358334635692
6.2 8.4Fixed 60 60 95 70 19.574961136879384 18.114227636716915
6.2 8.6Fixed 60 60 118 65 20.115654409686943 20.81162077405456
6.2 8.8Fixed 60 60 104 53 18.569274165343998 18.2434623593109
6.2 9.0Fixed 60 60 102 74 21.763628408009833 14.948620106921293
6.2 9.2Fixed 60 60 97 59 21.399551754038313 17.145737254640657
6.2 9.4Fixed 60 60 89 80 24.724903596567888 17.742396158201878
6.2 9.6Fixed 60 60 97 66 21.71421342872102 25.837819380054828
6.2 9.8Fixed 60 60 97 64 18.120973318855334 18.267584315086886
6.2 10.0Fixed 60 60 108 61 17.80651443285903 25.17651968127782
6.4 0.2Fixed 60 60 100 285 16.24677821511885 302.2465545967833
6.4 0.4Fixed 60 60 115 285 14.95022557735221 276.16448093252257
6.4 0.6Fixed 60 60 102 285 18.512481080971128 242.20152911132854
6.4 0.8Fixed 60 60 116 285 15.3932309877264 209.6931359902565
6.4 1.0Fixed 60 60 102 285 17.22619855572375 182.121636698505
6.4 1.2Fixed 60 60 101 285 19.86735294803087 150.13156827295813
6.4 1.4Fixed 60 60 103 285 20.86394171588916 126.88209305177402
6.4 1.6Fixed 60 60 107 285 20.30260129297801 110.25609839398722
6.4 1.8Fixed 60 60 101 285 17.687440763463535 112.48747118012245
6.4 2.0Fixed 60 60 126 273 19.390618892923996 63.23897941150134
6.4 2.2Fixed 60 60 105 251 23.146168454808087 31.28854690982718
6.4 2.4Fixed 60 60 88 233 19.824696527394075 30.399852696943967
6.4 2.6Fixed 60 60 98 205 24.38578144673587 22.72397697070361
6.4 2.8Fixed 60 60 107 218 19.82120875111957 28.309788458369937
6.4 3.0Fixed 60 60 113 185 19.053834971717254 29.05966447697457
6.4 3.2Fixed 60 60 88 186 21.996971078399238 28.70126178158798
6.4 3.4Fixed 60 60 91 146 19.515318044835247 25.00774176588863
6.4 3.6Fixed 60 60 95 152 20.52258857175436 24.242879492740816
6.4 3.8Fixed 60 60 102 133 24.095655273546992 19.933666800652606
6.4 4.0Fixed 60 60 89 130 22.264542238233687 23.50158934555142
6.4 4.2Fixed 60 60 104 152 17.843771080995662 20.91994029916347
6.4 4.4Fixed 60 60 84 120 20.314875707985713 21.379639606673006
6.4 4.6Fixed 60 60 86 132 14.234515295279722 19.426618073580755
6.4 4.8Fixed 60 60 98 132 20.40212478209649 24.02488691123969
6.4 5.0Fixed 60 60 117 120 17.64898505488241 20.5424716330952
6.4 5.2Fixed 60 60 115 117 18.702779228151492 21.308657186530866
6.4 5.4Fixed 60 60 98 117 21.03287985390445 23.393246263311084
6.4 5.6Fixed 60 60 105 116 16.725701916350896 20.05219666228562
6.4 5.8Fixed 60 60 97 104 19.166645085348534 28.319660876856826
6.4 6.0Fixed 60 60 108 107 21.499344283504705 19.54346373368884
6.4 6.2Fixed 60 60 104 107 20.290278336491532 22.53940051258422
6.4 6.4Fixed 60 60 85 75 17.548456451341647 19.638424125180986
6.4 6.6Fixed 60 60 76 83 13.965532698920045 18.349117810128845
6.4 6.8Fixed 60 60 109 94 18.843987810029446 23.41200875326469
6.4 7.0Fixed 60 60 108 88 22.265597120376952 19.85804373982091
6.4 7.2Fixed 60 60 87 91 15.524012597466799 17.814876888052908
6.4 7.4Fixed 60 60 91 70 17.706531546599408 19.268820949007747
6.4 7.6Fixed 60 60 71 64 12.729888367189513 20.166329505146773
6.4 7.8Fixed 60 60 99 77 16.84664813939156 24.844566251730246
6.4 8.0Fixed 60 60 102 82 21.010597349627744 17.902474629221835
6.4 8.2Fixed 60 60 104 87 17.98617940862395 19.567624669600942
6.4 8.4Fixed 60 60 99 78 22.545159043533218 24.40659799189685
6.4 8.6Fixed 60 60 79 71 19.41518891442584 20.25403972613596
6.4 8.8Fixed 60 60 90 68 18.25000697409748 19.673030195464133
6.4 9.0Fixed 60 60 93 73 20.393320497368165 21.3968513998891
6.4 9.2Fixed 60 60 92 72 16.16599052363059 20.8258919529359
6.4 9.4Fixed 60 60 95 63 23.378845488189985 19.652248846969123
6.4 9.6Fixed 60 60 101 67 16.57557217045397 20.35456555320047
6.4 9.8Fixed 60 60 96 66 19.391898688985965 25.09549660164237
6.4 10.0Fixed 60 60 98 60 13.66818846967223 18.273185957991185
6.6 0.2Fixed 60 60 97 285 14.018000189243798 299.21541875326045
6.6 0.4Fixed 60 60 92 285 14.690843445397238 270.8441584688771
6.6 0.6Fixed 60 60 96 285 10.970251309331275 251.3944369685463
6.6 0.8Fixed 60 60 91 285 20.002653538772403 211.3049039808288
6.6 1.0Fixed 60 60 94 285 18.278474590542007 179.66643813863075
6.6 1.2Fixed 60 60 84 285 19.87457021311539 154.12714049784867
6.6 1.4Fixed 60 60 105 285 19.92036306039466 130.0930098930231
6.6 1.6Fixed 60 60 101 285 19.250460595093998 94.30176562429808
6.6 1.8Fixed 60 60 87 285 23.660114811811304 64.22315019697565
6.6 2.0Fixed 60 60 89 280 21.15931387769923 40.08221789425922
6.6 2.2Fixed 60 60 109 252 23.19716604590248 34.19418333262121
6.6 2.4Fixed 60 60 82 258 17.7065794167593 33.808557004294876
6.6 2.6Fixed 60 60 118 233 18.35380150064206 32.2975384814872
6.6 2.8Fixed 60 60 103 206 18.365023381233556 29.40167941159269
6.6 3.0Fixed 60 60 95 203 15.488239845888744 29.112806596923573
6.6 3.2Fixed 60 60 112 178 18.60111594811767 25.062990003291848
6.6 3.4Fixed 60 60 91 180 18.24324740278968 23.529677638936903
6.6 3.6Fixed 60 60 107 177 23.570521163913355 24.53668359213424
6.6 3.8Fixed 60 60 100 160 18.747626808028222 23.62556859093244
6.6 4.0Fixed 60 60 83 148 20.19556822685281 25.494089992773972
6.6 4.2Fixed 60 60 87 121 16.752344109652356 22.96612205158734
6.6 4.4Fixed 60 60 109 143 18.725039975303154 19.92289983183447
6.6 4.6Fixed 60 60 92 135 17.669506673669776 24.476255476187102
6.6 4.8Fixed 60 60 81 126 20.114789162100255 23.108637665726576
6.6 5.0Fixed 60 60 86 117 19.04063878970187 19.28240150979062
6.6 5.2Fixed 60 60 83 107 19.20049382651913 23.086654490025936
6.6 5.4Fixed 60 60 102 110 19.119655435103777 18.054607335696492
6.6 5.6Fixed 60 60 93 120 15.687007198432614 17.05780613418625
6.6 5.8Fixed 60 60 101 98 16.512252033521747 17.2941745738824
6.6 6.0Fixed 60 60 94 104 20.694829897980163 21.986886900574447
6.6 6.2Fixed 60 60 107 100 15.208087592002553 18.845887505039745
6.6 6.4Fixed 60 60 120 89 22.273483449766342 18.612097745736325
6.6 6.6Fixed 60 60 102 90 17.10358480287246 19.07115544505765
6.6 6.8Fixed 60 60 81 87 13.16644902602907 22.471959326009145
6.6 7.0Fixed 60 60 115 82 21.268812544125183 18.73141677590817
6.6 7.2Fixed 60 60 87 69 19.157216471704817 23.050919262762136
6.6 7.4Fixed 60 60 102 84 18.008134877192052 25.866565617794333
6.6 7.6Fixed 60 60 82 76 18.41217766608248 18.882706534435545
6.6 7.8Fixed 60 60 108 91 25.1136291631348 22.592951730979618
6.6 8.0Fixed 60 60 92 82 20.282527106842522 19.677296186962927
6.6 8.2Fixed 60 60 83 77 20.825328099151584 20.869445901666303
6.6 8.4Fixed 60 60 97 62 21.730883002755608 13.51410820102545
6.6 8.6Fixed 60 60 99 78 23.37464295610921 20.128426601444385
6.6 8.8Fixed 60 60 118 70 20.706456331584892 22.15302748428551
6.6 9.0Fixed 60 60 106 66 22.342547901273516 20.20695669854932
6.6 9.2Fixed 60 60 93 76 14.840803408582905 20.35233646498469
6.6 9.4Fixed 60 60 91 59 18.181334579778934 18.729788956292687
6.6 9.6Fixed 60 60 81 61 19.93890233423018 20.593765064139237
6.6 9.8Fixed 60 60 102 67 18.31286135167847 15.619625152699513
6.6 10.0Fixed 60 60 104 49 19.02614174588541 22.743061983617103
6.8 0.2Fixed 60 60 96 285 17.940228929116287 303.9710100191799
6.8 0.4Fixed 60 60 88 285 19.86150803638037 273.5272661699967
6.8 0.6Fixed 60 60 82 285 21.01049643176301 253.23864538920748
6.8 0.8Fixed 60 60 93 285 16.80790487649321 202.17701971062033
6.8 1.0Fixed 60 60 96 285 16.7256947232177 188.36593727783142
6.8 1.2Fixed 60 60 100 285 19.96478118535568 171.57046558376294
6.8 1.4Fixed 60 60 79 285 17.169985173407973 129.61868572335274
6.8 1.6Fixed 60 60 91 285 18.51826126605704 132.5392228442974
6.8 1.8Fixed 60 60 109 285 19.586967657967467 96.42097607224159
6.8 2.0Fixed 60 60 96 283 15.077376723588552 38.826748742263085
6.8 2.2Fixed 60 60 95 256 19.714267457008994 32.68114029638944
6.8 2.4Fixed 60 60 100 249 21.507318985647508 33.663467579109884
6.8 2.6Fixed 60 60 88 246 16.519296871889814 28.21241377739223
6.8 2.8Fixed 60 60 87 217 22.172998397649966 29.559530414865225
6.8 3.0Fixed 60 60 96 180 19.091171463967036 22.590571823397973
6.8 3.2Fixed 60 60 75 195 17.397613459709817 23.64885074656028
6.8 3.4Fixed 60 60 106 157 17.85196344233238 25.285070296672664
6.8 3.6Fixed 60 60 116 159 18.866609774923834 21.83184567808909
6.8 3.8Fixed 60 60 91 174 19.70744746553805 29.949145539612843
6.8 4.0Fixed 60 60 94 162 17.454214747061517 24.867860733197695
6.8 4.2Fixed 60 60 91 138 18.776770301793984 21.183890888358004
6.8 4.4Fixed 60 60 99 142 17.651792488076826 23.48392414933873
6.8 4.6Fixed 60 60 98 120 19.75663240510291 22.137993006106328
6.8 4.8Fixed 60 60 103 122 18.328082590965277 21.44361873947436
6.8 5.0Fixed 60 60 87 116 21.018839241253374 19.36468122484673
6.8 5.2Fixed 60 60 94 113 17.032540987525678 19.036667822145517
6.8 5.4Fixed 60 60 83 92 22.99340103608776 20.782117822919933
6.8 5.6Fixed 60 60 91 110 17.821519169834147 25.959545113756594
6.8 5.8Fixed 60 60 86 92 15.765864423646155 19.116404385233185
6.8 6.0Fixed 60 60 123 120 19.20577801521886 19.978216631099365
6.8 6.2Fixed 60 60 94 98 20.233202959600543 21.084923100816283
6.8 6.4Fixed 60 60 87 100 19.47867326304534 20.985758340192795
6.8 6.6Fixed 60 60 97 102 18.219475582230483 18.428003815133792
6.8 6.8Fixed 60 60 130 82 21.075065428867237 21.514595720808963
6.8 7.0Fixed 60 60 91 79 19.872583113692023 18.848169483408775
6.8 7.2Fixed 60 60 80 77 19.369531556125462 16.34446913872759
6.8 7.4Fixed 60 60 86 83 18.475457892788402 22.88978255863103
6.8 7.6Fixed 60 60 83 67 17.321002370255933 19.78826524040117
6.8 7.8Fixed 60 60 99 80 20.097944718419544 19.52441394933594
6.8 8.0Fixed 60 60 104 85 20.43541319675421 22.585519487499795
6.8 8.2Fixed 60 60 101 64 21.38624934499086 19.19231408400698
6.8 8.4Fixed 60 60 93 61 19.9399053263878 16.174192172989716
6.8 8.6Fixed 60 60 94 79 14.914696202694671 20.119582766483376
6.8 8.8Fixed 60 60 85 82 21.040247508714117 17.198128174425975
6.8 9.0Fixed 60 60 97 64 19.9982106290561 19.861955906767115
6.8 9.2Fixed 60 60 112 66 19.994853988481545 25.714747014444352
6.8 9.4Fixed 60 60 96 60 19.854268448853087 14.716066045249862
6.8 9.6Fixed 60 60 84 59 17.329503317552998 23.06073856400728
6.8 9.8Fixed 60 60 97 53 25.187330762018433 21.66502131601235
6.8 10.0Fixed 60 60 100 54 19.318186468096428 24.468721629054404
7.0 0.2Fixed 60 60 89 285 18.368270139177138 301.4244659519882
7.0 0.4Fixed 60 60 90 285 18.532310134328394 269.2652368032207
7.0 0.6Fixed 60 60 103 285 17.604864024968442 245.86977688546892
7.0 0.8Fixed 60 60 110 285 21.875150655083367 223.89145994974726
7.0 1.0Fixed 60 60 72 285 12.005055095808958 190.06406642389567
7.0 1.2Fixed 60 60 102 285 16.19032651437734 162.4741648003411
7.0 1.4Fixed 60 60 93 285 19.222719360386485 128.35698619876175
7.0 1.6Fixed 60 60 91 285 20.210044729328185 84.58351954580857
7.0 1.8Fixed 60 60 89 285 22.035102375396722 103.20717252951508
7.0 2.0Fixed 60 60 107 278 19.761028958655448 38.448571977304795
7.0 2.2Fixed 60 60 114 285 22.650918312392754 71.44694947370654
7.0 2.4Fixed 60 60 92 250 19.615517778380053 30.64516575620677
7.0 2.6Fixed 60 60 106 246 19.72498357092567 29.471472184921566
7.0 2.8Fixed 60 60 79 219 16.729759786111266 27.763268500929748
7.0 3.0Fixed 60 60 100 203 16.266326464776924 28.70242534823021
7.0 3.2Fixed 60 60 89 211 21.785149071724017 28.445234042117047
7.0 3.4Fixed 60 60 99 167 20.446996721229034 25.59871239473854
7.0 3.6Fixed 60 60 91 164 20.281431811326065 24.391432037391496
7.0 3.8Fixed 60 60 87 172 21.559624919034633 25.787077234075326
7.0 4.0Fixed 60 60 92 141 18.676509565602153 24.949535517960985
7.0 4.2Fixed 60 60 96 134 19.407485410341142 22.11219839246361
7.0 4.4Fixed 60 60 99 141 17.903324720289593 22.838859163305425
7.0 4.6Fixed 60 60 87 125 18.139183834793762 21.895696387418162
7.0 4.8Fixed 60 60 87 113 17.8061412434028 20.29544719096214
7.0 5.0Fixed 60 60 84 143 17.03690239714299 29.10091887145204
7.0 5.2Fixed 60 60 83 129 16.135985409180698 24.426159061507224
7.0 5.4Fixed 60 60 86 116 14.866804860037698 21.825318880591198
7.0 5.6Fixed 60 60 77 92 17.945218227734177 21.113951460541877
7.0 5.8Fixed 60 60 91 109 22.397369947993386 24.85173684093732
7.0 6.0Fixed 60 60 89 92 18.354716065316094 17.3482765195758
7.0 6.2Fixed 60 60 83 87 14.660755307737933 19.340995926951333
7.0 6.4Fixed 60 60 106 99 18.03089082867058 21.98192465412773
7.0 6.6Fixed 60 60 103 99 14.42020197238791 21.28062412040638
7.0 6.8Fixed 60 60 92 90 16.089175901469535 21.81342892656575
7.0 7.0Fixed 60 60 92 86 16.70840331517645 20.649044022215776
7.0 7.2Fixed 60 60 89 98 18.16514855695575 22.122363810593214
7.0 7.4Fixed 60 60 83 93 18.77313032257695 24.74935806842524
7.0 7.6Fixed 60 60 90 78 18.04333663867463 17.406253448636697
7.0 7.8Fixed 60 60 86 78 15.736807939663619 26.402631706914253
7.0 8.0Fixed 60 60 96 66 17.58537948278476 16.995026999019338
7.0 8.2Fixed 60 60 89 80 19.490605190563446 15.199622598831397
7.0 8.4Fixed 60 60 79 68 21.7177085409346 22.30570482158899
7.0 8.6Fixed 60 60 101 74 19.644045491263768 23.114710756708508
7.0 8.8Fixed 60 60 80 54 21.73941647895635 19.03380259030925
7.0 9.0Fixed 60 60 104 55 17.229486831563612 17.942137987522642
7.0 9.2Fixed 60 60 86 64 14.916122364956735 19.909369472277593
7.0 9.4Fixed 60 60 94 66 19.121919133870122 20.30043714356995
7.0 9.6Fixed 60 60 92 70 21.077602040926095 22.010197641896944
7.0 9.8Fixed 60 60 84 56 19.389749094203157 25.726622745567333
7.0 10.0Fixed 60 60 88 73 17.16551851192874 21.29520690684019
7.2 0.2Fixed 60 60 78 285 15.288231654986529 303.6124229555537
7.2 0.4Fixed 60 60 103 285 17.675586525877854 271.146098997788
7.2 0.6Fixed 60 60 80 285 15.259920464866791 246.9805825149485
7.2 0.8Fixed 60 60 92 285 20.76797482128692 219.04147013815498
7.2 1.0Fixed 60 60 93 285 17.060839180423716 197.52787071151243
7.2 1.2Fixed 60 60 88 285 17.220921258705516 150.90394966815995
7.2 1.4Fixed 60 60 83 285 12.283167367923484 108.35155262220644
7.2 1.6Fixed 60 60 107 285 20.13422684049438 137.43633803273434
7.2 1.8Fixed 60 60 89 285 21.122805360362914 79.46830930890432
7.2 2.0Fixed 60 60 83 285 19.512830617739244 68.56190137554971
7.2 2.2Fixed 60 60 93 272 19.5375055399657 34.153791964755875
7.2 2.4Fixed 60 60 85 220 17.15951380835879 30.32653989598453
7.2 2.6Fixed 60 60 103 214 22.05331120298518 24.88057467558246
7.2 2.8Fixed 60 60 88 204 19.546347954346388 24.464165346968347
7.2 3.0Fixed 60 60 82 214 14.362649918373945 26.21249383055439
7.2 3.2Fixed 60 60 80 182 14.821054047600274 27.97810814724627
7.2 3.4Fixed 60 60 85 180 18.25500603036875 23.021507776474284
7.2 3.6Fixed 60 60 86 186 21.125231691445943 22.128899007434278
7.2 3.8Fixed 60 60 94 165 19.33789316556247 26.628010819456964
7.2 4.0Fixed 60 60 88 148 16.64419170944064 23.83620755223375
7.2 4.2Fixed 60 60 95 145 17.929890753985784 26.197817927621063
7.2 4.4Fixed 60 60 100 126 19.63824316303824 21.86820901144971
7.2 4.6Fixed 60 60 78 125 14.365011174505304 19.309917355508645
7.2 4.8Fixed 60 60 98 119 18.317175165872733 20.271234016992395
7.2 5.0Fixed 60 60 69 131 23.18804218061368 22.60210295921583
7.2 5.2Fixed 60 60 87 110 15.272736278799234 16.84527279790291
7.2 5.4Fixed 60 60 90 107 18.976832306744328 23.770373881272594
7.2 5.6Fixed 60 60 89 115 18.255334647013573 18.749464242837547
7.2 5.8Fixed 60 60 90 109 19.762791262740713 21.83356811730601
7.2 6.0Fixed 60 60 77 87 17.764875912535796 18.069448354925143
7.2 6.2Fixed 60 60 85 82 16.989075904258094 24.260832761518518
7.2 6.4Fixed 60 60 70 107 23.307996580641827 19.759499507009462
7.2 6.6Fixed 60 60 101 71 19.845100972096304 20.067359558663092
7.2 6.8Fixed 60 60 80 90 16.038592622033477 22.410207852457027
7.2 7.0Fixed 60 60 91 84 18.504713888712875 23.214650878019423
7.2 7.2Fixed 60 60 85 73 16.69782993770464 20.052074770200424
7.2 7.4Fixed 60 60 105 95 20.83570749505453 19.300491530989937
7.2 7.6Fixed 60 60 92 77 19.287415679025557 20.909645716778968
7.2 7.8Fixed 60 60 84 84 18.57203420885448 19.1811415272078
7.2 8.0Fixed 60 60 84 61 19.559454653870944 22.51768590838145
7.2 8.2Fixed 60 60 99 68 16.650330312494155 16.205173732116993
7.2 8.4Fixed 60 60 79 57 18.288167707717733 20.266761771581617
7.2 8.6Fixed 60 60 80 75 15.738774813954262 17.489027238787468
7.2 8.8Fixed 60 60 85 72 13.298578906414363 28.0898203548552
7.2 9.0Fixed 60 60 101 68 15.763734674298448 20.455722382679784
7.2 9.2Fixed 60 60 98 67 15.7278985287485 20.056142737665244
7.2 9.4Fixed 60 60 90 52 22.170105377145685 18.226043177611515
7.2 9.6Fixed 60 60 79 69 18.931686041052586 24.569919098443997
7.2 9.8Fixed 60 60 114 53 20.710425459389928 17.3427683016888
7.2 10.0Fixed 60 60 87 63 16.397572176344024 20.80460277923889
7.4 0.2Fixed 60 60 90 285 13.862208220060833 300.05272073318343
7.4 0.4Fixed 60 60 101 285 17.65849180923048 280.3621446313743
7.4 0.6Fixed 60 60 88 285 20.765978498271945 236.8723491303542
7.4 0.8Fixed 60 60 98 285 16.832574013759277 209.05032620552635
7.4 1.0Fixed 60 60 79 285 23.307170413153774 187.1593479189116
7.4 1.2Fixed 60 60 83 285 14.175667902947373 164.4865687082425
7.4 1.4Fixed 60 60 98 285 16.3241443136778 129.1395997564443
7.4 1.6Fixed 60 60 77 285 18.068539158457515 94.37009985404414
7.4 1.8Fixed 60 60 67 285 20.943548309332087 58.839464580204265
7.4 2.0Fixed 60 60 75 268 21.02916406340864 36.17525847196831
7.4 2.2Fixed 60 60 91 254 18.720799008825246 32.52635954332477
7.4 2.4Fixed 60 60 92 262 23.93516193958514 38.57378994056766
7.4 2.6Fixed 60 60 88 253 19.724823727167607 29.895096811353422
7.4 2.8Fixed 60 60 87 196 22.18947293819516 26.365927211307113
7.4 3.0Fixed 60 60 91 199 20.943717428963634 25.381010718123992
7.4 3.2Fixed 60 60 78 185 19.127066554216732 26.65809183882632
7.4 3.4Fixed 60 60 93 190 17.798705905225614 27.71446482981963
7.4 3.6Fixed 60 60 82 167 18.66488369211617 26.18659275396615
7.4 3.8Fixed 60 60 99 175 14.91844293440486 23.87331201292686
7.4 4.0Fixed 60 60 73 143 15.232075715018627 21.38226734710205
7.4 4.2Fixed 60 60 87 146 18.856354254972217 26.7799394860973
7.4 4.4Fixed 60 60 92 145 17.76304527580713 24.988249111807384
7.4 4.6Fixed 60 60 103 122 21.16081300010015 16.756395955635632
7.4 4.8Fixed 60 60 99 132 15.358788865243804 20.3860833428132
7.4 5.0Fixed 60 60 89 120 18.551038928531504 21.548106961246745
7.4 5.2Fixed 60 60 87 114 17.490024110336623 21.089923773297418
7.4 5.4Fixed 60 60 90 108 15.642498285283937 21.064421015020525
7.4 5.6Fixed 60 60 74 96 20.909479363554116 19.20541427774813
7.4 5.8Fixed 60 60 70 101 16.15710249141707 18.870092740224322
7.4 6.0Fixed 60 60 82 91 20.575976304051633 21.751431510848576
7.4 6.2Fixed 60 60 88 109 23.023880754020706 21.898150739493886
7.4 6.4Fixed 60 60 105 96 22.59777194898932 23.25876087521028
7.4 6.6Fixed 60 60 81 89 13.87289746483611 23.352821501367302
7.4 6.8Fixed 60 60 84 97 18.111938711307644 20.29854489633358
7.4 7.0Fixed 60 60 84 78 17.733690980031323 14.93055645467602
7.4 7.2Fixed 60 60 78 93 13.400397793096037 25.890605475666973
7.4 7.4Fixed 60 60 79 74 15.795835148940313 23.701286661186586
7.4 7.6Fixed 60 60 86 70 20.750458538931397 18.418001348246428
7.4 7.8Fixed 60 60 80 72 21.0495411666164 15.338813656676102
7.4 8.0Fixed 60 60 86 76 14.577713594906959 22.195845969120523
7.4 8.2Fixed 60 60 72 81 19.632908476613675 21.78222423997938
7.4 8.4Fixed 60 60 79 80 18.219945341023564 18.02921221104153
7.4 8.6Fixed 60 60 88 79 19.444399513694915 19.417123071252867
7.4 8.8Fixed 60 60 88 76 19.627599243717256 23.426125180538044
7.4 9.0Fixed 60 60 83 60 20.737863656547628 17.55347468751251
7.4 9.2Fixed 60 60 89 78 18.783913073722747 20.668509171951193
7.4 9.4Fixed 60 60 82 68 21.434937530564 19.896875637643944
7.4 9.6Fixed 60 60 98 74 18.711211042562265 14.286423650992669
7.4 9.8Fixed 60 60 77 56 25.94684400074785 22.54277552172814
7.4 10.0Fixed 60 60 90 52 19.60568248773234 14.241799625423438
7.6 0.2Fixed 60 60 83 285 18.882808719855788 301.16809007355823
7.6 0.4Fixed 60 60 96 285 20.840707423295516 279.8164716030098
7.6 0.6Fixed 60 60 93 285 20.14582881386563 242.54692318860157
7.6 0.8Fixed 60 60 79 285 22.33331820062327 234.0633702096917
7.6 1.0Fixed 60 60 103 285 15.718218694051314 189.81329103454897
7.6 1.2Fixed 60 60 72 285 14.398711985203692 156.50676274940136
7.6 1.4Fixed 60 60 96 285 16.412216239457607 131.35276850276944
7.6 1.6Fixed 60 60 98 285 18.92698105673846 128.9786973651789
7.6 1.8Fixed 60 60 92 285 18.769070948391278 105.17251482195152
7.6 2.0Fixed 60 60 90 282 21.897684160149655 40.522326488022
7.6 2.2Fixed 60 60 85 277 19.67964736063826 39.691572880074865
7.6 2.4Fixed 60 60 91 233 25.401333561149077 28.647539754099032
7.6 2.6Fixed 60 60 80 230 16.86209078775393 33.28574274888379
7.6 2.8Fixed 60 60 83 232 16.17146167296496 30.143432722058137
7.6 3.0Fixed 60 60 70 213 27.78764419819577 27.2388495146
7.6 3.2Fixed 60 60 84 188 18.793692412164507 23.80831244615498
7.6 3.4Fixed 60 60 78 183 18.87270041821159 29.07212984920484
7.6 3.6Fixed 60 60 75 139 19.150317609911756 23.611740096625162
7.6 3.8Fixed 60 60 83 142 12.627766727500823 20.991958028883605
7.6 4.0Fixed 60 60 74 137 16.501112988410053 24.663333792635083
7.6 4.2Fixed 60 60 73 145 14.199168441038848 23.864430113018198
7.6 4.4Fixed 60 60 79 137 20.391676299715655 26.883718488064687
7.6 4.6Fixed 60 60 90 135 17.98498696208258 24.04893205283481
7.6 4.8Fixed 60 60 83 146 19.601683787314755 20.88245274607395
7.6 5.0Fixed 60 60 89 107 25.380674774466158 16.113186730477945
7.6 5.2Fixed 60 60 81 126 16.66838760626746 19.892801796606257
7.6 5.4Fixed 60 60 91 131 14.334420523130735 24.00585565781592
7.6 5.6Fixed 60 60 80 111 19.70809357108383 18.977218861328076
7.6 5.8Fixed 60 60 83 102 20.62545990171327 22.47491870908449
7.6 6.0Fixed 60 60 85 103 19.105956163927395 21.9095007545168
7.6 6.2Fixed 60 60 90 97 17.30692948210473 27.028980949504394
7.6 6.4Fixed 60 60 99 106 21.882054869943904 23.702678707049312
7.6 6.6Fixed 60 60 95 89 23.014794087671927 19.473122679274397
7.6 6.8Fixed 60 60 82 89 15.227005695598836 24.27570004974013
7.6 7.0Fixed 60 60 78 70 12.951158895587147 23.46845500595879
7.6 7.2Fixed 60 60 87 83 16.629902590241027 22.70010359699686
7.6 7.4Fixed 60 60 69 90 20.385431785130887 20.85441299939783
7.6 7.6Fixed 60 60 93 90 20.33551335808823 20.22869611841838
7.6 7.8Fixed 60 60 70 68 23.711630038680166 18.99302917490897
7.6 8.0Fixed 60 60 90 72 21.047452430979067 21.0124543611904
7.6 8.2Fixed 60 60 91 71 17.33536761272696 21.421465735053612
7.6 8.4Fixed 60 60 87 69 19.807162064721616 16.756592779310385
7.6 8.6Fixed 60 60 88 51 12.496567996513273 17.5102392679828
7.6 8.8Fixed 60 60 98 77 16.798148484122684 22.639495780770876
7.6 9.0Fixed 60 60 96 62 20.408323022675862 20.36697658918698
7.6 9.2Fixed 60 60 72 76 17.455800392391037 19.616471959818316
7.6 9.4Fixed 60 60 89 65 12.851895062830328 18.609525599466338
7.6 9.6Fixed 60 60 89 65 17.768860854902464 18.64623945631996
7.6 9.8Fixed 60 60 84 48 18.742647250983374 22.398749130205626
7.6 10.0Fixed 60 60 102 69 18.56156874171377 19.05287191537305
7.8 0.2Fixed 60 60 90 285 18.97699728250145 299.28001630638204
7.8 0.4Fixed 60 60 90 285 23.258274809245975 277.8244370899945
7.8 0.6Fixed 60 60 84 285 20.509004351009533 243.6081965557054
7.8 0.8Fixed 60 60 77 285 13.950523644127522 213.76352778685734
7.8 1.0Fixed 60 60 87 285 25.899685054908677 200.80878254460546
7.8 1.2Fixed 60 60 73 285 20.01104504282406 165.610895774449
7.8 1.4Fixed 60 60 86 285 23.811305969499212 125.41179637090775
7.8 1.6Fixed 60 60 84 285 18.90230386536435 82.09848191554647
7.8 1.8Fixed 60 60 95 285 19.004911261040796 52.62108520615795
7.8 2.0Fixed 60 60 75 285 14.864642992289522 73.96532592831939
7.8 2.2Fixed 60 60 69 271 21.658803469923864 38.74518862419519
7.8 2.4Fixed 60 60 66 270 17.011959448792922 38.12151771921499
7.8 2.6Fixed 60 60 103 219 19.092935228656675 23.4827188613656
7.8 2.8Fixed 60 60 79 229 16.258200546580063 25.916984694489898
7.8 3.0Fixed 60 60 86 196 21.26135769109236 25.88877500359179
7.8 3.2Fixed 60 60 83 177 19.57515478237182 24.957922007983722
7.8 3.4Fixed 60 60 78 161 24.853299647860442 23.8529915012411
7.8 3.6Fixed 60 60 74 158 20.259605107151714 21.40201157102986
7.8 3.8Fixed 60 60 85 158 18.717518406916593 22.06479386614875
7.8 4.0Fixed 60 60 94 131 18.458565319534014 21.8776636747131
7.8 4.2Fixed 60 60 86 157 19.208934032139222 22.019767971612236
7.8 4.4Fixed 60 60 82 144 16.820799819482943 27.321380874865966
7.8 4.6Fixed 60 60 79 126 14.877693087694743 19.56227480002848
7.8 4.8Fixed 60 60 91 137 16.82679835344873 22.037356843772265
7.8 5.0Fixed 60 60 88 112 19.19852011491453 21.535529925936753
7.8 5.2Fixed 60 60 71 120 16.93284405193385 23.900224366532278
7.8 5.4Fixed 60 60 94 136 19.629253673235535 20.209337517829695
7.8 5.6Fixed 60 60 77 117 13.35387634594024 25.91300391970968
7.8 5.8Fixed 60 60 89 102 15.3001903167757 23.496971171021087
7.8 6.0Fixed 60 60 94 97 17.605157182994486 21.569397192525585
7.8 6.2Fixed 60 60 78 83 15.913443060343633 21.05203709008615
7.8 6.4Fixed 60 60 75 102 18.897224700545042 24.47135499573416
7.8 6.6Fixed 60 60 79 89 14.55642327995902 22.807291964842058
7.8 6.8Fixed 60 60 84 106 19.46715181154728 19.615218577324203
7.8 7.0Fixed 60 60 92 88 21.711361952700564 20.650826444423227
7.8 7.2Fixed 60 60 76 64 19.415593722923308 19.06884416682425
7.8 7.4Fixed 60 60 82 91 22.81528035744738 21.48795745518686
7.8 7.6Fixed 60 60 83 94 22.390136139745312 19.68828073849994
7.8 7.8Fixed 60 60 73 71 22.555926165178665 21.899514032013958
7.8 8.0Fixed 60 60 74 56 12.926353014216927 19.924798595872605
7.8 8.2Fixed 60 60 76 87 16.268717588834082 21.007485252093076
7.8 8.4Fixed 60 60 77 75 21.86200332732368 19.14227515900055
7.8 8.6Fixed 60 60 84 75 20.17631534235642 19.99565423442028
7.8 8.8Fixed 60 60 96 67 19.496446453876924 20.106682835874462
7.8 9.0Fixed 60 60 79 50 21.35219342847656 21.188692326279217
7.8 9.2Fixed 60 60 92 51 20.261525112003547 19.329388160794533
7.8 9.4Fixed 60 60 79 69 19.430571873342743 24.38185494059934
7.8 9.6Fixed 60 60 83 49 19.432516161549067 22.091493710066505
7.8 9.8Fixed 60 60 87 58 16.89222384035649 23.609855918940788
7.8 10.0Fixed 60 60 95 54 22.009266357011658 20.459874547499574
8.0 0.2Fixed 60 60 83 285 16.841072595643475 302.2963910171846
8.0 0.4Fixed 60 60 83 285 15.085014966082685 273.68184324804326
8.0 0.6Fixed 60 60 88 285 11.334727689291443 244.54047202844802
8.0 0.8Fixed 60 60 79 285 19.604003321326363 216.75206414130724
8.0 1.0Fixed 60 60 77 285 22.384414389393285 174.907096178288
8.0 1.2Fixed 60 60 81 285 20.750564705302363 141.2701429107956
8.0 1.4Fixed 60 60 72 285 20.115652798327535 119.44356231044873
8.0 1.6Fixed 60 60 83 285 18.69056980305314 112.7704770601849
8.0 1.8Fixed 60 60 81 285 17.631348803085967 68.01829470966268
8.0 2.0Fixed 60 60 93 285 14.117298980479038 44.964234795629324
8.0 2.2Fixed 60 60 84 285 20.16449372664105 45.1094653972938
8.0 2.4Fixed 60 60 77 268 17.018482354655653 30.70075743214682
8.0 2.6Fixed 60 60 87 204 16.009231893098317 28.959314026207565
8.0 2.8Fixed 60 60 89 216 19.58138240416023 28.831590261215823
8.0 3.0Fixed 60 60 89 196 17.737952290807286 23.562992832112176
8.0 3.2Fixed 60 60 79 180 14.01552451255742 26.518659680380278
8.0 3.4Fixed 60 60 94 174 17.404746103014435 27.576271476484536
8.0 3.6Fixed 60 60 77 159 16.008052498737534 26.29871297743891
8.0 3.8Fixed 60 60 84 155 20.08494717629517 26.858559063820717
8.0 4.0Fixed 60 60 65 171 17.769725990622963 22.770339202408
8.0 4.2Fixed 60 60 88 150 16.234172089171672 20.981955985375397
8.0 4.4Fixed 60 60 82 128 17.172567105970433 22.160585775816365
8.0 4.6Fixed 60 60 85 125 16.773638283874853 22.57793881264962
8.0 4.8Fixed 60 60 92 113 20.361690825646907 20.102828721024835
8.0 5.0Fixed 60 60 84 125 16.078728506006396 23.872939002626882
8.0 5.2Fixed 60 60 76 113 18.450885377080805 22.588582935642457
8.0 5.4Fixed 60 60 68 124 19.11322293854608 25.280445473257306
8.0 5.6Fixed 60 60 69 129 14.451597857455136 25.41193991122132
8.0 5.8Fixed 60 60 68 99 19.878742187261803 20.591797410678378
8.0 6.0Fixed 60 60 75 96 18.58404460566425 17.89579536232868
8.0 6.2Fixed 60 60 91 91 23.198640350696564 22.677375544204622
8.0 6.4Fixed 60 60 80 93 19.36578064444834 17.841024321611897
8.0 6.6Fixed 60 60 80 98 19.668425813820228 24.58310548559655
8.0 6.8Fixed 60 60 96 104 19.03126949516978 18.75367473188755
8.0 7.0Fixed 60 60 86 91 16.494072544820902 20.064988598506687
8.0 7.2Fixed 60 60 69 96 16.8139342521706 23.77688095917554
8.0 7.4Fixed 60 60 92 83 15.309477988575564 16.854880117604743
8.0 7.6Fixed 60 60 74 73 15.917878914205003 21.903793536363267
8.0 7.8Fixed 60 60 78 67 19.790042913270042 22.97089472833518
8.0 8.0Fixed 60 60 89 81 19.581053232129214 18.86467615148468
8.0 8.2Fixed 60 60 79 63 14.21959055414858 22.44903241664037
8.0 8.4Fixed 60 60 70 79 18.674583441585153 17.46441726241918
8.0 8.6Fixed 60 60 84 76 18.443620406157827 20.509199249369807
8.0 8.8Fixed 60 60 72 62 16.18110840021138 17.401325772432855
8.0 9.0Fixed 60 60 95 72 19.400431104321303 19.944675791204855
8.0 9.2Fixed 60 60 78 54 17.46638074995804 16.08678680290021
8.0 9.4Fixed 60 60 80 58 17.414266199271204 17.118636594307066
8.0 9.6Fixed 60 60 91 68 21.393633712150155 20.32199091358262
8.0 9.8Fixed 60 60 72 52 18.15044501964305 19.804432652610714
8.0 10.0Fixed 60 60 78 67 24.067153913144057 18.998992174743837
8.2 0.2Fixed 60 60 75 285 20.374287392064225 302.9108671924268
8.2 0.4Fixed 60 60 74 285 18.77213630409927 269.88242291261014
8.2 0.6Fixed 60 60 85 285 22.62943512792372 256.7015014899596
8.2 0.8Fixed 60 60 83 285 22.75105439537177 220.00215895778632
8.2 1.0Fixed 60 60 86 285 16.696898675321425 196.13354386770294
8.2 1.2Fixed 60 60 87 285 17.70730631612937 140.72291449797189
8.2 1.4Fixed 60 60 81 285 17.485510750916024 105.22221248710284
8.2 1.6Fixed 60 60 76 285 19.292281088229988 84.42397874103304
8.2 1.8Fixed 60 60 75 285 19.11305409723486 44.86729740897914
8.2 2.0Fixed 60 60 96 281 23.393004562002627 38.26918434628942
8.2 2.2Fixed 60 60 83 248 22.331193328873987 28.225657945755962
8.2 2.4Fixed 60 60 74 261 20.59569502440522 33.70719031758399
8.2 2.6Fixed 60 60 74 239 16.212645740799662 27.615254565768094
8.2 2.8Fixed 60 60 78 203 21.898977153850353 29.966929602858674
8.2 3.0Fixed 60 60 98 186 23.926295320468792 27.994566186344006
8.2 3.2Fixed 60 60 73 189 16.612605354417802 23.86659975227233
8.2 3.4Fixed 60 60 81 168 24.927936612490846 23.7130962127412
8.2 3.6Fixed 60 60 82 193 22.321081607812303 26.097049430511607
8.2 3.8Fixed 60 60 71 166 16.414998613334806 24.101663608519168
8.2 4.0Fixed 60 60 79 160 19.44155410738939 22.06705923506103
8.2 4.2Fixed 60 60 93 160 19.148210269880003 19.946727279634818
8.2 4.4Fixed 60 60 83 116 18.837961418168568 19.27792689315113
8.2 4.6Fixed 60 60 77 126 17.714351780755447 23.86694930458614
8.2 4.8Fixed 60 60 84 134 17.36787305219408 25.525005337164476
8.2 5.0Fixed 60 60 73 143 19.340785599304088 26.031478815663835
8.2 5.2Fixed 60 60 81 108 18.606086842170335 20.31495072000407
8.2 5.4Fixed 60 60 78 118 20.48118593211563 19.480512926243588
8.2 5.6Fixed 60 60 96 123 17.364245639979842 21.17458951463179
8.2 5.8Fixed 60 60 67 100 23.128323194024023 19.904568276414494
8.2 6.0Fixed 60 60 79 95 16.430095282135547 18.8788742717209
8.2 6.2Fixed 60 60 79 91 19.578457063094653 21.46501313020671
8.2 6.4Fixed 60 60 86 105 15.127715352474878 23.46900604899533
8.2 6.6Fixed 60 60 78 94 13.945538043542069 19.37221352182528
8.2 6.8Fixed 60 60 76 72 12.901482155563215 19.892992805064736
8.2 7.0Fixed 60 60 74 93 15.775932946208354 21.934482693521563
8.2 7.2Fixed 60 60 68 94 17.189815761091943 18.198899859765614
8.2 7.4Fixed 60 60 79 66 18.339508238992018 26.07232562954733
8.2 7.6Fixed 60 60 78 68 21.827365241925914 16.546272436355896
8.2 7.8Fixed 60 60 78 74 17.39361684588661 17.79361058912005
8.2 8.0Fixed 60 60 86 68 18.61399225151713 18.559879054502968
8.2 8.2Fixed 60 60 94 65 19.093224503925796 20.93939327804426
8.2 8.4Fixed 60 60 66 77 21.067136262970536 16.194257090903317
8.2 8.6Fixed 60 60 81 59 14.110410765557244 12.198161662493177
8.2 8.8Fixed 60 60 76 72 21.636929329273595 18.345547829603486
8.2 9.0Fixed 60 60 91 71 17.546501487062013 18.9553861080854
8.2 9.2Fixed 60 60 69 57 21.03029791257065 21.48506586321481
8.2 9.4Fixed 60 60 72 66 19.855699169583275 18.819852526595948
8.2 9.6Fixed 60 60 67 64 18.91776019509 24.581911602439607
8.2 9.8Fixed 60 60 71 57 20.428254704236775 26.15512946141479
8.2 10.0Fixed 60 60 68 55 14.658248277498886 19.847936827715024
8.4 0.2Fixed 60 60 87 285 17.78721716045378 304.2901294901998
8.4 0.4Fixed 60 60 86 285 18.02823034896034 271.4547320916036
8.4 0.6Fixed 60 60 70 285 16.5775735726113 257.0446110849633
8.4 0.8Fixed 60 60 94 285 17.999873843304613 214.24482621386602
8.4 1.0Fixed 60 60 87 285 16.001756254091372 176.3364110026248
8.4 1.2Fixed 60 60 77 285 18.64711445845898 155.07923732746877
8.4 1.4Fixed 60 60 85 285 23.981665174845944 152.1294603264766
8.4 1.6Fixed 60 60 70 285 21.187834463685302 138.93115116530285
8.4 1.8Fixed 60 60 60 285 18.553186360676907 88.35363232564018
8.4 2.0Fixed 60 60 81 276 17.02199262560028 65.34790337524208
8.4 2.2Fixed 60 60 64 280 18.205779551730807 39.737343487010136
8.4 2.4Fixed 60 60 78 241 18.801715574143543 32.06403276992509
8.4 2.6Fixed 60 60 71 223 16.56988959840299 29.531298094805145
8.4 2.8Fixed 60 60 77 226 16.500092724788033 32.92722285467
8.4 3.0Fixed 60 60 92 186 17.23939929623962 30.8431591064529
8.4 3.2Fixed 60 60 64 195 15.050109263416479 28.534143015320403
8.4 3.4Fixed 60 60 76 179 16.897520106806784 25.943130999927835
8.4 3.6Fixed 60 60 72 153 15.343623211882566 21.659278413764547
8.4 3.8Fixed 60 60 81 163 15.29055322069354 27.718675661237363
8.4 4.0Fixed 60 60 95 156 16.512306102457515 26.936253982196213
8.4 4.2Fixed 60 60 75 149 19.59542392537381 23.82558324135256
8.4 4.4Fixed 60 60 79 154 17.72037284652013 23.14968752334144
8.4 4.6Fixed 60 60 71 140 16.533796450380848 21.943757970429914
8.4 4.8Fixed 60 60 74 133 19.808836251193252 24.81536983820356
8.4 5.0Fixed 60 60 62 125 19.41860169250668 22.842105506839616
8.4 5.2Fixed 60 60 66 127 16.882739376897366 20.301469937714064
8.4 5.4Fixed 60 60 92 103 19.999253280255438 19.000503116770453
8.4 5.6Fixed 60 60 78 119 18.249382177672988 20.42001248486465
8.4 5.8Fixed 60 60 72 109 17.822074905924694 18.391654297244884
8.4 6.0Fixed 60 60 90 94 18.44252640721019 28.623958459053313
8.4 6.2Fixed 60 60 66 81 16.70594741991074 20.44176795078795
8.4 6.4Fixed 60 60 93 106 17.263276278357203 17.012057460017385
8.4 6.6Fixed 60 60 79 89 17.45765510976599 20.451029500843827
8.4 6.8Fixed 60 60 81 89 21.072738303444414 20.187629533002987
8.4 7.0Fixed 60 60 82 89 22.25333507670221 23.551843151528935
8.4 7.2Fixed 60 60 81 76 20.049071351696544 19.854969635468525
8.4 7.4Fixed 60 60 72 77 14.678183898713419 21.154984092199836
8.4 7.6Fixed 60 60 78 60 16.491164347928827 20.341667783602823
8.4 7.8Fixed 60 60 81 82 19.281476345019207 18.117368045878436
8.4 8.0Fixed 60 60 81 68 19.648002714197467 14.087200594691252
8.4 8.2Fixed 60 60 70 70 13.241275937027117 23.35744475610454
8.4 8.4Fixed 60 60 76 89 20.150553897824448 18.37997516384011
8.4 8.6Fixed 60 60 84 76 15.737703899907588 18.567084503659714
8.4 8.8Fixed 60 60 66 73 15.724686968177277 19.05318221030284
8.4 9.0Fixed 60 60 71 56 16.818827615591267 23.59284724133229
8.4 9.2Fixed 60 60 75 61 18.84768210070301 22.776881158220082
8.4 9.4Fixed 60 60 76 77 17.970313854747396 21.812946945406086
8.4 9.6Fixed 60 60 76 59 18.848579250211724 18.159770494134914
8.4 9.8Fixed 60 60 77 61 18.816271379141263 19.25159666355911
8.4 10.0Fixed 60 60 65 63 17.71281307291397 21.56479721500556
8.6 0.2Fixed 60 60 71 285 14.363202693116708 303.90876206669947
8.6 0.4Fixed 60 60 92 285 18.62930432818001 273.99481693297787
8.6 0.6Fixed 60 60 74 285 18.905012169795953 244.9831596241145
8.6 0.8Fixed 60 60 70 285 17.32360993865824 226.23314061887808
8.6 1.0Fixed 60 60 70 285 24.566422932705176 190.61760032439972
8.6 1.2Fixed 60 60 83 285 16.7652624721208 172.54380541343022
8.6 1.4Fixed 60 60 86 285 21.701701687873747 112.56736734972972
8.6 1.6Fixed 60 60 69 285 21.4436797361392 104.41353664333643
8.6 1.8Fixed 60 60 75 285 19.318191361183466 73.20634313676089
8.6 2.0Fixed 60 60 74 285 13.689332665056593 51.94424339609272
8.6 2.2Fixed 60 60 76 253 14.967473407324471 31.768988839909373
8.6 2.4Fixed 60 60 88 234 21.414748511501674 28.08931051188483
8.6 2.6Fixed 60 60 75 208 20.199416872501935 28.416620753872163
8.6 2.8Fixed 60 60 78 206 17.689696744693954 25.6416049601747
8.6 3.0Fixed 60 60 75 201 19.727084988211427 27.763688992833487
8.6 3.2Fixed 60 60 76 186 16.077079160336236 26.981021731896035
8.6 3.4Fixed 60 60 70 168 20.791121151639715 24.026288921124827
8.6 3.6Fixed 60 60 79 178 18.28400363051905 27.37550729888342
8.6 3.8Fixed 60 60 81 171 18.28082361074631 23.201076826467915
8.6 4.0Fixed 60 60 78 153 18.390958192261976 22.03578853889255
8.6 4.2Fixed 60 60 58 133 16.604540409130824 21.91548382463821
8.6 4.4Fixed 60 60 80 139 17.672931256793056 22.30436786251007
8.6 4.6Fixed 60 60 71 134 14.81477403289726 22.723190866105465
8.6 4.8Fixed 60 60 74 124 20.274906322833726 21.874309048058507
8.6 5.0Fixed 60 60 75 117 18.216373568202023 22.36638480824947
8.6 5.2Fixed 60 60 72 113 14.588368474906916 19.116416813697448
8.6 5.4Fixed 60 60 71 128 21.039374909635505 22.400963029288885
8.6 5.6Fixed 60 60 66 103 14.011198841621583 20.59340870285996
8.6 5.8Fixed 60 60 70 78 17.161285092444878 21.127136973272574
8.6 6.0Fixed 60 60 75 115 20.83810648006957 23.759719807967976
8.6 6.2Fixed 60 60 62 108 20.54937709592423 23.575059434464766
8.6 6.4Fixed 60 60 84 93 16.109864405819014 17.900409806802458
8.6 6.6Fixed 60 60 72 90 22.838738091638383 17.46092635287492
8.6 6.8Fixed 60 60 72 89 17.744534610815542 22.801951988689538
8.6 7.0Fixed 60 60 77 81 19.665223345039134 19.15494538212188
8.6 7.2Fixed 60 60 77 88 15.137055579972769 18.2206633280671
8.6 7.4Fixed 60 60 83 67 20.434579180204775 17.015260114851056
8.6 7.6Fixed 60 60 72 71 16.827229618297963 22.555084247520252
8.6 7.8Fixed 60 60 67 70 19.0036404450894 22.771261146451394
8.6 8.0Fixed 60 60 70 88 16.78170043717759 17.960439047717035
8.6 8.2Fixed 60 60 77 66 21.3901477455546 18.86743633357052
8.6 8.4Fixed 60 60 75 68 19.863917160149256 23.725707702179275
8.6 8.6Fixed 60 60 77 56 15.13597923804184 23.387440479670783
8.6 8.8Fixed 60 60 81 69 20.339970837101568 17.96825266831673
8.6 9.0Fixed 60 60 69 66 16.1440357386359 23.01876122507741
8.6 9.2Fixed 60 60 64 82 15.245808845906264 21.494460725090292
8.6 9.4Fixed 60 60 81 59 14.488151162807227 25.245331190562364
8.6 9.6Fixed 60 60 65 60 10.860944633571549 20.166480891744758
8.6 9.8Fixed 60 60 58 63 13.504411742998437 15.711467799423792
8.6 10.0Fixed 60 60 83 91 16.356448955396363 20.433893822465294
8.8 0.2Fixed 60 60 62 285 14.608647973289342 303.7961326152633
8.8 0.4Fixed 60 60 65 285 17.043327587038508 281.4149043983302
8.8 0.6Fixed 60 60 83 285 16.116161165701996 247.67978276387214
8.8 0.8Fixed 60 60 67 285 18.883587031216685 228.9448798617976
8.8 1.0Fixed 60 60 68 285 17.423280218338167 184.4242355782281
8.8 1.2Fixed 60 60 82 285 18.504901140851437 172.7806919437784
8.8 1.4Fixed 60 60 88 285 17.80681367442566 111.69207165035316
8.8 1.6Fixed 60 60 68 285 19.866332447898394 105.23448802643912
8.8 1.8Fixed 60 60 64 285 17.6701050784701 105.61634240566546
8.8 2.0Fixed 60 60 86 274 17.39997964764741 45.896591620445534
8.8 2.2Fixed 60 60 59 254 15.362633304483687 35.49244440172028
8.8 2.4Fixed 60 60 88 225 17.396843763735834 26.456371705796304
8.8 2.6Fixed 60 60 77 230 23.128908199230782 30.237500313678165
8.8 2.8Fixed 60 60 62 203 17.202012429581234 25.304138190812477
8.8 3.0Fixed 60 60 84 220 21.793177694408683 28.92814413645345
8.8 3.2Fixed 60 60 74 209 16.70214808031294 24.073929576732038
8.8 3.4Fixed 60 60 68 174 19.33442243362361 27.624627133835155
8.8 3.6Fixed 60 60 82 168 14.467407556299454 25.569378663414184
8.8 3.8Fixed 60 60 77 180 24.75257593651513 26.516992694800926
8.8 4.0Fixed 60 60 71 173 13.456153379566391 24.571716921444548
8.8 4.2Fixed 60 60 79 161 18.14179440817618 24.51996345372376
8.8 4.4Fixed 60 60 72 156 15.278152099838 23.298351816860364
8.8 4.6Fixed 60 60 69 151 20.55731585794745 24.293166946707032
8.8 4.8Fixed 60 60 76 129 18.523412144535367 21.943277186850995
8.8 5.0Fixed 60 60 74 120 14.880090023261712 20.194173200296948
8.8 5.2Fixed 60 60 99 119 18.31537100153529 19.740674462765217
8.8 5.4Fixed 60 60 80 115 22.994225927328035 21.61057415367792
8.8 5.6Fixed 60 60 76 102 24.151550984175856 17.242767183368628
8.8 5.8Fixed 60 60 77 91 21.797235746246628 20.673282204851557
8.8 6.0Fixed 60 60 79 102 25.642371441637447 21.852255015782998
8.8 6.2Fixed 60 60 81 103 18.838007845584954 24.367220930364272
8.8 6.4Fixed 60 60 66 97 15.188856096614138 22.50283121817379
8.8 6.6Fixed 60 60 80 106 13.879253299023006 21.701721527403542
8.8 6.8Fixed 60 60 72 98 14.890339194160008 18.61928676253084
8.8 7.0Fixed 60 60 71 74 13.521717299835652 19.013692516731307
8.8 7.2Fixed 60 60 59 78 17.476820445404293 19.56639802195397
8.8 7.4Fixed 60 60 83 97 21.88591969104677 15.87544645431868
8.8 7.6Fixed 60 60 65 78 19.920228444047147 18.958242725841476
8.8 7.8Fixed 60 60 83 84 18.48188212399835 18.44599989445151
8.8 8.0Fixed 60 60 76 65 18.368643222689414 19.520479905402645
8.8 8.2Fixed 60 60 79 97 18.08145389071856 20.709793308225635
8.8 8.4Fixed 60 60 74 78 18.548660615212416 19.97708478454348
8.8 8.6Fixed 60 60 73 64 14.852817353420928 17.357332901904613
8.8 8.8Fixed 60 60 58 78 20.453778420780132 23.47994587114913
8.8 9.0Fixed 60 60 72 63 22.486879234144592 21.313024715749663
8.8 9.2Fixed 60 60 73 64 17.720058324801233 17.896529032457828
8.8 9.4Fixed 60 60 82 62 18.837479155965 20.610799172546077
8.8 9.6Fixed 60 60 64 54 18.316318724306736 21.630883816353858
8.8 9.8Fixed 60 60 65 64 15.429154713633872 25.793277296781326
8.8 10.0Fixed 60 60 88 68 15.057950142958596 20.2886157256021
9.0 0.2Fixed 60 60 78 285 19.596404630934785 305.0155099699262
9.0 0.4Fixed 60 60 77 285 18.50221595918027 275.7903655475926
9.0 0.6Fixed 60 60 79 285 20.30442527524784 238.99065307194908
9.0 0.8Fixed 60 60 68 285 14.248304766800002 219.6824775856644
9.0 1.0Fixed 60 60 73 285 22.747820339553105 177.61299415676962
9.0 1.2Fixed 60 60 75 285 16.070460585148435 153.3543365103655
9.0 1.4Fixed 60 60 79 285 13.37171186927675 133.7609026342968
9.0 1.6Fixed 60 60 82 285 17.714132266233836 108.38527121236488
9.0 1.8Fixed 60 60 74 285 17.934379421318944 86.32369002445972
9.0 2.0Fixed 60 60 71 276 18.349342341346336 33.09646501192856
9.0 2.2Fixed 60 60 79 269 18.60241446572903 39.402218935568094
9.0 2.4Fixed 60 60 80 260 21.91616627145718 28.321205171257247
9.0 2.6Fixed 60 60 76 222 12.41091832443702 29.35120138234677
9.0 2.8Fixed 60 60 78 218 18.90045168365765 27.24922682167034
9.0 3.0Fixed 60 60 79 177 15.40039994466848 29.08946111476671
9.0 3.2Fixed 60 60 82 180 18.74027091026598 27.78719796093456
9.0 3.4Fixed 60 60 74 164 22.87821399743034 21.066706870420006
9.0 3.6Fixed 60 60 74 172 20.805537994924787 26.173443160497357
9.0 3.8Fixed 60 60 73 133 20.256441666143463 21.05904176911294
9.0 4.0Fixed 60 60 62 147 22.89982670305569 20.56414639043276
9.0 4.2Fixed 60 60 67 116 18.013451543653687 18.799966874897798
9.0 4.4Fixed 60 60 71 158 21.47985606735306 22.78734436228686
9.0 4.6Fixed 60 60 72 140 18.715453041490264 21.974756582328787
9.0 4.8Fixed 60 60 64 126 18.49995457722593 22.410543891719392
9.0 5.0Fixed 60 60 77 97 15.304951022982634 26.68398834560023
9.0 5.2Fixed 60 60 62 112 15.807627837418927 21.90946628537076
9.0 5.4Fixed 60 60 75 122 14.769147342311177 15.933934513860903
9.0 5.6Fixed 60 60 63 112 17.509494530589247 23.445100917795823
9.0 5.8Fixed 60 60 89 111 10.549917915298362 22.02649368201925
9.0 6.0Fixed 60 60 78 103 16.756945676718072 23.093489051728998
9.0 6.2Fixed 60 60 80 110 21.952052690691865 21.091744126674662
9.0 6.4Fixed 60 60 53 111 12.329254694651354 20.418399751894018
9.0 6.6Fixed 60 60 81 91 14.977703853056443 19.082690269636796
9.0 6.8Fixed 60 60 79 102 15.500150798593271 22.911813929512554
9.0 7.0Fixed 60 60 61 100 13.693461599360809 20.188587369026568
9.0 7.2Fixed 60 60 69 80 16.81906084373802 18.003438722252085
9.0 7.4Fixed 60 60 65 83 15.725463179455062 19.82003882329307
9.0 7.6Fixed 60 60 83 84 18.915818570364937 19.869048100331877
9.0 7.8Fixed 60 60 70 78 12.598274347241892 18.26109802333834
9.0 8.0Fixed 60 60 80 78 22.60990565725692 20.585963591274556
9.0 8.2Fixed 60 60 75 64 16.25531587598655 21.385722191056345
9.0 8.4Fixed 60 60 61 67 13.660049173341806 22.889241267478454
9.0 8.6Fixed 60 60 76 64 15.778221164705677 25.114495533642962
9.0 8.8Fixed 60 60 74 64 15.642217591150606 20.431604968614913
9.0 9.0Fixed 60 60 78 59 15.417850929972397 20.10310014624536
9.0 9.2Fixed 60 60 72 82 16.82204314937253 17.20733819222858
9.0 9.4Fixed 60 60 80 71 19.143627911365755 23.403539442486647
9.0 9.6Fixed 60 60 59 60 17.35159406754381 19.59882908228334
9.0 9.8Fixed 60 60 66 62 17.707006062856046 16.404907510352835
9.0 10.0Fixed 60 60 63 56 18.41046865939053 17.309928827046306
9.2 0.2Fixed 60 60 84 285 15.30266274941827 302.9566912101406
9.2 0.4Fixed 60 60 70 285 24.30126311038405 275.0993628129411
9.2 0.6Fixed 60 60 73 285 15.001107203655511 244.19482077375048
9.2 0.8Fixed 60 60 66 285 17.75762721877283 222.3168611942268
9.2 1.0Fixed 60 60 67 285 18.154375451169123 202.13250756832272
9.2 1.2Fixed 60 60 71 285 23.176498443367986 155.9707061256333
9.2 1.4Fixed 60 60 78 283 15.363807893031645 87.48228663096874
9.2 1.6Fixed 60 60 72 285 18.16175333111865 132.27014981349993
9.2 1.8Fixed 60 60 54 285 14.533736750891228 49.31160012050583
9.2 2.0Fixed 60 60 77 280 12.38150552805394 40.588352130219455
9.2 2.2Fixed 60 60 81 253 16.8884634459485 29.302873981174187
9.2 2.4Fixed 60 60 75 279 20.196478625221307 43.66881923757469
9.2 2.6Fixed 60 60 76 220 14.964125063097466 28.988104020778415
9.2 2.8Fixed 60 60 74 235 16.896664560464583 29.846124064163494
9.2 3.0Fixed 60 60 57 196 19.209213492554767 30.20837576134015
9.2 3.2Fixed 60 60 70 191 23.951808515825626 21.775311020501707
9.2 3.4Fixed 60 60 52 186 16.311878026040244 24.565594093765988
9.2 3.6Fixed 60 60 82 163 19.411781237605982 27.479856050461663
9.2 3.8Fixed 60 60 73 172 16.419478073807444 24.71165837824333
9.2 4.0Fixed 60 60 60 135 12.517887397589766 22.292483615815456
9.2 4.2Fixed 60 60 75 143 18.076699358045964 23.955074884823336
9.2 4.4Fixed 60 60 80 125 16.96265156301964 23.638513359627805
9.2 4.6Fixed 60 60 76 136 17.999011417540775 23.50672967879907
9.2 4.8Fixed 60 60 62 141 16.147311326379373 25.743502387451002
9.2 5.0Fixed 60 60 76 118 16.998459477288886 23.797731225450036
9.2 5.2Fixed 60 60 79 133 14.920959993178702 18.979534498131173
9.2 5.4Fixed 60 60 75 106 17.381876884808957 24.287300467440176
9.2 5.6Fixed 60 60 52 112 18.46906475350979 20.020452832179675
9.2 5.8Fixed 60 60 83 111 19.440620767503987 23.687926900123628
9.2 6.0Fixed 60 60 80 107 13.13615469194131 23.381998810086365
9.2 6.2Fixed 60 60 63 98 17.99890231980304 25.908654578224034
9.2 6.4Fixed 60 60 70 89 20.667879620456063 19.052204150244382
9.2 6.6Fixed 60 60 61 94 22.78425658806465 16.770634817953695
9.2 6.8Fixed 60 60 72 88 19.98478955824726 23.640867176034984
9.2 7.0Fixed 60 60 71 98 20.708984263690407 18.90340411633614
9.2 7.2Fixed 60 60 79 81 18.411425994855797 17.774560412247457
9.2 7.4Fixed 60 60 76 82 20.693636679469257 18.706763033351585
9.2 7.6Fixed 60 60 67 68 18.080944462706377 23.96440768933884
9.2 7.8Fixed 60 60 68 85 17.64825735215098 24.225511552713268
9.2 8.0Fixed 60 60 58 61 18.052829910172715 23.840992378359537
9.2 8.2Fixed 60 60 69 76 17.319031097947352 20.027408736865866
9.2 8.4Fixed 60 60 62 75 16.892802466967034 16.339388702226714
9.2 8.6Fixed 60 60 61 54 20.424883889900585 16.359169698514105
9.2 8.8Fixed 60 60 59 72 14.70791128250743 20.705999110920843
9.2 9.0Fixed 60 60 65 68 18.60174577344762 17.388976232431226
9.2 9.2Fixed 60 60 72 48 13.940602516647212 17.19418431178976
9.2 9.4Fixed 60 60 74 60 14.989495431110543 18.251430672688638
9.2 9.6Fixed 60 60 85 64 16.71959227610593 20.37705275931346
9.2 9.8Fixed 60 60 62 66 15.837555255460982 20.617068614633084
9.2 10.0Fixed 60 60 73 69 15.797701541393124 17.073497980845428
9.4 0.2Fixed 60 60 51 285 13.940362611196457 304.738364488084
9.4 0.4Fixed 60 60 60 285 15.937037910482106 274.54688434854194
9.4 0.6Fixed 60 60 80 285 15.711027320176475 252.05367513431278
9.4 0.8Fixed 60 60 67 285 16.660152943612367 202.63552322040013
9.4 1.0Fixed 60 60 64 285 17.698729993894254 181.64405931039423
9.4 1.2Fixed 60 60 73 285 17.70409286160243 149.96576760197888
9.4 1.4Fixed 60 60 70 285 18.82333520707527 152.49652381683555
9.4 1.6Fixed 60 60 72 285 17.99990829844383 51.03540585599749
9.4 1.8Fixed 60 60 63 285 16.43245040805885 75.71503924481725
9.4 2.0Fixed 60 60 76 280 20.38501835085351 54.41497284815713
9.4 2.2Fixed 60 60 87 267 22.29968951569307 32.70192624149103
9.4 2.4Fixed 60 60 64 242 16.857160748477316 26.273816163999737
9.4 2.6Fixed 60 60 61 243 13.342507089975895 25.551548657855705
9.4 2.8Fixed 60 60 72 216 18.912937494705 28.808394006938165
9.4 3.0Fixed 60 60 64 194 14.054245364119001 26.6828282258525
9.4 3.2Fixed 60 60 70 193 22.123586292377162 25.264895467492842
9.4 3.4Fixed 60 60 72 171 16.209331106158615 23.17840199733931
9.4 3.6Fixed 60 60 61 166 20.973048609001406 24.153158039570716
9.4 3.8Fixed 60 60 86 151 13.321055312517506 23.192359935424278
9.4 4.0Fixed 60 60 55 148 14.27215861557806 24.1334134463964
9.4 4.2Fixed 60 60 62 141 14.244039028512098 24.091619151308823
9.4 4.4Fixed 60 60 65 133 15.396169250051855 22.74739008376507
9.4 4.6Fixed 60 60 58 120 12.764266704221184 18.88189090769072
9.4 4.8Fixed 60 60 78 131 17.305391474167635 22.973581816104947
9.4 5.0Fixed 60 60 68 121 20.519460793499935 21.173879732423405
9.4 5.2Fixed 60 60 67 118 19.676842538657933 24.108720497412254
9.4 5.4Fixed 60 60 79 116 18.718949348931087 23.817778972487076
9.4 5.6Fixed 60 60 65 114 19.415038518404717 16.980803335836516
9.4 5.8Fixed 60 60 65 106 18.08639398688563 25.895570029354918
9.4 6.0Fixed 60 60 58 101 19.284995811321117 19.97870439600426
9.4 6.2Fixed 60 60 67 95 12.88174303005017 24.11065642561556
9.4 6.4Fixed 60 60 59 86 19.952796829824774 21.907369814420832
9.4 6.6Fixed 60 60 88 101 16.518409341286304 17.850979061594824
9.4 6.8Fixed 60 60 68 85 15.596041584558597 19.308131773768036
9.4 7.0Fixed 60 60 73 92 14.903446277277578 23.415806232941826
9.4 7.2Fixed 60 60 61 85 18.885955552465667 20.2325120401896
9.4 7.4Fixed 60 60 69 69 21.733967527935032 22.62628431051698
9.4 7.6Fixed 60 60 64 84 19.802455180780576 24.461765138956626
9.4 7.8Fixed 60 60 68 75 19.40845836041019 20.589971729185564
9.4 8.0Fixed 60 60 59 81 11.10610986648812 21.924098159411567
9.4 8.2Fixed 60 60 65 74 21.223164866077347 15.766363493141668
9.4 8.4Fixed 60 60 49 53 10.545499831413958 20.84753272921623
9.4 8.6Fixed 60 60 79 68 15.16735693462697 18.892052410586256
9.4 8.8Fixed 60 60 56 59 13.021700104977034 17.8301186169133
9.4 9.0Fixed 60 60 64 52 18.927049279682826 18.006383498282176
9.4 9.2Fixed 60 60 76 63 19.011917166206874 15.81124574330327
9.4 9.4Fixed 60 60 78 79 18.554560371094205 18.137133596728756
9.4 9.6Fixed 60 60 65 62 19.54167428315893 23.111629243405723
9.4 9.8Fixed 60 60 64 48 20.600153922798377 26.399754150278962
9.4 10.0Fixed 60 60 74 51 20.629294933017956 23.266971120128453
9.6 0.2Fixed 60 60 66 285 19.726199038166303 302.10419784530654
9.6 0.4Fixed 60 60 77 285 16.90398168635603 271.11720076725857
9.6 0.6Fixed 60 60 55 285 15.680514240498772 246.98958385099453
9.6 0.8Fixed 60 60 59 285 17.296161136867706 225.10281292510902
9.6 1.0Fixed 60 60 76 285 20.84544870533737 181.47415312015883
9.6 1.2Fixed 60 60 62 285 16.897217970450598 155.61967198264927
9.6 1.4Fixed 60 60 59 285 16.792697317894117 139.0273164744688
9.6 1.6Fixed 60 60 58 285 19.704514058632263 125.3928633126273
9.6 1.8Fixed 60 60 56 285 20.280093513640857 76.17125515008907
9.6 2.0Fixed 60 60 72 285 20.73103802826033 55.87301333837551
9.6 2.2Fixed 60 60 61 273 13.447035187692524 33.26885900032297
9.6 2.4Fixed 60 60 62 242 19.30087883161785 33.7862330363101
9.6 2.6Fixed 60 60 71 242 19.362169301153003 25.765404895951228
9.6 2.8Fixed 60 60 68 211 18.77967874158385 28.092991529441026
9.6 3.0Fixed 60 60 64 218 19.609552313115397 29.42629389273913
9.6 3.2Fixed 60 60 72 164 17.294091009077167 24.48118269306884
9.6 3.4Fixed 60 60 79 196 17.64378943992508 23.27339238238656
9.6 3.6Fixed 60 60 65 153 22.542522913713444 20.33671319666575
9.6 3.8Fixed 60 60 72 156 14.542348602876988 22.67145496131327
9.6 4.0Fixed 60 60 60 124 18.72120111486948 20.028328886745253
9.6 4.2Fixed 60 60 85 144 19.442768943208076 25.85716143503284
9.6 4.4Fixed 60 60 64 132 25.016820877788064 21.493727713162333
9.6 4.6Fixed 60 60 56 149 20.712626819786184 21.215518618962342
9.6 4.8Fixed 60 60 62 120 14.459587402258903 21.812080209831613
9.6 5.0Fixed 60 60 73 117 16.18018255734898 24.297272245802187
9.6 5.2Fixed 60 60 66 106 16.693032635940558 19.769487166622305
9.6 5.4Fixed 60 60 63 133 18.417369900810414 23.957170108033104
9.6 5.6Fixed 60 60 64 100 18.09612862837033 20.657718180783593
9.6 5.8Fixed 60 60 84 108 16.067075697203038 19.626352805750578
9.6 6.0Fixed 60 60 72 105 16.61910521680612 22.18149724591708
9.6 6.2Fixed 60 60 72 89 20.083820908283005 21.120436781969918
9.6 6.4Fixed 60 60 61 93 12.02454480991143 23.398211179271872
9.6 6.6Fixed 60 60 66 76 17.02991721829948 23.503882808671534
9.6 6.8Fixed 60 60 71 81 19.062053943630424 21.99254533057953
9.6 7.0Fixed 60 60 58 77 15.832824098924466 20.561925128214288
9.6 7.2Fixed 60 60 62 78 19.98620171211634 22.096001490940242
9.6 7.4Fixed 60 60 64 77 20.12976800690572 24.278312452833397
9.6 7.6Fixed 60 60 68 90 21.836890553858904 20.86450877177681
9.6 7.8Fixed 60 60 62 84 19.88733050749587 21.03770267222582
9.6 8.0Fixed 60 60 68 75 13.071672107422742 20.45175601340827
9.6 8.2Fixed 60 60 63 75 18.27886802823856 21.235872372628158
9.6 8.4Fixed 60 60 71 73 20.1596144567523 22.133874459751603
9.6 8.6Fixed 60 60 69 75 18.581122496771066 20.246989042977177
9.6 8.8Fixed 60 60 78 71 23.756605877329655 20.540790251863573
9.6 9.0Fixed 60 60 70 56 16.57966746576908 20.029093210425092
9.6 9.2Fixed 60 60 78 63 21.901836418808223 16.992580989292904
9.6 9.4Fixed 60 60 70 74 22.525645401695257 15.17922109654702
9.6 9.6Fixed 60 60 72 85 22.537938827624128 24.150042901052252
9.6 9.8Fixed 60 60 62 57 20.243278413110968 20.269890507112844
9.6 10.0Fixed 60 60 75 69 23.005844688021735 23.540724156158166
9.8 0.2Fixed 60 60 66 285 13.619636530846657 303.26432254904597
9.8 0.4Fixed 60 60 75 285 19.993214271313374 269.6776693171385
9.8 0.6Fixed 60 60 66 285 24.897042486994643 242.77692395429196
9.8 0.8Fixed 60 60 67 285 15.23477739156836 215.34877664320697
9.8 1.0Fixed 60 60 66 285 18.048268595218655 194.57280704377297
9.8 1.2Fixed 60 60 71 285 15.330306007272197 164.98290580806542
9.8 1.4Fixed 60 60 61 285 18.15353374552262 135.49008305106625
9.8 1.6Fixed 60 60 63 285 19.49201945103596 106.08760738306871
9.8 1.8Fixed 60 60 66 285 17.36568305924401 93.52467795049867
9.8 2.0Fixed 60 60 72 282 20.23957585803406 47.93637806785056
9.8 2.2Fixed 60 60 68 274 13.220789022538023 34.81380908229458
9.8 2.4Fixed 60 60 49 223 23.19607950074477 31.96323481518949
9.8 2.6Fixed 60 60 71 222 19.868283028268042 27.543316598307968
9.8 2.8Fixed 60 60 71 212 20.161154010025086 26.822594321776926
9.8 3.0Fixed 60 60 68 199 24.065244292274382 22.26257792626284
9.8 3.2Fixed 60 60 76 183 17.639955992754267 27.74048825626786
9.8 3.4Fixed 60 60 54 169 24.557604415035232 24.20152183990734
9.8 3.6Fixed 60 60 70 163 16.69330242062072 22.698854129576894
9.8 3.8Fixed 60 60 82 140 15.636430045784964 25.70026164414539
9.8 4.0Fixed 60 60 62 150 15.771353038993267 26.284704739155014
9.8 4.2Fixed 60 60 61 160 20.35860911115497 23.543392625262932
9.8 4.4Fixed 60 60 75 143 15.121800878884388 21.987014189463284
9.8 4.6Fixed 60 60 68 155 18.767864000620353 25.378296847528635
9.8 4.8Fixed 60 60 65 125 15.68783854761731 20.82565117500565
9.8 5.0Fixed 60 60 60 114 19.70501303291939 21.01587718656165
9.8 5.2Fixed 60 60 66 113 16.781285333896477 22.4615515616466
9.8 5.4Fixed 60 60 55 110 14.712927657074617 20.157357413320344
9.8 5.6Fixed 60 60 68 121 14.021416308511524 27.972742966217986
9.8 5.8Fixed 60 60 56 81 18.1612824219862 21.930850450734123
9.8 6.0Fixed 60 60 52 98 18.345030306072996 18.723465312492625
9.8 6.2Fixed 60 60 63 112 17.628062103645718 23.019160080426534
9.8 6.4Fixed 60 60 49 108 22.066880133813154 21.806376489510132
9.8 6.6Fixed 60 60 58 85 23.228208808723632 19.7102486823786
9.8 6.8Fixed 60 60 57 87 18.55302407046851 22.954903757810627
9.8 7.0Fixed 60 60 60 99 19.433900856591784 20.959767177114525
9.8 7.2Fixed 60 60 89 84 15.364502966000167 21.720574296188293
9.8 7.4Fixed 60 60 63 82 15.653111854796185 18.788915376250557
9.8 7.6Fixed 60 60 66 83 17.494566532896602 23.028657262308922
9.8 7.8Fixed 60 60 66 81 17.085116872858816 19.061489783625348
9.8 8.0Fixed 60 60 70 86 20.64860401176662 21.41231343932311
9.8 8.2Fixed 60 60 75 77 16.847928485361855 16.256526139038847
9.8 8.4Fixed 60 60 71 75 17.12808865208894 19.265944452029128
9.8 8.6Fixed 60 60 67 64 13.68789610618714 16.4287463571454
9.8 8.8Fixed 60 60 57 80 18.60458916637744 23.873479752205498
9.8 9.0Fixed 60 60 79 84 18.62447221587467 19.583972517072112
9.8 9.2Fixed 60 60 62 64 18.903307363611155 21.314977427564735
9.8 9.4Fixed 60 60 66 58 20.856100150797776 17.45981512816557
9.8 9.6Fixed 60 60 63 45 18.31597672786524 19.33131775570213
9.8 9.8Fixed 60 60 64 50 11.998201326936014 20.971696515410187
9.8 10.0Fixed 60 60 78 48 17.069859752009343 23.127313812242576
10.0 0.2Fixed 60 60 66 285 16.46017654732605 298.8660433281816
10.0 0.4Fixed 60 60 64 285 17.99169102050042 268.34409551745443
10.0 0.6Fixed 60 60 71 285 16.671019670122416 257.01376413283265
10.0 0.8Fixed 60 60 56 285 21.40265145883105 211.94735675697075
10.0 1.0Fixed 60 60 64 285 12.660605307557177 186.5102467529553
10.0 1.2Fixed 60 60 67 285 17.241298125998618 170.42500630657065
10.0 1.4Fixed 60 60 59 285 16.568973326350804 139.26004089766212
10.0 1.6Fixed 60 60 69 285 15.847520912384923 121.40191161000088
10.0 1.8Fixed 60 60 57 285 15.048408556186658 78.2245646240603
10.0 2.0Fixed 60 60 66 285 20.046835112699682 62.82107858652717
10.0 2.2Fixed 60 60 78 257 16.070782213692574 31.850969928397422
10.0 2.4Fixed 60 60 45 278 19.006016145614858 47.461259914554624
10.0 2.6Fixed 60 60 58 236 18.068887913506657 33.28862146921762
10.0 2.8Fixed 60 60 65 244 19.54018864391792 27.797738517103323
10.0 3.0Fixed 60 60 73 194 17.932211600746804 28.834385547348308
10.0 3.2Fixed 60 60 54 205 17.338943851417824 25.866824277057614
10.0 3.4Fixed 60 60 69 187 17.553022755665783 23.58764243264582
10.0 3.6Fixed 60 60 74 156 18.885772688468105 23.45926885982329
10.0 3.8Fixed 60 60 55 154 18.93183975273639 22.845097756575967
10.0 4.0Fixed 60 60 56 139 16.12256109758666 20.507454408594437
10.0 4.2Fixed 60 60 82 132 18.251607782072732 22.716023138189946
10.0 4.4Fixed 60 60 56 135 20.06616577332679 20.518739253703053
10.0 4.6Fixed 60 60 51 157 19.316033856020137 26.938219280688028
10.0 4.8Fixed 60 60 69 122 18.986002984792638 21.358108584844288
10.0 5.0Fixed 60 60 63 126 21.73522374660287 21.325009787710755
10.0 5.2Fixed 60 60 58 130 16.048558815789995 24.096197723428293
10.0 5.4Fixed 60 60 55 125 16.853378327911006 22.006348184725734
10.0 5.6Fixed 60 60 74 117 15.735766132778403 22.083701321154212
10.0 5.8Fixed 60 60 56 101 18.05739599384996 20.756401322146115
10.0 6.0Fixed 60 60 66 100 16.92172825002535 26.615083729886873
10.0 6.2Fixed 60 60 56 92 14.89655989092835 16.049407962342066
10.0 6.4Fixed 60 60 63 110 19.056749708702753 23.65427389209028
10.0 6.6Fixed 60 60 62 84 14.649414433518402 19.94615848379736
10.0 6.8Fixed 60 60 80 99 23.244659476210103 24.221983885782663
10.0 7.0Fixed 60 60 62 95 12.784997892433205 24.28967414239064
10.0 7.2Fixed 60 60 66 80 21.726348374504962 21.397310917315533
10.0 7.4Fixed 60 60 77 79 15.88272419181166 19.352775005168926
10.0 7.6Fixed 60 60 64 81 14.16578136989874 21.68071889744697
10.0 7.8Fixed 60 60 77 74 19.242845658870785 26.711878460417246
10.0 8.0Fixed 60 60 80 73 21.514531762125166 19.697835078642477
10.0 8.2Fixed 60 60 75 88 17.111152149210582 20.44602336279884
10.0 8.4Fixed 60 60 62 56 13.36777956747741 27.818618463127603
10.0 8.6Fixed 60 60 62 65 19.45852087048226 24.40393562150431
10.0 8.8Fixed 60 60 64 53 14.347655573975379 23.383623384797932
10.0 9.0Fixed 60 60 58 84 16.45474380311122 20.620451454234388
10.0 9.2Fixed 60 60 64 76 18.04395377953139 20.694554865183285
10.0 9.4Fixed 60 60 56 73 18.160831056959402 22.391782398882377
10.0 9.6Fixed 60 60 65 54 21.368480077178802 22.445564411178506
10.0 9.8Fixed 60 60 67 60 14.706137497295723 19.01074993576377
10.0 10.0Fixed 60 60 54 72 13.381306047931766 22.41596769738079
