0.2 0.2 Fixed 60 60 322 285 279.6884838195358 302.29222014724775
0.2 0.4 Fixed 60 60 322 285 279.99968182860874 276.7445049514469
0.2 0.6 Fixed 60 60 322 285 279.1276504339537 244.85385580567353
0.2 0.8 Fixed 60 60 322 285 281.8268159979396 209.37014578517125
0.2 1.0 Fixed 60 60 322 285 280.94878279804703 180.5326133965209
0.2 1.2 Fixed 60 60 322 285 284.0574243548212 152.28544965127327
0.2 1.4 Fixed 60 60 322 285 279.56414441275115 108.01363680558102
0.2 1.6 Fixed 60 60 322 285 279.40062982326776 100.80918758604031
0.2 1.8 Fixed 60 60 322 285 280.03680505513614 92.05105160985764
0.2 2.0 Fixed 60 60 322 273 277.06721955316374 42.1481797075149
0.2 2.2 Fixed 60 60 322 281 277.92998392342685 45.86683632285523
0.2 2.4 Fixed 60 60 322 228 279.4257542629053 27.714659816080065
0.2 2.6 Fixed 60 60 322 237 277.12398669925614 29.257097587792956
0.2 2.8 Fixed 60 60 322 200 280.30667291720994 25.062851966501242
0.2 3.0 Fixed 60 60 322 174 280.51908762708354 26.892631845751144
0.2 3.2 Fixed 60 60 322 179 278.0698984501352 25.359959624419176
0.2 3.4 Fixed 60 60 322 183 278.92401401399667 28.829968800241705
0.2 3.6 Fixed 60 60 322 162 279.20382324350936 21.910131408230527
0.2 3.8 Fixed 60 60 322 147 277.1327797525029 21.674634423618436
0.2 4.0 Fixed 60 60 322 140 279.3290283491672 18.79143454184002
0.2 4.2 Fixed 60 60 322 129 280.15155608132676 22.46509950256646
0.2 4.4 Fixed 60 60 322 148 284.58318974415664 24.792890026423372
0.2 4.6 Fixed 60 60 322 143 280.39367481593877 21.207572941621947
0.2 4.8 Fixed 60 60 322 129 281.96852743812667 24.60033440436988
0.2 5.0 Fixed 60 60 322 102 279.30401283939955 16.38772675011873
0.2 5.2 Fixed 60 60 322 127 278.482896907137 20.971731600395138
0.2 5.4 Fixed 60 60 322 107 278.84130806993363 17.191989885863315
0.2 5.6 Fixed 60 60 322 120 276.542645148862 18.978859771266215
0.2 5.8 Fixed 60 60 322 114 281.8328960485168 18.008622569488054
0.2 6.0 Fixed 60 60 322 95 277.1443454370228 17.839367614735806
0.2 6.2 Fixed 60 60 322 106 279.5180246311375 21.017077055604872
0.2 6.4 Fixed 60 60 322 96 277.5080982153488 23.531043874128056
0.2 6.6 Fixed 60 60 322 90 276.16334729467627 23.017201499764962
0.2 6.8 Fixed 60 60 322 90 279.21499274506925 25.09464001302045
0.2 7.0 Fixed 60 60 322 92 279.7897967498801 21.804336494405923
0.2 7.2 Fixed 60 60 322 82 277.39442767967716 19.37730150450976
0.2 7.4 Fixed 60 60 322 88 279.7492117911605 19.258624078247237
0.2 7.6 Fixed 60 60 322 65 278.1991719880555 26.824696864623252
0.2 7.8 Fixed 60 60 322 67 281.01000301953934 17.68672065564282
0.2 8.0 Fixed 60 60 322 60 280.51248729718384 18.43651523994171
0.2 8.2 Fixed 60 60 322 69 278.55093605642827 19.09518832453624
0.2 8.4 Fixed 60 60 322 82 281.1936192923066 25.10099620615053
0.2 8.6 Fixed 60 60 322 65 282.4225459857899 20.73415790367782
0.2 8.8 Fixed 60 60 322 67 277.6388239584923 18.529626382049663
0.2 9.0 Fixed 60 60 322 61 277.0596097255124 25.208172811428884
0.2 9.2 Fixed 60 60 322 66 278.79904636754003 23.490355583782765
0.2 9.4 Fixed 60 60 322 60 276.6851505277874 17.7163170240758
0.2 9.6 Fixed 60 60 322 70 278.42874006080353 19.707817977556264
0.2 9.8 Fixed 60 60 322 48 281.11699050775206 21.77328032125411
0.2 10.0 Fixed 60 60 322 57 280.5598030869709 14.945454083797998
0.4 0.2 Fixed 60 60 322 285 249.55200213954697 300.5248879335506
0.4 0.4 Fixed 60 60 322 285 255.08463937278032 276.8799380231184
0.4 0.6 Fixed 60 60 322 285 244.81970089816411 245.64362807964264
0.4 0.8 Fixed 60 60 322 285 245.64944587643518 229.28898023889596
0.4 1.0 Fixed 60 60 322 285 252.3926701675088 208.224214611791
0.4 1.2 Fixed 60 60 322 285 242.6275930861521 152.70009647875096
0.4 1.4 Fixed 60 60 322 285 244.50785073377995 117.50856367371358
0.4 1.6 Fixed 60 60 322 285 252.69833480157217 105.84318953971867
0.4 1.8 Fixed 60 60 322 285 245.189121354138 97.61630102159234
0.4 2.0 Fixed 60 60 322 271 246.53102623940674 38.22609935934564
0.4 2.2 Fixed 60 60 322 240 247.36861337218593 26.74419746500366
0.4 2.4 Fixed 60 60 322 251 247.48247652489724 30.018492173300515
0.4 2.6 Fixed 60 60 322 226 242.81154238561567 26.49570922650759
0.4 2.8 Fixed 60 60 322 195 248.1655343334607 25.161845478138304
0.4 3.0 Fixed 60 60 322 198 247.4868423430611 27.847342650081107
0.4 3.2 Fixed 60 60 322 191 246.72066972698934 23.564012245212965
0.4 3.4 Fixed 60 60 322 203 250.74400170075072 26.005377565897575
0.4 3.6 Fixed 60 60 322 203 242.83881785971218 24.943614549026087
0.4 3.8 Fixed 60 60 322 153 245.89131033502974 22.943230781812723
0.4 4.0 Fixed 60 60 322 137 246.4814106058148 18.311471447956258
0.4 4.2 Fixed 60 60 322 141 245.57732200897544 24.73637490304718
0.4 4.4 Fixed 60 60 322 139 251.57344890864854 22.16099463213467
0.4 4.6 Fixed 60 60 322 117 250.429806958088 21.75711172419236
0.4 4.8 Fixed 60 60 322 148 242.80572050749828 24.94879975317983
0.4 5.0 Fixed 60 60 322 108 253.56752584704245 23.499761861702364
0.4 5.2 Fixed 60 60 322 96 237.8222749624465 18.283146417948796
0.4 5.4 Fixed 60 60 322 112 243.08809747916092 26.91992464945326
0.4 5.6 Fixed 60 60 322 117 242.72107857402878 23.00275064678268
0.4 5.8 Fixed 60 60 322 104 242.59250481318264 22.533954669977753
0.4 6.0 Fixed 60 60 322 100 247.8744431439006 23.107926590194822
0.4 6.2 Fixed 60 60 322 104 250.11064089679175 19.05075548135414
0.4 6.4 Fixed 60 60 322 108 244.6670403042996 23.972075972213137
0.4 6.6 Fixed 60 60 322 90 243.492925165865 20.105695470351147
0.4 6.8 Fixed 60 60 322 87 251.3198948395496 21.43042568932928
0.4 7.0 Fixed 60 60 322 94 245.25638287672757 19.94038506498485
0.4 7.2 Fixed 60 60 322 81 239.87610120582931 21.427766292795674
0.4 7.4 Fixed 60 60 322 87 249.5662385119678 18.519561361326755
0.4 7.6 Fixed 60 60 322 70 249.91997365986253 20.092450144882605
0.4 7.8 Fixed 60 60 322 88 249.23872816363865 18.0879610960618
0.4 8.0 Fixed 60 60 322 82 250.12649930495897 21.622535746425385
0.4 8.2 Fixed 60 60 322 56 240.70318254970823 25.509551909735926
0.4 8.4 Fixed 60 60 322 64 240.63375614563358 19.675255052402925
0.4 8.6 Fixed 60 60 322 76 243.8395508581842 16.55004214181678
0.4 8.8 Fixed 60 60 322 67 254.47365070541633 19.912182477327836
0.4 9.0 Fixed 60 60 322 61 253.10263060191843 21.02578068185687
0.4 9.2 Fixed 60 60 322 73 249.47078440265543 19.37065946059403
0.4 9.4 Fixed 60 60 322 68 246.33415988343563 20.373078517082117
0.4 9.6 Fixed 60 60 322 61 253.59776284066535 22.76045134321855
0.4 9.8 Fixed 60 60 322 63 248.9437790429238 20.39399092208162
0.4 10.0 Fixed 60 60 322 55 248.7162375078554 20.684912082843997
0.6 0.2 Fixed 60 60 322 285 218.52392452554426 304.05171276281044
0.6 0.4 Fixed 60 60 322 285 217.90538854975642 272.9058113817797
0.6 0.6 Fixed 60 60 322 285 213.16692085676996 254.94002269325662
0.6 0.8 Fixed 60 60 322 285 215.3548384447366 218.83942186052167
0.6 1.0 Fixed 60 60 322 285 220.6643022967778 204.94038687506503
0.6 1.2 Fixed 60 60 322 285 213.3592568221159 174.83694504480923
0.6 1.4 Fixed 60 60 322 285 219.57973181833546 156.8551618798689
0.6 1.6 Fixed 60 60 322 285 213.16508559496165 116.84141326832571
0.6 1.8 Fixed 60 60 322 285 216.73975267569486 75.24475067485366
0.6 2.0 Fixed 60 60 322 273 219.04831506820008 38.01520607142288
0.6 2.2 Fixed 60 60 322 285 208.53498539893158 47.00270109821051
0.6 2.4 Fixed 60 60 322 220 221.47821421330485 27.720675862692513
0.6 2.6 Fixed 60 60 322 245 220.324715449628 28.985743506716464
0.6 2.8 Fixed 60 60 322 216 225.10410180962177 23.80677705288176
0.6 3.0 Fixed 60 60 322 187 221.01062152783868 25.520070547945004
0.6 3.2 Fixed 60 60 322 197 217.13120106175086 23.735697773466676
0.6 3.4 Fixed 60 60 322 177 208.9586523383274 24.381937406045907
0.6 3.6 Fixed 60 60 322 157 218.49419926753325 25.035735970420884
0.6 3.8 Fixed 60 60 322 143 216.62455968394636 26.150500927576655
0.6 4.0 Fixed 60 60 322 168 221.63626171702634 25.716361605103863
0.6 4.2 Fixed 60 60 322 161 212.93648159049218 25.122724791546492
0.6 4.4 Fixed 60 60 322 130 209.67214892950136 18.099412124981566
0.6 4.6 Fixed 60 60 322 151 222.2023984553013 21.471440123129703
0.6 4.8 Fixed 60 60 322 96 212.65179589941704 21.591276818105825
0.6 5.0 Fixed 60 60 322 119 211.67124444430246 25.025277934216373
0.6 5.2 Fixed 60 60 322 114 217.3809957579782 20.287044408211873
0.6 5.4 Fixed 60 60 322 123 226.5352423832299 22.58483943641399
0.6 5.6 Fixed 60 60 322 116 236.2170334434358 23.886297452658162
0.6 5.8 Fixed 60 60 322 116 200.84964102280009 22.980663078467654
0.6 6.0 Fixed 60 60 322 91 218.61377239999075 22.192289723448813
0.6 6.2 Fixed 60 60 322 94 210.78700739578912 19.354927344905388
0.6 6.4 Fixed 60 60 322 100 215.215619551045 18.525607245205116
0.6 6.6 Fixed 60 60 322 83 211.2673812699835 19.238716008857054
0.6 6.8 Fixed 60 60 322 84 220.55705178719847 21.53235269562582
0.6 7.0 Fixed 60 60 322 87 211.6214959431705 23.616306754353847
0.6 7.2 Fixed 60 60 322 96 209.52311368507654 20.387011547671303
0.6 7.4 Fixed 60 60 322 78 223.5396324641076 19.66760547838545
0.6 7.6 Fixed 60 60 322 78 221.88981229074156 19.360548633088822
0.6 7.8 Fixed 60 60 322 77 210.24674328236983 18.032058177448068
0.6 8.0 Fixed 60 60 322 61 212.73689976838367 22.231258743433926
0.6 8.2 Fixed 60 60 322 78 212.4251228551909 20.573072006017263
0.6 8.4 Fixed 60 60 322 61 203.38284820632373 22.60057191343717
0.6 8.6 Fixed 60 60 322 55 212.49230619218434 19.355219416254037
0.6 8.8 Fixed 60 60 322 70 213.698334141875 14.588984188785695
0.6 9.0 Fixed 60 60 322 68 204.35097551036074 16.648935771283398
0.6 9.2 Fixed 60 60 322 75 204.82638926577766 17.21919285533988
0.6 9.4 Fixed 60 60 322 59 224.7889228342571 27.483435455567374
0.6 9.6 Fixed 60 60 322 63 212.05315077190093 22.9114136084142
0.6 9.8 Fixed 60 60 322 73 223.2457122844297 19.49408435455687
0.6 10.0 Fixed 60 60 322 56 219.70423676622818 18.257553780151277
0.8 0.2 Fixed 60 60 322 285 196.70067304143927 299.30012183453994
0.8 0.4 Fixed 60 60 322 285 189.72680629301252 272.9001258428679
0.8 0.6 Fixed 60 60 318 285 174.81284866425676 249.78044179890856
0.8 0.8 Fixed 60 60 322 285 182.23846829541856 200.45713064755108
0.8 1.0 Fixed 60 60 322 285 181.7405686726587 178.88316399395006
0.8 1.2 Fixed 60 60 322 285 177.17394901451922 175.49554131780354
0.8 1.4 Fixed 60 60 322 285 179.40141697073065 128.69264302304364
0.8 1.6 Fixed 60 60 322 285 180.74645714165192 109.02365139889666
0.8 1.8 Fixed 60 60 322 285 186.99602999486325 79.28940484284853
0.8 2.0 Fixed 60 60 321 273 183.00647619619005 53.453171328467434
0.8 2.2 Fixed 60 60 322 257 188.17088884753508 28.809211395278247
0.8 2.4 Fixed 60 60 322 262 180.88256849417473 29.905454923969735
0.8 2.6 Fixed 60 60 322 235 193.86153905937974 29.3697749936135
0.8 2.8 Fixed 60 60 322 217 183.05745877284718 27.259114581172746
0.8 3.0 Fixed 60 60 322 179 179.68576952212644 29.20134849289563
0.8 3.2 Fixed 60 60 322 169 178.18024552969118 27.197993273610532
0.8 3.4 Fixed 60 60 322 171 183.39029005412735 25.2659899118433
0.8 3.6 Fixed 60 60 322 165 180.07034310844574 26.84649576821435
0.8 3.8 Fixed 60 60 322 139 177.5723668370147 23.085775254146206
0.8 4.0 Fixed 60 60 322 163 183.06066387853255 23.96647640062312
0.8 4.2 Fixed 60 60 322 145 184.2162192285589 23.29754620635441
0.8 4.4 Fixed 60 60 320 134 168.27928490799772 24.625731862121413
0.8 4.6 Fixed 60 60 322 126 168.58362668049858 19.24804356294408
0.8 4.8 Fixed 60 60 322 123 171.0247797154669 21.130133028804828
0.8 5.0 Fixed 60 60 322 133 171.47727192289472 20.95838853033472
0.8 5.2 Fixed 60 60 322 120 187.02259090416732 26.020596143447385
0.8 5.4 Fixed 60 60 320 133 179.75983373615628 21.234856045179622
0.8 5.6 Fixed 60 60 322 115 175.73107635933704 21.318433690396954
0.8 5.8 Fixed 60 60 322 100 185.0071703855396 23.97946783389636
0.8 6.0 Fixed 60 60 322 100 197.5465851439117 21.150270761804748
0.8 6.2 Fixed 60 60 322 93 191.55234728304822 19.90071817729627
0.8 6.4 Fixed 60 60 321 108 185.38861338705436 21.69966771515772
0.8 6.6 Fixed 60 60 322 80 189.34332302940007 19.87090991009342
0.8 6.8 Fixed 60 60 321 73 181.9573083745015 19.769803152708036
0.8 7.0 Fixed 60 60 316 86 171.68063036344668 16.356289356582906
0.8 7.2 Fixed 60 60 322 83 171.23225044812673 27.166083046906966
0.8 7.4 Fixed 60 60 322 94 184.8422825920493 21.023593331638356
0.8 7.6 Fixed 60 60 322 92 183.98263804897087 25.395813099007054
0.8 7.8 Fixed 60 60 322 66 190.33150548145926 24.012155468212747
0.8 8.0 Fixed 60 60 322 83 185.12456743220895 20.26216169144985
0.8 8.2 Fixed 60 60 322 67 185.34724116693675 18.466181745135355
0.8 8.4 Fixed 60 60 322 91 177.33392108483181 19.26444761310374
0.8 8.6 Fixed 60 60 322 55 185.16959627275807 20.608023162944193
0.8 8.8 Fixed 60 60 322 63 181.44921318605216 15.282800074198395
0.8 9.0 Fixed 60 60 322 60 176.38481735108402 18.572971851343663
0.8 9.2 Fixed 60 60 322 78 175.6679364779284 21.94816109977479
0.8 9.4 Fixed 60 60 322 68 192.32731057213255 23.41264865027231
0.8 9.6 Fixed 60 60 322 49 187.7629587856945 19.629766709043512
0.8 9.8 Fixed 60 60 322 55 181.09469076066136 19.10916575941103
0.8 10.0 Fixed 60 60 322 69 184.01954911264014 21.199426169907643
1.0 0.2 Fixed 60 60 322 285 152.2017084264583 300.8504195785047
1.0 0.4 Fixed 60 60 313 285 168.64992694971664 276.80182320843824
1.0 0.6 Fixed 60 60 313 285 143.84979041716943 252.53781540603015
1.0 0.8 Fixed 60 60 316 285 157.1081086915859 217.91197634846688
1.0 1.0 Fixed 60 60 315 285 154.51593002098394 191.75393473808708
1.0 1.2 Fixed 60 60 316 285 152.19508931732787 136.8645760862408
1.0 1.4 Fixed 60 60 322 285 139.00922011456169 147.73505554956287
1.0 1.6 Fixed 60 60 317 285 146.81535253719437 106.85256259662934
1.0 1.8 Fixed 60 60 314 276 153.96971825585317 68.08786799423667
1.0 2.0 Fixed 60 60 320 285 150.51147818193704 62.959705525771255
1.0 2.2 Fixed 60 60 322 253 158.03226591213306 27.034042118942946
1.0 2.4 Fixed 60 60 312 252 158.79198662320135 31.35490450308503
1.0 2.6 Fixed 60 60 322 226 145.73933801849026 28.549964024563867
1.0 2.8 Fixed 60 60 319 219 152.30059007264725 26.61331551273681
1.0 3.0 Fixed 60 60 321 217 155.01581183298296 28.027734920210726
1.0 3.2 Fixed 60 60 313 191 158.14038319924407 25.214434480420007
1.0 3.4 Fixed 60 60 319 185 152.51595791336345 24.266430939799523
1.0 3.6 Fixed 60 60 321 174 150.9349071811777 27.307511173751944
1.0 3.8 Fixed 60 60 322 163 158.81988757719452 28.669038316685427
1.0 4.0 Fixed 60 60 321 152 164.08389798980247 25.372196008144627
1.0 4.2 Fixed 60 60 322 151 152.18597641312658 24.83391458941033
1.0 4.4 Fixed 60 60 311 154 150.6489634611499 31.169019164905134
1.0 4.6 Fixed 60 60 321 148 159.29715296341365 24.546998426330436
1.0 4.8 Fixed 60 60 322 147 165.04662874393878 21.370106381668855
1.0 5.0 Fixed 60 60 321 109 145.27279173661358 21.12335051887155
1.0 5.2 Fixed 60 60 322 121 157.915225653374 24.5921644072075
1.0 5.4 Fixed 60 60 310 117 155.6601657948348 18.3203213003846
1.0 5.6 Fixed 60 60 321 98 162.75046003841533 19.663033212810433
1.0 5.8 Fixed 60 60 320 104 164.7858767220759 24.320305084355315
1.0 6.0 Fixed 60 60 315 99 164.19627420815974 15.88173835422244
1.0 6.2 Fixed 60 60 322 99 162.64763330034873 19.05732481601573
1.0 6.4 Fixed 60 60 320 86 159.1289601562276 19.376947279454345
1.0 6.6 Fixed 60 60 319 91 149.11514781402465 24.859258993946362
1.0 6.8 Fixed 60 60 322 86 165.83041578332697 20.805571553125045
1.0 7.0 Fixed 60 60 322 94 150.55618002390315 21.387206992734956
1.0 7.2 Fixed 60 60 310 74 154.87725535223143 21.4818732271149
1.0 7.4 Fixed 60 60 319 84 138.69099306197654 18.362540366517067
1.0 7.6 Fixed 60 60 320 77 146.00981387743792 18.26912075391251
1.0 7.8 Fixed 60 60 310 78 154.15720728524153 19.652039937882193
1.0 8.0 Fixed 60 60 319 75 148.5208944695308 28.682512011899362
1.0 8.2 Fixed 60 60 320 63 156.88069184473935 25.77126734641097
1.0 8.4 Fixed 60 60 322 72 157.75901556538423 18.048694888237225
1.0 8.6 Fixed 60 60 320 76 157.01263177198155 18.276287653503537
1.0 8.8 Fixed 60 60 321 61 162.06287557532679 21.828883766177597
1.0 9.0 Fixed 60 60 320 90 156.59229944605596 21.636778626530248
1.0 9.2 Fixed 60 60 322 58 146.8414974127989 26.87793884058176
1.0 9.4 Fixed 60 60 321 56 153.97487520115314 23.604019953056763
1.0 9.6 Fixed 60 60 322 63 169.7048750424322 21.994876151565308
1.0 9.8 Fixed 60 60 322 77 157.45914283986045 19.927863163130667
1.0 10.0 Fixed 60 60 322 60 143.12277635555208 19.990759773012876
1.2 0.2 Fixed 60 60 315 285 131.93208439722144 302.418536770643
1.2 0.4 Fixed 60 60 309 285 143.14052861600524 278.1294041198364
1.2 0.6 Fixed 60 60 317 285 130.74763735034986 247.04509522572798
1.2 0.8 Fixed 60 60 308 285 121.95660038960804 220.18683096901015
1.2 1.0 Fixed 60 60 320 285 138.1800256520666 205.99471390369865
1.2 1.2 Fixed 60 60 322 285 108.48001671405684 174.20171403958454
1.2 1.4 Fixed 60 60 310 285 114.31266898824411 133.80891774738413
1.2 1.6 Fixed 60 60 306 285 117.26067774798011 94.53644877406605
1.2 1.8 Fixed 60 60 318 285 144.5890963347081 89.86334538820485
1.2 2.0 Fixed 60 60 322 283 135.81885095231917 51.65049443442128
1.2 2.2 Fixed 60 60 316 258 134.3179356898224 32.46459654938402
1.2 2.4 Fixed 60 60 314 233 124.36376281043674 30.399214814668017
1.2 2.6 Fixed 60 60 321 255 105.68705788585585 31.788789569496767
1.2 2.8 Fixed 60 60 315 212 124.24222494616399 25.28512979879431
1.2 3.0 Fixed 60 60 319 196 128.78553070592605 24.069547772897653
1.2 3.2 Fixed 60 60 316 178 127.76633162837662 24.52469999303139
1.2 3.4 Fixed 60 60 306 177 142.42847635856327 21.992948965186137
1.2 3.6 Fixed 60 60 309 161 137.6538686442302 24.07301149423443
1.2 3.8 Fixed 60 60 311 155 118.99330495810933 25.010443610697994
1.2 4.0 Fixed 60 60 322 148 130.68442193314144 20.324406601342012
1.2 4.2 Fixed 60 60 322 152 137.45572660153815 23.713860757326653
1.2 4.4 Fixed 60 60 316 140 115.10910727093876 26.010133444384092
1.2 4.6 Fixed 60 60 300 146 127.45458435187577 21.315771943566364
1.2 4.8 Fixed 60 60 312 128 151.74128665782408 21.85915760809102
1.2 5.0 Fixed 60 60 315 116 134.29399616914958 18.210256957764855
1.2 5.2 Fixed 60 60 305 99 139.42949102958852 19.518718272974805
1.2 5.4 Fixed 60 60 318 109 120.07118222448612 17.61866483271388
1.2 5.6 Fixed 60 60 317 115 133.89269554391797 19.828081640418326
1.2 5.8 Fixed 60 60 305 88 123.9901618289584 23.601553323754356
1.2 6.0 Fixed 60 60 314 90 111.20580865170157 19.369338186279098
1.2 6.2 Fixed 60 60 305 105 143.0330115337407 23.948231050803077
1.2 6.4 Fixed 60 60 314 92 121.71403815836786 19.55032156063128
1.2 6.6 Fixed 60 60 305 95 121.71021769668484 22.73458211384388
1.2 6.8 Fixed 60 60 321 91 121.28283434956477 20.35926228107376
1.2 7.0 Fixed 60 60 310 86 116.9824923691325 22.005113046097375
1.2 7.2 Fixed 60 60 311 84 137.48582965740616 24.798855402259626
1.2 7.4 Fixed 60 60 306 88 145.45771705591272 24.612785452416286
1.2 7.6 Fixed 60 60 303 81 141.95597005557934 18.293159670958563
1.2 7.8 Fixed 60 60 309 60 125.74688765823575 16.44934925751725
1.2 8.0 Fixed 60 60 313 88 139.53598337704307 18.6462945865555
1.2 8.2 Fixed 60 60 314 71 139.76807379714182 17.946072863584096
1.2 8.4 Fixed 60 60 317 79 138.54588884163508 20.368786045240768
1.2 8.6 Fixed 60 60 312 61 127.16279334941603 14.359415035917756
1.2 8.8 Fixed 60 60 321 62 140.51720613695 17.296009152242966
1.2 9.0 Fixed 60 60 314 46 135.53611800475576 18.70096204025572
1.2 9.2 Fixed 60 60 316 59 126.25164271519671 20.666258077233525
1.2 9.4 Fixed 60 60 307 65 125.36369577848033 19.689615504698434
1.2 9.6 Fixed 60 60 306 66 141.89411530677967 17.40523415644307
1.2 9.8 Fixed 60 60 306 61 129.22469003720846 17.94652145211456
1.2 10.0 Fixed 60 60 312 68 127.31189447266274 21.66040049261457
1.4 0.2 Fixed 60 60 311 285 91.4946696196255 302.8068178902831
1.4 0.4 Fixed 60 60 304 285 110.08018744805962 269.4965888713698
1.4 0.6 Fixed 60 60 309 285 113.48682297975877 249.49631442790172
1.4 0.8 Fixed 60 60 318 285 122.21818940538549 206.2870942556587
1.4 1.0 Fixed 60 60 310 285 101.6096730913173 185.25294599665395
1.4 1.2 Fixed 60 60 304 285 112.92599018474172 170.72659839567746
1.4 1.4 Fixed 60 60 306 285 105.49611927208417 153.03291516132975
1.4 1.6 Fixed 60 60 310 285 123.79855554684228 121.05263660572275
1.4 1.8 Fixed 60 60 297 285 108.37545049251942 100.79852819594328
1.4 2.0 Fixed 60 60 314 285 96.88779782836433 44.471355818987064
1.4 2.2 Fixed 60 60 307 269 99.9607585729391 33.457420582490926
1.4 2.4 Fixed 60 60 316 217 103.37930613134525 28.813470411478146
1.4 2.6 Fixed 60 60 301 248 127.21345881265289 30.0773629924195
1.4 2.8 Fixed 60 60 313 235 111.97266548726856 27.820547884520014
1.4 3.0 Fixed 60 60 306 191 123.16621601328403 25.726766489761783
1.4 3.2 Fixed 60 60 311 187 108.16901443924623 27.68787091157947
1.4 3.4 Fixed 60 60 305 192 122.54551868799368 26.09199766422248
1.4 3.6 Fixed 60 60 303 183 130.05835321158713 19.85371996427554
1.4 3.8 Fixed 60 60 313 140 108.21582380366095 23.781116012560947
1.4 4.0 Fixed 60 60 311 165 111.22773413129127 27.214383148467977
1.4 4.2 Fixed 60 60 302 158 102.2168621736665 25.67040990589857
1.4 4.4 Fixed 60 60 305 151 78.55034090911037 22.02359823764853
1.4 4.6 Fixed 60 60 311 129 105.56607586903897 19.488393695683616
1.4 4.8 Fixed 60 60 297 144 108.8102699725035 22.88240834559202
1.4 5.0 Fixed 60 60 315 119 100.68457348607902 20.560302565211618
1.4 5.2 Fixed 60 60 318 133 111.23050302274241 19.307966680161517
1.4 5.4 Fixed 60 60 308 113 124.59027605632261 21.89155558081418
1.4 5.6 Fixed 60 60 318 128 115.4392104074548 23.849413719115187
1.4 5.8 Fixed 60 60 322 99 130.68758656562275 21.271832982615983
1.4 6.0 Fixed 60 60 312 97 98.7786064035892 19.366128166242614
1.4 6.2 Fixed 60 60 305 94 100.48034642457458 17.511206423293906
1.4 6.4 Fixed 60 60 302 113 111.67215561653792 20.185191436986806
1.4 6.6 Fixed 60 60 302 83 110.89935616060106 15.210824444912674
1.4 6.8 Fixed 60 60 307 111 114.74663756801591 21.193819161381512
1.4 7.0 Fixed 60 60 309 83 113.40099706521399 23.892733652815227
1.4 7.2 Fixed 60 60 312 75 100.53770725834708 18.556162763763666
1.4 7.4 Fixed 60 60 308 76 111.98084322168093 19.465766065933973
1.4 7.6 Fixed 60 60 303 79 114.47756140830072 20.002103552979083
1.4 7.8 Fixed 60 60 308 77 114.4502800879124 20.09480734065529
1.4 8.0 Fixed 60 60 290 73 118.20560061539737 25.78300437420674
1.4 8.2 Fixed 60 60 302 80 115.16531797305007 21.737840733766944
1.4 8.4 Fixed 60 60 316 74 111.94422627653921 18.794314114590176
1.4 8.6 Fixed 60 60 305 77 116.88913407045959 18.839723338686476
1.4 8.8 Fixed 60 60 308 67 93.7828687018691 20.113529198140522
1.4 9.0 Fixed 60 60 308 68 111.55882120666048 19.55792308060116
1.4 9.2 Fixed 60 60 306 57 121.0292035084183 21.556664046669237
1.4 9.4 Fixed 60 60 311 69 84.82171310623251 23.569173616821175
1.4 9.6 Fixed 60 60 309 68 120.24393018832951 18.568990491131384
1.4 9.8 Fixed 60 60 299 64 90.97096724467886 13.23017327231668
1.4 10.0 Fixed 60 60 317 58 117.25319651347243 14.859276495710157
1.6 0.2 Fixed 60 60 301 285 86.92752028604396 300.95926249682526
1.6 0.4 Fixed 60 60 302 285 78.65172232548562 272.9315123181703
1.6 0.6 Fixed 60 60 297 285 110.39852524089252 240.0253335261454
1.6 0.8 Fixed 60 60 294 285 100.63169982423561 232.80001505046542
1.6 1.0 Fixed 60 60 298 285 106.42809298778147 193.6841974385163
1.6 1.2 Fixed 60 60 310 285 77.2973584385225 157.88935660968008
1.6 1.4 Fixed 60 60 298 285 88.53775523070043 111.2338198084809
1.6 1.6 Fixed 60 60 312 285 78.38169792822798 103.19301457772028
1.6 1.8 Fixed 60 60 296 285 96.3310873306998 100.90804850453712
1.6 2.0 Fixed 60 60 304 284 83.17730640946178 54.129134349203184
1.6 2.2 Fixed 60 60 300 284 85.41172608248898 41.58056946343554
1.6 2.4 Fixed 60 60 292 261 119.89762309240042 33.145251345985976
1.6 2.6 Fixed 60 60 305 200 81.94586056471385 28.569434175138635
1.6 2.8 Fixed 60 60 297 223 85.04768889192981 26.465617778476894
1.6 3.0 Fixed 60 60 300 193 86.01220253298926 26.849542146379935
1.6 3.2 Fixed 60 60 315 176 98.38808023177074 27.666757884046692
1.6 3.4 Fixed 60 60 306 177 86.49542717527558 22.847760594716206
1.6 3.6 Fixed 60 60 305 173 81.17495211524673 25.116339957292677
1.6 3.8 Fixed 60 60 300 155 77.64374575135488 24.871259472737364
1.6 4.0 Fixed 60 60 295 152 106.3404803113957 23.924294003777277
1.6 4.2 Fixed 60 60 310 127 98.62446604320587 17.660379474155807
1.6 4.4 Fixed 60 60 301 137 75.21435469650997 23.01128718389952
1.6 4.6 Fixed 60 60 312 140 86.72537031158515 21.814469315363286
1.6 4.8 Fixed 60 60 307 137 69.9835839266781 23.331071911622054
1.6 5.0 Fixed 60 60 292 115 105.68082674152487 18.47236173993326
1.6 5.2 Fixed 60 60 306 110 78.6894710685225 18.430242582575737
1.6 5.4 Fixed 60 60 295 109 86.63799491631396 22.21266213189023
1.6 5.6 Fixed 60 60 304 106 111.85565875021858 22.42939729226528
1.6 5.8 Fixed 60 60 299 96 93.97164176218327 20.123095158399334
1.6 6.0 Fixed 60 60 314 104 81.84129662434046 21.41741457435199
1.6 6.2 Fixed 60 60 294 114 78.71924682765622 24.14450430427414
1.6 6.4 Fixed 60 60 301 81 102.99787810348501 16.821806133691425
1.6 6.6 Fixed 60 60 304 96 98.40154860897287 22.906404139931144
1.6 6.8 Fixed 60 60 309 91 82.61832326239448 23.837328013300205
1.6 7.0 Fixed 60 60 297 92 104.98418791270203 21.216109277634448
1.6 7.2 Fixed 60 60 313 91 73.83499920011866 18.885527560607603
1.6 7.4 Fixed 60 60 305 81 89.22774141392445 19.460740724424042
1.6 7.6 Fixed 60 60 300 67 89.12793072844781 19.64278735491664
1.6 7.8 Fixed 60 60 302 70 73.60874298520072 18.089228368071172
1.6 8.0 Fixed 60 60 293 75 106.30572746359884 20.452030181785048
1.6 8.2 Fixed 60 60 309 76 104.71701555756243 20.244165489375266
1.6 8.4 Fixed 60 60 302 73 91.11582505703181 13.149633661448025
1.6 8.6 Fixed 60 60 299 77 111.7952029154524 15.154745055404062
1.6 8.8 Fixed 60 60 303 68 85.91576198844916 22.84825819485111
1.6 9.0 Fixed 60 60 296 64 109.12795484576962 21.355411440351396
1.6 9.2 Fixed 60 60 314 64 81.36232862149167 27.55219075171183
1.6 9.4 Fixed 60 60 307 58 104.99261254505032 21.033711535277053
1.6 9.6 Fixed 60 60 296 66 78.5865418699266 17.794214016798026
1.6 9.8 Fixed 60 60 293 53 82.63191154595317 16.118867682551627
1.6 10.0 Fixed 60 60 299 77 60.92584794072283 18.396988662635223
1.8 0.2 Fixed 60 60 303 285 67.06963009774047 300.0310754916464
1.8 0.4 Fixed 60 60 293 285 37.50941409865037 275.1657313770715
1.8 0.6 Fixed 60 60 295 285 69.36471800441275 243.5652417364208
1.8 0.8 Fixed 60 60 295 285 87.86480383848065 225.39838977110833
1.8 1.0 Fixed 60 60 296 285 56.300209517027035 186.20211907221815
1.8 1.2 Fixed 60 60 300 285 83.14728731242437 142.85058457396843
1.8 1.4 Fixed 60 60 298 285 50.76606843356182 138.18069144094437
1.8 1.6 Fixed 60 60 302 285 64.8165228297056 98.36131811248016
1.8 1.8 Fixed 60 60 296 285 81.16124801225298 63.53744523873339
1.8 2.0 Fixed 60 60 303 285 73.99704512427505 41.12379418269853
1.8 2.2 Fixed 60 60 302 259 88.21631386648922 38.066540430935646
1.8 2.4 Fixed 60 60 292 285 66.91780658465728 41.569670639908914
1.8 2.6 Fixed 60 60 302 228 75.0291238967907 27.369786369448068
1.8 2.8 Fixed 60 60 286 197 45.24981700480626 29.698058309929145
1.8 3.0 Fixed 60 60 297 178 52.197321843324154 26.880187311975675
1.8 3.2 Fixed 60 60 302 175 57.16568329252285 25.296822662539324
1.8 3.4 Fixed 60 60 299 190 68.76653614417218 20.596663280350622
1.8 3.6 Fixed 60 60 295 174 55.15985958066676 26.361796683192566
1.8 3.8 Fixed 60 60 297 171 68.25314544204043 22.94988455741319
1.8 4.0 Fixed 60 60 303 134 63.611497061538785 20.685735374752795
1.8 4.2 Fixed 60 60 288 128 58.37920553674876 21.29642649419752
1.8 4.4 Fixed 60 60 298 118 68.23887394946833 20.648334709414055
1.8 4.6 Fixed 60 60 298 140 73.07840065610048 24.21053922485355
1.8 4.8 Fixed 60 60 294 127 67.7118361914038 20.18203568161911
1.8 5.0 Fixed 60 60 301 118 75.7978594283975 23.3038164777105
1.8 5.2 Fixed 60 60 304 132 79.64183827842331 18.213199631913437
1.8 5.4 Fixed 60 60 298 101 63.163368064002874 19.777800144692822
1.8 5.6 Fixed 60 60 292 93 31.647605863888344 21.96757108789569
1.8 5.8 Fixed 60 60 294 120 70.45220984133711 19.400867393587085
1.8 6.0 Fixed 60 60 289 76 56.101541224538394 22.15989373591498
1.8 6.2 Fixed 60 60 298 94 65.30273459203194 20.94410742998595
1.8 6.4 Fixed 60 60 306 92 54.88547807356501 20.331751409559622
1.8 6.6 Fixed 60 60 306 79 63.806589040234414 19.45891532163004
1.8 6.8 Fixed 60 60 300 107 52.54179137764502 18.85856438138854
1.8 7.0 Fixed 60 60 289 86 47.06326263622613 20.47143398838438
1.8 7.2 Fixed 60 60 300 79 54.50871373117169 21.394012476094385
1.8 7.4 Fixed 60 60 294 88 84.30564577621661 20.105314399522612
1.8 7.6 Fixed 60 60 305 86 91.93024833537355 17.456149107591592
1.8 7.8 Fixed 60 60 306 82 64.31480102123321 19.12040746768315
1.8 8.0 Fixed 60 60 297 78 68.91726509910954 22.113923279560417
1.8 8.2 Fixed 60 60 297 75 60.543252255602845 22.249579412078663
1.8 8.4 Fixed 60 60 308 75 106.07698829066528 22.142065984307454
1.8 8.6 Fixed 60 60 297 75 38.70560233323933 22.28480680654694
1.8 8.8 Fixed 60 60 296 61 54.823600288007064 21.306005423314083
1.8 9.0 Fixed 60 60 293 61 68.36372779535776 21.329738968722324
1.8 9.2 Fixed 60 60 291 79 35.44136087373721 24.699117472257942
1.8 9.4 Fixed 60 60 298 81 59.413510049061145 20.194329368952896
1.8 9.6 Fixed 60 60 294 58 75.23050454797918 15.592700811130225
1.8 9.8 Fixed 60 60 295 71 48.61663677832679 24.490360072535886
1.8 10.0 Fixed 60 60 288 65 80.11120399255503 15.252572664513117
2.0 0.2 Fixed 60 60 297 285 46.37316658071561 304.0628996104939
2.0 0.4 Fixed 60 60 295 285 41.21131412113429 270.71132819816796
2.0 0.6 Fixed 60 60 280 285 49.76417349986316 243.51739345475943
2.0 0.8 Fixed 60 60 290 285 37.537880592906625 219.21732635062196
2.0 1.0 Fixed 60 60 290 285 36.38681601148118 171.6469880196965
2.0 1.2 Fixed 60 60 268 285 27.1804856511999 166.06137555761705
2.0 1.4 Fixed 60 60 274 285 24.87362077845001 157.5263300341412
2.0 1.6 Fixed 60 60 290 285 38.98086452858968 98.79540911804027
2.0 1.8 Fixed 60 60 295 285 38.03048906712728 100.91446191305023
2.0 2.0 Fixed 60 60 293 285 73.27843390278494 41.65562972766657
2.0 2.2 Fixed 60 60 301 285 49.02101295612032 49.853124405687645
2.0 2.4 Fixed 60 60 274 269 30.022873681594998 34.0465888344183
2.0 2.6 Fixed 60 60 295 247 48.491239067714794 31.02334840431852
2.0 2.8 Fixed 60 60 304 205 46.22385689720556 24.087542410729565
2.0 3.0 Fixed 60 60 296 235 39.725958501789314 25.549055762294252
2.0 3.2 Fixed 60 60 300 189 69.11287236008548 24.74076356887383
2.0 3.4 Fixed 60 60 300 186 42.46195955254991 24.853122508177318
2.0 3.6 Fixed 60 60 297 163 39.317382189297334 21.722158604030465
2.0 3.8 Fixed 60 60 278 149 46.34257145773546 25.08572581028423
2.0 4.0 Fixed 60 60 301 150 32.719892195681496 18.84116583733644
2.0 4.2 Fixed 60 60 300 149 57.46965364576448 21.090485712893095
2.0 4.4 Fixed 60 60 279 112 39.953762561223186 20.641537697550852
2.0 4.6 Fixed 60 60 294 152 39.82629778518178 26.41582937875974
2.0 4.8 Fixed 60 60 277 122 29.533282616975963 21.824941552503734
2.0 5.0 Fixed 60 60 294 113 43.71358337207813 20.057071582367765
2.0 5.2 Fixed 60 60 272 127 52.518282409213725 20.049915466801703
2.0 5.4 Fixed 60 60 290 101 58.821734095282316 17.901405668370142
2.0 5.6 Fixed 60 60 297 109 58.84730664162625 21.79173188076402
2.0 5.8 Fixed 60 60 285 93 40.0028614454105 19.384208379728133
2.0 6.0 Fixed 60 60 291 95 32.90363008610807 23.67561003285136
2.0 6.2 Fixed 60 60 298 90 55.15448493514683 21.742647542365205
2.0 6.4 Fixed 60 60 302 77 53.75528240900117 20.084779671014104
2.0 6.6 Fixed 60 60 292 81 64.53068696334242 18.80079089683658
2.0 6.8 Fixed 60 60 303 103 49.698183682607045 19.439915481625892
2.0 7.0 Fixed 60 60 292 95 39.982053352084755 21.556556776851608
2.0 7.2 Fixed 60 60 295 81 33.77956674303854 17.416364586129387
2.0 7.4 Fixed 60 60 301 68 47.35456875392914 22.06013158764098
2.0 7.6 Fixed 60 60 295 75 57.79673225496002 18.2682268411862
2.0 7.8 Fixed 60 60 299 70 58.25122998460323 18.145952572904577
2.0 8.0 Fixed 60 60 286 75 34.59066167068844 18.42685223569441
2.0 8.2 Fixed 60 60 302 82 62.974215083183736 18.22036653881731
2.0 8.4 Fixed 60 60 290 64 28.52718456086718 17.1286975912668
2.0 8.6 Fixed 60 60 303 68 45.78738651167509 19.687820344088003
2.0 8.8 Fixed 60 60 297 82 39.98399557340348 22.754879611129542
2.0 9.0 Fixed 60 60 300 62 45.39143898474101 19.56085361435674
2.0 9.2 Fixed 60 60 278 66 33.84700490291229 21.213305044636606
2.0 9.4 Fixed 60 60 293 56 42.936490754728176 23.079803637261502
2.0 9.6 Fixed 60 60 286 61 52.75711150593179 15.1709903706904
2.0 9.8 Fixed 60 60 285 67 35.992832437030906 22.195624268818744
2.0 10.0 Fixed 60 60 289 63 43.11594561631206 19.270007065183563
2.2 0.2 Fixed 60 60 296 285 44.2977115803239 302.30584886560194
2.2 0.4 Fixed 60 60 279 285 36.08692036358092 274.85789505930177
2.2 0.6 Fixed 60 60 257 285 29.098358354300498 257.01446058244494
2.2 0.8 Fixed 60 60 265 285 26.36064686527236 218.21875668063907
2.2 1.0 Fixed 60 60 285 285 26.8081975397581 199.27594124210236
2.2 1.2 Fixed 60 60 273 285 32.98635341602759 150.25987067598203
2.2 1.4 Fixed 60 60 274 285 29.189024351340453 125.86748073106648
2.2 1.6 Fixed 60 60 282 285 26.827265913964013 85.91138317648607
2.2 1.8 Fixed 60 60 295 285 33.788472923121816 76.77931645946448
2.2 2.0 Fixed 60 60 290 285 34.72188195785275 54.940836216746035
2.2 2.2 Fixed 60 60 267 285 27.7947932167919 62.46445226209218
2.2 2.4 Fixed 60 60 288 237 44.211767972058645 28.183501474569525
2.2 2.6 Fixed 60 60 298 216 39.805201392902426 29.361037858969716
2.2 2.8 Fixed 60 60 282 209 42.90258162204595 27.736391546277073
2.2 3.0 Fixed 60 60 291 210 52.79756117009414 28.622641565520034
2.2 3.2 Fixed 60 60 291 187 41.482073172737444 23.908593155656355
2.2 3.4 Fixed 60 60 266 165 25.03625527018294 23.503621385378132
2.2 3.6 Fixed 60 60 282 177 28.580187991603253 19.797766178101135
2.2 3.8 Fixed 60 60 279 179 36.00161379202435 20.689349367063173
2.2 4.0 Fixed 60 60 264 167 26.053247561183685 21.485139105304242
2.2 4.2 Fixed 60 60 285 156 36.554434579255194 29.207313937041228
2.2 4.4 Fixed 60 60 264 152 30.472889808509375 24.606471724636407
2.2 4.6 Fixed 60 60 283 130 31.237991496708304 23.066633602009524
2.2 4.8 Fixed 60 60 282 142 27.39156392577321 20.297647634152565
2.2 5.0 Fixed 60 60 292 118 59.34158175530682 21.162630361479316
2.2 5.2 Fixed 60 60 280 116 44.1508598280213 22.895577593422836
2.2 5.4 Fixed 60 60 267 116 24.399849657693068 19.75554844002578
2.2 5.6 Fixed 60 60 289 113 41.35207703276602 26.12209113897087
2.2 5.8 Fixed 60 60 292 94 32.90755946997889 16.29571918100247
2.2 6.0 Fixed 60 60 279 122 39.632938166436816 21.802430997375332
2.2 6.2 Fixed 60 60 290 79 31.920293647305684 20.999552088547567
2.2 6.4 Fixed 60 60 291 81 31.46000259607911 20.723378646966342
2.2 6.6 Fixed 60 60 299 86 52.002966926433324 20.279430673206075
2.2 6.8 Fixed 60 60 265 81 27.720682118127126 22.563889249867362
2.2 7.0 Fixed 60 60 288 70 31.840791884695893 22.736348687304922
2.2 7.2 Fixed 60 60 296 92 38.29470186071846 18.679911910191677
2.2 7.4 Fixed 60 60 270 97 35.85578638512258 19.555324743744695
2.2 7.6 Fixed 60 60 288 81 36.53280910534161 22.057328723747364
2.2 7.8 Fixed 60 60 290 63 56.94085580336032 24.25276216565928
2.2 8.0 Fixed 60 60 285 84 27.51494680396056 14.341347386393837
2.2 8.2 Fixed 60 60 271 86 30.95008291135883 20.018493504239323
2.2 8.4 Fixed 60 60 282 70 38.23083103374955 19.839261367581514
2.2 8.6 Fixed 60 60 258 57 27.843369734832095 17.71761736478058
2.2 8.8 Fixed 60 60 265 53 29.362468348806775 16.43726736791289
2.2 9.0 Fixed 60 60 286 76 35.05720535648371 22.03497416725201
2.2 9.2 Fixed 60 60 272 62 27.666426290224074 21.075408780485276
2.2 9.4 Fixed 60 60 296 51 44.329145139750544 16.385642923085687
2.2 9.6 Fixed 60 60 276 77 33.773898670894184 23.058468529224463
2.2 9.8 Fixed 60 60 285 65 59.14997768571599 19.207901585640194
2.2 10.0 Fixed 60 60 275 59 29.11884029993012 19.853034890192436
2.4 0.2 Fixed 60 60 262 285 32.399961182808774 302.6390608450451
2.4 0.4 Fixed 60 60 278 285 33.47889087636291 278.456200767369
2.4 0.6 Fixed 60 60 277 285 35.013867344744476 235.37726565379197
2.4 0.8 Fixed 60 60 290 285 44.97751242691475 211.24445639235435
2.4 1.0 Fixed 60 60 292 285 35.086749050994854 170.2664987887248
2.4 1.2 Fixed 60 60 245 285 27.188606237213918 158.4422044358762
2.4 1.4 Fixed 60 60 270 285 30.629730594959586 125.46273030932608
2.4 1.6 Fixed 60 60 282 285 33.08637416371913 120.88267231784913
2.4 1.8 Fixed 60 60 264 285 29.411731925189994 51.94902206462116
2.4 2.0 Fixed 60 60 251 279 29.476417222303194 41.90405881977119
2.4 2.2 Fixed 60 60 262 267 33.065701812456936 40.907293509256164
2.4 2.4 Fixed 60 60 252 280 27.61685381802597 36.130378217121134
2.4 2.6 Fixed 60 60 265 247 30.845927627690227 28.12308760215465
2.4 2.8 Fixed 60 60 276 205 31.33566592459879 27.322747797735172
2.4 3.0 Fixed 60 60 247 201 31.036675578009977 21.1992080118519
2.4 3.2 Fixed 60 60 243 184 26.491637866800605 22.082416168438513
2.4 3.4 Fixed 60 60 237 178 20.34104568178722 23.114485977318832
2.4 3.6 Fixed 60 60 273 185 29.371244274314957 26.412005577495155
2.4 3.8 Fixed 60 60 256 168 30.07844936694877 29.142748909244524
2.4 4.0 Fixed 60 60 262 145 27.204854470018937 24.41163232273765
2.4 4.2 Fixed 60 60 268 136 32.102792571402944 19.43866349547268
2.4 4.4 Fixed 60 60 281 151 38.02579041551768 20.04337795541154
2.4 4.6 Fixed 60 60 234 124 27.636628578780048 25.58250144532762
2.4 4.8 Fixed 60 60 262 128 27.054871391848263 18.74770273591328
2.4 5.0 Fixed 60 60 263 112 25.62772813202762 23.298783518932055
2.4 5.2 Fixed 60 60 256 93 25.681257749460933 23.58996551578245
2.4 5.4 Fixed 60 60 239 104 25.89185025662612 25.59419463339132
2.4 5.6 Fixed 60 60 268 111 28.90710073631048 22.6616923790023
2.4 5.8 Fixed 60 60 233 93 23.992826503281385 17.7969407741116
2.4 6.0 Fixed 60 60 282 102 34.0039724865507 23.7481786455235
2.4 6.2 Fixed 60 60 273 105 28.01946274770955 19.265332109032453
2.4 6.4 Fixed 60 60 264 106 26.745157926214286 22.746445070374495
2.4 6.6 Fixed 60 60 263 83 29.53793792857503 20.401637740708033
2.4 6.8 Fixed 60 60 252 99 24.33151885578747 17.903456405928868
2.4 7.0 Fixed 60 60 280 102 31.943413877330197 19.74611671806704
2.4 7.2 Fixed 60 60 239 92 27.785445364152572 15.58341983177657
2.4 7.4 Fixed 60 60 264 70 30.735845128296294 21.228125307365676
2.4 7.6 Fixed 60 60 264 79 30.852541918579213 17.768991890392922
2.4 7.8 Fixed 60 60 263 77 30.98927150646086 18.800031034527446
2.4 8.0 Fixed 60 60 271 61 27.405753487390005 21.777529525507035
2.4 8.2 Fixed 60 60 276 70 29.793283060915286 21.290740085168416
2.4 8.4 Fixed 60 60 261 71 32.941833034247864 18.046137669001535
2.4 8.6 Fixed 60 60 240 67 30.240228606425507 23.256563371558986
2.4 8.8 Fixed 60 60 264 68 32.76537816607348 19.677906873095836
2.4 9.0 Fixed 60 60 274 82 27.480002372668803 19.264200142632255
2.4 9.2 Fixed 60 60 258 61 22.60073925151998 19.187828286254057
2.4 9.4 Fixed 60 60 265 77 30.062743067250754 19.868942603381832
2.4 9.6 Fixed 60 60 265 63 27.094106086454897 18.683943964130027
2.4 9.8 Fixed 60 60 263 58 26.805893276518724 15.427143410745405
2.4 10.0 Fixed 60 60 232 62 23.10231664217028 17.210059813702138
2.6 0.2 Fixed 60 60 236 285 26.69941162033113 300.76886246497
2.6 0.4 Fixed 60 60 233 285 24.3466181220957 278.1911560354941
2.6 0.6 Fixed 60 60 236 285 21.31883166697654 245.86336847449215
2.6 0.8 Fixed 60 60 256 285 25.110577807778295 203.2618378074566
2.6 1.0 Fixed 60 60 233 285 24.13370838958552 174.9033726830406
2.6 1.2 Fixed 60 60 275 285 35.775409645183 189.4318623764138
2.6 1.4 Fixed 60 60 246 285 27.64625509154492 126.93278579683313
2.6 1.6 Fixed 60 60 257 285 27.099145089873474 75.26493976792744
2.6 1.8 Fixed 60 60 249 285 26.655726253889576 93.02955181456574
2.6 2.0 Fixed 60 60 258 285 27.756021999518946 50.57272580517259
2.6 2.2 Fixed 60 60 260 263 26.830724931125257 31.540040732165277
2.6 2.4 Fixed 60 60 247 254 26.443969887529917 29.78966773054531
2.6 2.6 Fixed 60 60 270 214 31.98764065160529 29.18296001544046
2.6 2.8 Fixed 60 60 244 216 24.790529259391757 24.099887721115206
2.6 3.0 Fixed 60 60 206 214 25.72139647696345 25.219412810381485
2.6 3.2 Fixed 60 60 237 177 24.452150665127338 28.02408758287099
2.6 3.4 Fixed 60 60 216 195 27.982775707206752 22.91008319617641
2.6 3.6 Fixed 60 60 234 166 30.188888522831885 21.097319732581237
2.6 3.8 Fixed 60 60 244 158 27.515136979005405 25.396611412152318
2.6 4.0 Fixed 60 60 227 152 27.37861924290259 21.85145960607795
2.6 4.2 Fixed 60 60 250 131 29.85706452617019 22.450366160387283
2.6 4.4 Fixed 60 60 240 145 26.291981114055545 23.196484070896773
2.6 4.6 Fixed 60 60 242 120 33.682465784896756 20.36575091722347
2.6 4.8 Fixed 60 60 244 120 26.456008525481078 22.02425073238398
2.6 5.0 Fixed 60 60 232 102 28.69771116767656 20.376804925223578
2.6 5.2 Fixed 60 60 261 107 28.035094395823023 20.20864556695822
2.6 5.4 Fixed 60 60 252 120 25.995164605528853 18.325646109720267
2.6 5.6 Fixed 60 60 236 92 26.457093712688156 19.406070125106726
2.6 5.8 Fixed 60 60 243 116 25.66367812720628 26.204466532607007
2.6 6.0 Fixed 60 60 246 81 28.051887094101506 20.21667609967591
2.6 6.2 Fixed 60 60 236 83 24.479714275641932 22.90444777681204
2.6 6.4 Fixed 60 60 257 95 25.426431894528346 24.3758155666331
2.6 6.6 Fixed 60 60 232 92 26.3115693679416 14.025757794496796
2.6 6.8 Fixed 60 60 252 89 34.015992077118014 16.888603700131142
2.6 7.0 Fixed 60 60 249 95 26.865925613319057 20.449843261997227
2.6 7.2 Fixed 60 60 223 72 22.472666216243276 16.240674109878064
2.6 7.4 Fixed 60 60 239 82 34.20269617362076 21.740460850355454
2.6 7.6 Fixed 60 60 246 74 25.850192251545955 18.07486286931344
2.6 7.8 Fixed 60 60 234 91 25.815660384444527 20.07748736941307
2.6 8.0 Fixed 60 60 261 66 28.756833742423346 16.978375349446203
2.6 8.2 Fixed 60 60 249 77 23.675858403102744 17.741929439000355
2.6 8.4 Fixed 60 60 241 78 27.40414450006234 19.655800128047222
2.6 8.6 Fixed 60 60 242 67 27.28259556272787 22.486407972673696
2.6 8.8 Fixed 60 60 229 78 24.3146696570722 18.377681896485935
2.6 9.0 Fixed 60 60 254 74 24.821874112327176 19.078488908975228
2.6 9.2 Fixed 60 60 258 61 28.024934134808966 18.947214283391837
2.6 9.4 Fixed 60 60 222 72 22.25035707545727 18.98055499946764
2.6 9.6 Fixed 60 60 243 56 22.53659601124845 20.139670028139797
2.6 9.8 Fixed 60 60 236 54 21.716755017843468 17.375368484620925
2.6 10.0 Fixed 60 60 233 50 21.71987283560224 21.314633369155008
2.8 0.2 Fixed 60 60 229 285 22.883201942574512 300.7431404758071
2.8 0.4 Fixed 60 60 226 285 26.0817271257854 272.5407095902231
2.8 0.6 Fixed 60 60 221 285 22.315121377145093 248.64339956990437
2.8 0.8 Fixed 60 60 244 285 26.072536742760075 223.02557137290006
2.8 1.0 Fixed 60 60 200 285 26.963106211292544 182.14039092673585
2.8 1.2 Fixed 60 60 250 285 29.78431317969206 160.7053483370946
2.8 1.4 Fixed 60 60 220 285 23.97748147807253 141.78304092322387
2.8 1.6 Fixed 60 60 241 285 24.150013009158574 113.14711225333821
2.8 1.8 Fixed 60 60 216 285 22.37170009521182 53.26151192134478
2.8 2.0 Fixed 60 60 218 267 25.373086650184444 42.559046021671556
2.8 2.2 Fixed 60 60 239 253 25.642025388030365 26.423768112365654
2.8 2.4 Fixed 60 60 234 228 24.856855915145466 30.254667424440093
2.8 2.6 Fixed 60 60 241 239 22.225483750462274 28.603727978169612
2.8 2.8 Fixed 60 60 224 195 25.90675008471586 27.30988140559836
2.8 3.0 Fixed 60 60 217 186 24.203208289429583 24.28005887894732
2.8 3.2 Fixed 60 60 235 177 25.94848591512581 22.34520447067093
2.8 3.4 Fixed 60 60 242 190 26.00198828259185 20.687423932961643
2.8 3.6 Fixed 60 60 218 158 26.65596017604379 25.555172353791296
2.8 3.8 Fixed 60 60 226 156 24.66802121176863 23.855517252524617
2.8 4.0 Fixed 60 60 223 147 24.106843440804653 21.345979255969702
2.8 4.2 Fixed 60 60 222 143 23.34588494216803 24.99083000552953
2.8 4.4 Fixed 60 60 238 143 25.31661956333438 22.104047395550605
2.8 4.6 Fixed 60 60 206 146 25.968851727242157 24.436934623166497
2.8 4.8 Fixed 60 60 245 136 25.79727857400304 20.49298899200963
2.8 5.0 Fixed 60 60 227 104 21.851095712904836 18.925812465420947
2.8 5.2 Fixed 60 60 235 115 24.758648359248003 16.412892057304557
2.8 5.4 Fixed 60 60 206 111 27.651296017666578 18.86966819429935
2.8 5.6 Fixed 60 60 221 118 24.239581332930385 22.471368538614577
2.8 5.8 Fixed 60 60 202 106 27.317445279451913 21.88550204780849
2.8 6.0 Fixed 60 60 219 102 27.152380685088403 24.63919615257597
2.8 6.2 Fixed 60 60 223 77 24.471533653424327 16.154003609372495
2.8 6.4 Fixed 60 60 213 85 20.85075428287254 26.09489788402226
2.8 6.6 Fixed 60 60 225 100 30.728703350907633 17.308158242890197
2.8 6.8 Fixed 60 60 207 93 21.010461315730307 19.462733855388592
2.8 7.0 Fixed 60 60 195 82 26.91663743864962 25.33411125838497
2.8 7.2 Fixed 60 60 208 91 25.164510186622564 22.004176224110193
2.8 7.4 Fixed 60 60 226 69 25.705144194132917 19.05607171480931
2.8 7.6 Fixed 60 60 233 88 17.315007165386294 22.958170567199975
2.8 7.8 Fixed 60 60 206 66 23.61654953169519 20.29346262598249
2.8 8.0 Fixed 60 60 219 76 22.648626367776153 15.154289285171506
2.8 8.2 Fixed 60 60 215 68 27.57548709742659 24.881678585982844
2.8 8.4 Fixed 60 60 219 61 25.40169164602931 23.607616712756748
2.8 8.6 Fixed 60 60 236 78 29.894049235282345 21.155446163830984
2.8 8.8 Fixed 60 60 224 74 28.082386828867694 21.996918671122
2.8 9.0 Fixed 60 60 213 72 21.587595395575004 20.81948231973879
2.8 9.2 Fixed 60 60 221 62 24.77203470264208 19.154069484731647
2.8 9.4 Fixed 60 60 229 74 24.402541527385583 18.445715749499744
2.8 9.6 Fixed 60 60 202 59 25.583476679487998 20.053697598937564
2.8 9.8 Fixed 60 60 224 76 25.36725050139236 22.670656799110755
2.8 10.0 Fixed 60 60 249 53 25.64264137053727 20.07266934954714
3.0 0.2 Fixed 60 60 220 285 22.877393735920503 298.37213328492
3.0 0.4 Fixed 60 60 221 285 25.946815621327115 269.8135534560891
3.0 0.6 Fixed 60 60 216 285 20.383861522929784 244.2877562424692
3.0 0.8 Fixed 60 60 211 285 21.806339087820177 213.9831233600533
3.0 1.0 Fixed 60 60 218 285 23.506919749618397 188.49044690201012
3.0 1.2 Fixed 60 60 203 285 25.056813454660404 140.59900128655448
3.0 1.4 Fixed 60 60 213 285 26.34115497710279 120.05524116317132
3.0 1.6 Fixed 60 60 214 285 26.73719070478444 86.18334331086676
3.0 1.8 Fixed 60 60 209 285 24.49383661075502 62.56112033271017
3.0 2.0 Fixed 60 60 233 285 26.744167770339075 50.80790810710763
3.0 2.2 Fixed 60 60 238 250 27.75280043740815 27.564606393876254
3.0 2.4 Fixed 60 60 222 274 21.463878851616197 34.20435778303643
3.0 2.6 Fixed 60 60 228 212 25.263558015210354 30.932627704903638
3.0 2.8 Fixed 60 60 198 221 21.89983327429168 32.71141291078901
3.0 3.0 Fixed 60 60 194 224 23.977458174263777 23.542247569701402
3.0 3.2 Fixed 60 60 212 187 24.905858206802943 27.677028657950924
3.0 3.4 Fixed 60 60 208 173 22.835966772127634 28.509185821625575
3.0 3.6 Fixed 60 60 185 191 23.121357584901574 26.940462768982545
3.0 3.8 Fixed 60 60 207 145 20.23599440284731 24.435467119717767
3.0 4.0 Fixed 60 60 220 152 24.027085508403914 25.217036437642978
3.0 4.2 Fixed 60 60 231 112 30.04340355627906 21.392134982786907
3.0 4.4 Fixed 60 60 209 143 28.12643448743844 20.13074908930646
3.0 4.6 Fixed 60 60 217 124 24.873355517327575 23.322750281902223
3.0 4.8 Fixed 60 60 205 123 25.8237651341294 21.12719278488026
3.0 5.0 Fixed 60 60 190 127 25.491088881577593 22.315507402901943
3.0 5.2 Fixed 60 60 220 111 22.904320146517794 20.88342757394819
3.0 5.4 Fixed 60 60 201 112 25.058299340299328 16.352182798293356
3.0 5.6 Fixed 60 60 202 125 22.080705832878103 20.974770119198016
3.0 5.8 Fixed 60 60 233 101 25.472269568893307 18.385971335286342
3.0 6.0 Fixed 60 60 209 99 21.57886419094989 21.712624665153086
3.0 6.2 Fixed 60 60 219 92 23.301492806071874 23.964773956971147
3.0 6.4 Fixed 60 60 211 85 24.592163147290105 17.161446556847096
3.0 6.6 Fixed 60 60 222 93 23.402030580711227 22.604869007658948
3.0 6.8 Fixed 60 60 209 85 21.915595330456476 18.411799895664757
3.0 7.0 Fixed 60 60 188 100 26.391639254955056 20.784271620632158
3.0 7.2 Fixed 60 60 242 100 23.86302913200904 16.848779681031264
3.0 7.4 Fixed 60 60 208 77 23.313185914519973 24.8704925404308
3.0 7.6 Fixed 60 60 237 84 25.42107378027836 15.885231040360654
3.0 7.8 Fixed 60 60 193 75 26.603636574215283 22.970607600141513
3.0 8.0 Fixed 60 60 204 85 23.43001762319743 18.355982951454155
3.0 8.2 Fixed 60 60 235 99 26.828120248690123 23.131804894847544
3.0 8.4 Fixed 60 60 222 71 28.246168460536026 18.382631820111758
3.0 8.6 Fixed 60 60 211 70 23.129375460532977 18.347091592448017
3.0 8.8 Fixed 60 60 245 80 28.014728011379646 21.043892979394773
3.0 9.0 Fixed 60 60 208 72 22.2398711525615 24.977856815217915
3.0 9.2 Fixed 60 60 214 84 26.33245890658634 19.20001445439282
3.0 9.4 Fixed 60 60 232 68 27.102169962417904 17.857476325236092
3.0 9.6 Fixed 60 60 208 54 21.70286115066563 22.424112552550465
3.0 9.8 Fixed 60 60 221 60 25.07222488275775 22.88590677773917
3.0 10.0 Fixed 60 60 237 54 23.138949643135547 25.085815801750027
3.2 0.2 Fixed 60 60 195 285 24.91094448828802 303.29091449078913
3.2 0.4 Fixed 60 60 191 285 24.96169812959829 272.30321235779087
3.2 0.6 Fixed 60 60 187 285 23.269565370443235 247.95889749556
3.2 0.8 Fixed 60 60 199 285 22.34998480502501 216.7842365559213
3.2 1.0 Fixed 60 60 190 285 24.267114776879712 184.1285558843992
3.2 1.2 Fixed 60 60 198 285 23.264930707395067 159.55018240724112
3.2 1.4 Fixed 60 60 214 285 26.081756735507415 142.87137033656836
3.2 1.6 Fixed 60 60 200 285 23.49170840720571 132.74133228150902
3.2 1.8 Fixed 60 60 210 274 25.98893826971826 63.29517960288596
3.2 2.0 Fixed 60 60 208 285 22.090758468981747 49.6073100668733
3.2 2.2 Fixed 60 60 187 259 24.320709564973477 29.02885970246097
3.2 2.4 Fixed 60 60 191 284 23.83674088709504 46.223136607379395
3.2 2.6 Fixed 60 60 195 226 19.932478031204482 30.21139657817084
3.2 2.8 Fixed 60 60 200 200 24.295232340303446 24.93701264284636
3.2 3.0 Fixed 60 60 205 230 22.049080514598607 24.622885423043176
3.2 3.2 Fixed 60 60 181 201 24.41744801337451 25.81944149014026
3.2 3.4 Fixed 60 60 179 190 21.337004279525733 24.613316299865783
3.2 3.6 Fixed 60 60 196 151 23.093615067918815 24.3775480942075
3.2 3.8 Fixed 60 60 200 171 24.61397567098493 22.998060907818026
3.2 4.0 Fixed 60 60 190 164 21.894697514745904 23.20718123635826
3.2 4.2 Fixed 60 60 194 150 21.597993260832265 19.202914965145556
3.2 4.4 Fixed 60 60 220 136 30.68291877805412 24.638705463846332
3.2 4.6 Fixed 60 60 196 109 23.712751085305367 20.742838910357587
3.2 4.8 Fixed 60 60 202 119 24.716845788162146 18.017456217084668
3.2 5.0 Fixed 60 60 178 128 26.033301464812457 23.75646663877128
3.2 5.2 Fixed 60 60 193 127 22.980384828607004 20.098543029702835
3.2 5.4 Fixed 60 60 200 118 23.582845528820176 22.11409305192041
3.2 5.6 Fixed 60 60 199 102 25.001323105402417 20.403328415759216
3.2 5.8 Fixed 60 60 202 79 23.256579941445576 23.319337872589564
3.2 6.0 Fixed 60 60 201 100 28.766895827670616 19.553732870565067
3.2 6.2 Fixed 60 60 188 100 19.382991824268302 16.92060042883248
3.2 6.4 Fixed 60 60 180 89 21.322994947212408 15.416195678157248
3.2 6.6 Fixed 60 60 192 95 25.37506678306059 23.47843097248355
3.2 6.8 Fixed 60 60 217 107 23.73107568931069 21.46830030254877
3.2 7.0 Fixed 60 60 190 78 20.36452753620141 17.74879974825004
3.2 7.2 Fixed 60 60 199 95 22.819937533372965 17.823907168223833
3.2 7.4 Fixed 60 60 213 79 21.09738313264393 22.67031686276297
3.2 7.6 Fixed 60 60 188 83 22.157451254353823 20.4165553628504
3.2 7.8 Fixed 60 60 196 67 24.502425824758532 18.8354880309265
3.2 8.0 Fixed 60 60 181 73 21.22280568328747 14.355692189623063
3.2 8.2 Fixed 60 60 194 82 22.51205207443127 22.644053011502603
3.2 8.4 Fixed 60 60 208 92 23.458108703140258 25.87685418458938
3.2 8.6 Fixed 60 60 207 79 24.374231508081778 20.38268691033006
3.2 8.8 Fixed 60 60 198 82 20.542245237164067 17.64685817437403
3.2 9.0 Fixed 60 60 195 59 24.982358780005953 18.842645058306633
3.2 9.2 Fixed 60 60 202 53 23.738269121162727 22.918139110917043
3.2 9.4 Fixed 60 60 215 74 23.415284105169135 22.57898952698755
3.2 9.6 Fixed 60 60 231 59 24.84200914089546 24.8846005228386
3.2 9.8 Fixed 60 60 205 62 23.016245711868685 18.790249479345995
3.2 10.0 Fixed 60 60 189 55 24.877146388879556 19.300526761924093
3.4 0.2 Fixed 60 60 196 285 21.977077446635263 299.2097810670121
3.4 0.4 Fixed 60 60 198 285 26.954403297125502 268.84313909336055
3.4 0.6 Fixed 60 60 200 285 22.3803053513333 248.88007599896514
3.4 0.8 Fixed 60 60 185 285 20.804692265723723 213.18673101878198
3.4 1.0 Fixed 60 60 190 285 23.33657796953251 179.06579116532953
3.4 1.2 Fixed 60 60 184 285 21.222164369942742 146.0826943849452
3.4 1.4 Fixed 60 60 172 285 21.4567706238234 144.80634748216315
3.4 1.6 Fixed 60 60 198 285 22.173897996081028 114.72825605028473
3.4 1.8 Fixed 60 60 169 285 17.888119452601035 83.42361506488449
3.4 2.0 Fixed 60 60 206 284 25.3782021024129 52.58776037494475
3.4 2.2 Fixed 60 60 191 275 22.038709180092688 34.6463108324544
3.4 2.4 Fixed 60 60 211 244 21.508885964246495 28.631230039753316
3.4 2.6 Fixed 60 60 213 214 27.415412477490754 29.884278354834365
3.4 2.8 Fixed 60 60 189 195 22.465865387227065 24.03957794560898
3.4 3.0 Fixed 60 60 195 176 25.19675065468012 20.36856325001606
3.4 3.2 Fixed 60 60 198 184 23.99645186615453 26.895452684893343
3.4 3.4 Fixed 60 60 184 179 19.614284789618367 23.866739331492926
3.4 3.6 Fixed 60 60 202 157 19.713146901761778 22.66579314861612
3.4 3.8 Fixed 60 60 188 157 22.554518715988827 24.776432900395346
3.4 4.0 Fixed 60 60 182 154 21.7619386308816 20.845266928202985
3.4 4.2 Fixed 60 60 179 117 21.713102971182266 18.609743956006948
3.4 4.4 Fixed 60 60 182 160 24.83694397614756 25.629168194544167
3.4 4.6 Fixed 60 60 182 117 22.67298954693844 21.3240687390223
3.4 4.8 Fixed 60 60 195 124 24.70894001409398 24.70415521711334
3.4 5.0 Fixed 60 60 178 135 23.61000153595645 17.57809592826365
3.4 5.2 Fixed 60 60 194 118 21.56258051694946 19.386089761381275
3.4 5.4 Fixed 60 60 176 103 24.81023996876249 23.960332593966395
3.4 5.6 Fixed 60 60 195 117 28.587837021242674 18.161683094593283
3.4 5.8 Fixed 60 60 194 93 23.149295284949666 20.534277968324645
3.4 6.0 Fixed 60 60 187 100 19.666113179496183 25.81145676789835
3.4 6.2 Fixed 60 60 193 93 26.21627738878427 19.74351959594082
3.4 6.4 Fixed 60 60 210 99 24.79348819674851 15.732067917200137
3.4 6.6 Fixed 60 60 181 103 25.771032993162223 21.777464296898277
3.4 6.8 Fixed 60 60 190 69 23.58116833688338 20.164506768078514
3.4 7.0 Fixed 60 60 198 78 23.191313863855115 22.890725561242427
3.4 7.2 Fixed 60 60 198 85 20.39402300143151 25.167071490094376
3.4 7.4 Fixed 60 60 186 77 24.935712657692005 17.76564804971046
3.4 7.6 Fixed 60 60 180 91 25.0994190891874 18.77421770789266
3.4 7.8 Fixed 60 60 167 81 21.383180615585292 21.74467374849795
3.4 8.0 Fixed 60 60 212 82 25.660540554846694 18.986438384052136
3.4 8.2 Fixed 60 60 172 84 22.093397556761037 23.007860761726565
3.4 8.4 Fixed 60 60 174 67 24.531618667448218 22.202673356847203
3.4 8.6 Fixed 60 60 186 70 19.343586529211315 20.545100255600605
3.4 8.8 Fixed 60 60 199 59 26.651318512691404 16.263919247109964
3.4 9.0 Fixed 60 60 168 67 24.34062866182995 19.96769229498892
3.4 9.2 Fixed 60 60 194 61 24.411697146760254 20.047632143114942
3.4 9.4 Fixed 60 60 233 64 24.98726958203336 18.486795180626725
3.4 9.6 Fixed 60 60 200 77 22.34097656466473 21.866863732790492
3.4 9.8 Fixed 60 60 176 60 22.36178173075977 20.03759357510946
3.4 10.0 Fixed 60 60 185 61 28.35517956297163 15.799552446258522
3.6 0.2 Fixed 60 60 186 285 19.17860829662932 302.2219040387957
3.6 0.4 Fixed 60 60 174 285 17.59609647924218 278.5295616187741
3.6 0.6 Fixed 60 60 196 285 23.3441912542264 245.21608889706206
3.6 0.8 Fixed 60 60 189 285 24.81180551406246 229.53891529844068
3.6 1.0 Fixed 60 60 181 285 26.20126740546268 171.77099699975074
3.6 1.2 Fixed 60 60 199 285 22.56735368728949 185.86574630366817
3.6 1.4 Fixed 60 60 181 285 23.01563638542762 131.17537279719625
3.6 1.6 Fixed 60 60 183 285 21.855810984409374 89.15388853403027
3.6 1.8 Fixed 60 60 173 285 23.72620139076 53.39590604801008
3.6 2.0 Fixed 60 60 181 285 22.077473154836525 48.2308496715337
3.6 2.2 Fixed 60 60 187 266 20.792500706636307 34.162661555321044
3.6 2.4 Fixed 60 60 183 259 25.959702891699003 28.946569250864258
3.6 2.6 Fixed 60 60 174 241 20.682317452909707 28.42438579687442
3.6 2.8 Fixed 60 60 186 226 27.254039912073413 30.67859249063122
3.6 3.0 Fixed 60 60 188 189 23.0314722751549 25.250902926111113
3.6 3.2 Fixed 60 60 170 207 18.098576027813184 30.187384219075543
3.6 3.4 Fixed 60 60 171 183 26.933321628226377 23.889155536985886
3.6 3.6 Fixed 60 60 181 180 20.9632290484571 24.89462291289793
3.6 3.8 Fixed 60 60 157 166 23.078209641437304 24.094599693008348
3.6 4.0 Fixed 60 60 175 162 26.49212344630321 20.74665029304287
3.6 4.2 Fixed 60 60 178 146 23.351701005590744 23.46690423887557
3.6 4.4 Fixed 60 60 172 139 23.318340052739657 19.464257621666455
3.6 4.6 Fixed 60 60 174 134 20.834288590298296 21.06229295640953
3.6 4.8 Fixed 60 60 164 112 23.66534872127417 25.153739294001497
3.6 5.0 Fixed 60 60 208 129 23.253487459888653 22.065190619775738
3.6 5.2 Fixed 60 60 190 106 24.07341927174684 18.307104854654746
3.6 5.4 Fixed 60 60 175 114 22.2358245625944 20.106443337391077
3.6 5.6 Fixed 60 60 164 109 23.978385569598075 24.271751551153873
3.6 5.8 Fixed 60 60 183 91 20.99791178871177 20.412404978229365
3.6 6.0 Fixed 60 60 173 88 24.221184594351595 22.486949788377157
3.6 6.2 Fixed 60 60 193 105 17.98286271290912 22.243768525545182
3.6 6.4 Fixed 60 60 185 93 18.36418406084631 18.109623888639007
3.6 6.6 Fixed 60 60 178 95 22.67214556059485 22.545022983016718
3.6 6.8 Fixed 60 60 171 89 20.21117536494063 20.110282149695216
3.6 7.0 Fixed 60 60 195 86 26.597172347218358 18.761804211355344
3.6 7.2 Fixed 60 60 180 81 23.267571034160547 22.02944985939694
3.6 7.4 Fixed 60 60 190 74 23.781783534604394 22.10286350063323
3.6 7.6 Fixed 60 60 171 69 19.488720008929754 22.98766545131172
3.6 7.8 Fixed 60 60 192 83 24.941714258744607 21.77428679568168
3.6 8.0 Fixed 60 60 185 89 20.06508888085245 21.503527067241336
3.6 8.2 Fixed 60 60 194 84 25.162599477205127 23.408220058469418
3.6 8.4 Fixed 60 60 163 80 18.51066820905045 19.21185083653331
3.6 8.6 Fixed 60 60 184 85 24.417114310305227 18.103455693079532
3.6 8.8 Fixed 60 60 178 72 22.477548224079843 20.356231293383317
3.6 9.0 Fixed 60 60 160 87 24.934574305958897 19.699299127633576
3.6 9.2 Fixed 60 60 199 60 24.703238189501842 23.60240459499765
3.6 9.4 Fixed 60 60 191 66 24.236593524198852 20.677834687510597
3.6 9.6 Fixed 60 60 184 59 22.74027792668913 20.203256286030832
3.6 9.8 Fixed 60 60 198 59 23.39479345432901 22.144950722666366
3.6 10.0 Fixed 60 60 190 56 22.494724783469795 19.53209589290691
3.8 0.2 Fixed 60 60 177 285 19.13348125245156 303.51091632081597
3.8 0.4 Fixed 60 60 171 285 21.854186109688044 279.2716916277124
3.8 0.6 Fixed 60 60 152 285 21.72082476257554 261.34527315442494
3.8 0.8 Fixed 60 60 163 285 22.834743352306695 216.25618900946662
3.8 1.0 Fixed 60 60 159 285 23.366024597584527 192.05837923918128
3.8 1.2 Fixed 60 60 180 285 21.8445646035029 141.80932515464488
3.8 1.4 Fixed 60 60 179 285 22.20329214268462 118.85961108669055
3.8 1.6 Fixed 60 60 180 285 24.256105403221362 102.20310010962356
3.8 1.8 Fixed 60 60 175 285 23.851504910639186 114.00343665234831
3.8 2.0 Fixed 60 60 175 285 26.95627252752333 54.52763803546105
3.8 2.2 Fixed 60 60 166 274 24.21739045413867 34.719255685669545
3.8 2.4 Fixed 60 60 165 249 22.02811261775582 35.057985603435
3.8 2.6 Fixed 60 60 181 244 27.585831491286882 29.392056196511113
3.8 2.8 Fixed 60 60 188 221 23.369407236390646 28.810355857339694
3.8 3.0 Fixed 60 60 174 207 24.423656999433163 27.89480072386518
3.8 3.2 Fixed 60 60 179 186 24.79875868168689 26.594613358691745
3.8 3.4 Fixed 60 60 142 168 22.090499989771082 23.93432899815058
3.8 3.6 Fixed 60 60 162 172 23.48321680448171 25.618904544038838
3.8 3.8 Fixed 60 60 183 172 22.186386168862107 21.65907031502863
3.8 4.0 Fixed 60 60 170 159 23.760731267257455 21.45128115139108
3.8 4.2 Fixed 60 60 172 167 23.217942317831106 22.757941447921166
3.8 4.4 Fixed 60 60 161 136 19.986577320244614 24.56383625594759
3.8 4.6 Fixed 60 60 168 127 18.896803854620032 21.633234472714207
3.8 4.8 Fixed 60 60 161 121 23.059134896179543 18.632919240101327
3.8 5.0 Fixed 60 60 172 119 24.04093932497451 23.214062368918647
3.8 5.2 Fixed 60 60 170 120 20.18263997353876 19.78414812736953
3.8 5.4 Fixed 60 60 164 101 23.8457999562827 17.295335343517976
3.8 5.6 Fixed 60 60 163 121 20.465078602763157 19.951999414485527
3.8 5.8 Fixed 60 60 178 110 23.34404219893992 17.49597950537775
3.8 6.0 Fixed 60 60 169 99 25.10271369101651 19.504606040713266
3.8 6.2 Fixed 60 60 171 78 19.80398709675376 19.60584356318625
3.8 6.4 Fixed 60 60 153 109 23.72129621492099 22.362382761537514
3.8 6.6 Fixed 60 60 179 79 21.319051720675155 25.483212323630557
3.8 6.8 Fixed 60 60 181 70 23.790394634333342 17.84099514329741
3.8 7.0 Fixed 60 60 171 78 22.358124779014954 21.47324560186541
3.8 7.2 Fixed 60 60 163 80 23.133570249846997 20.388113876726585
3.8 7.4 Fixed 60 60 163 89 22.759939516572576 18.95966851333564
3.8 7.6 Fixed 60 60 166 76 24.685442910475913 20.662039515748788
3.8 7.8 Fixed 60 60 174 68 24.533780162173194 21.874290662716835
3.8 8.0 Fixed 60 60 192 80 23.909110621302315 18.622627327982876
3.8 8.2 Fixed 60 60 173 77 25.40005100907686 22.92132511930453
3.8 8.4 Fixed 60 60 169 82 20.160252212195 26.350460116327863
3.8 8.6 Fixed 60 60 173 61 22.414538606033325 20.589518140177894
3.8 8.8 Fixed 60 60 163 68 23.801768596300143 18.236508102152097
3.8 9.0 Fixed 60 60 183 67 22.50341916253408 19.07492601305746
3.8 9.2 Fixed 60 60 177 71 20.399465651737206 22.141028916011443
3.8 9.4 Fixed 60 60 178 64 26.299512745309517 19.678908639829306
3.8 9.6 Fixed 60 60 178 66 22.390905119421028 19.937171406440317
3.8 9.8 Fixed 60 60 178 70 20.697953405205674 17.71305593286318
3.8 10.0 Fixed 60 60 150 65 20.465614524314603 22.69986054571577
4.0 0.2 Fixed 60 60 173 285 19.75174864450908 303.62334407376335
4.0 0.4 Fixed 60 60 167 285 18.43981439531757 274.0501405821845
4.0 0.6 Fixed 60 60 152 285 18.176098181700805 242.04749488833772
4.0 0.8 Fixed 60 60 140 285 24.026379931137562 200.82316974146107
4.0 1.0 Fixed 60 60 155 285 24.66036405112218 182.7367875865086
4.0 1.2 Fixed 60 60 163 285 26.188898878898588 155.82792161541192
4.0 1.4 Fixed 60 60 151 285 19.063162146995186 147.81319220135333
4.0 1.6 Fixed 60 60 167 285 26.3351111195837 55.747852319678785
4.0 1.8 Fixed 60 60 162 283 18.97325627588217 53.30294851146294
4.0 2.0 Fixed 60 60 156 285 23.32433996446624 67.42522477668948
4.0 2.2 Fixed 60 60 156 235 24.452535468017466 32.081207509152186
4.0 2.4 Fixed 60 60 153 234 22.127657380537794 27.73222105332061
4.0 2.6 Fixed 60 60 156 242 21.745782160267947 27.618007522342705
4.0 2.8 Fixed 60 60 164 242 25.88466880145488 26.467849632044988
4.0 3.0 Fixed 60 60 182 203 21.97150618672436 27.021340358015244
4.0 3.2 Fixed 60 60 164 189 20.815464065579913 22.304543662294805
4.0 3.4 Fixed 60 60 193 184 23.978389135292005 22.862592226238565
4.0 3.6 Fixed 60 60 166 166 23.961503271978902 21.133626034275046
4.0 3.8 Fixed 60 60 148 166 21.8389676662086 22.4478895144516
4.0 4.0 Fixed 60 60 138 154 17.46083168097849 24.638021463964485
4.0 4.2 Fixed 60 60 174 152 20.862151279575343 24.051452532508662
4.0 4.4 Fixed 60 60 150 127 20.860741385045277 24.955965674127402
4.0 4.6 Fixed 60 60 165 142 22.302818880148454 22.00809983252952
4.0 4.8 Fixed 60 60 187 134 27.194599858058158 26.1245715555359
4.0 5.0 Fixed 60 60 159 126 20.72124199145282 22.805453153367964
4.0 5.2 Fixed 60 60 164 130 19.050573866558196 17.554916002396688
4.0 5.4 Fixed 60 60 150 109 19.54259630183592 27.78690394538004
4.0 5.6 Fixed 60 60 164 100 20.165402865729057 21.00428963456561
4.0 5.8 Fixed 60 60 167 116 22.05308860807806 21.40648176181243
4.0 6.0 Fixed 60 60 145 108 18.519099416107093 19.455711687490822
4.0 6.2 Fixed 60 60 170 116 21.572331397771894 21.356369016191785
4.0 6.4 Fixed 60 60 155 88 23.717411432259713 15.80525482247071
4.0 6.6 Fixed 60 60 160 111 22.40064525343271 22.006365568178882
4.0 6.8 Fixed 60 60 159 73 23.22602391767027 23.423459349008795
4.0 7.0 Fixed 60 60 166 82 21.007152838530306 21.869917349299726
4.0 7.2 Fixed 60 60 135 78 17.344289284976487 18.577685144244217
4.0 7.4 Fixed 60 60 164 80 20.73627935228794 19.006373116811865
4.0 7.6 Fixed 60 60 174 79 19.49726543158001 16.917300389031695
4.0 7.8 Fixed 60 60 166 86 25.856869766271274 20.079241862406292
4.0 8.0 Fixed 60 60 153 74 21.213488370733316 21.145711252111198
4.0 8.2 Fixed 60 60 163 81 24.471224140327337 19.12595184279859
4.0 8.4 Fixed 60 60 150 66 21.59927375131841 23.53001727992588
4.0 8.6 Fixed 60 60 152 58 20.73829985929665 21.98679040689768
4.0 8.8 Fixed 60 60 174 64 21.92669459463698 18.639716898422815
4.0 9.0 Fixed 60 60 188 78 26.841179939317566 20.92255704889995
4.0 9.2 Fixed 60 60 152 64 20.340449999987612 19.017775550184012
4.0 9.4 Fixed 60 60 171 70 21.783571270762238 19.87099414297009
4.0 9.6 Fixed 60 60 160 62 20.858724379328926 20.29838712567702
4.0 9.8 Fixed 60 60 153 53 20.35843541120072 18.24077706873722
4.0 10.0 Fixed 60 60 152 54 22.51138716079864 19.009136162896926
4.2 0.2 Fixed 60 60 136 285 24.059318466116945 301.52064578321915
4.2 0.4 Fixed 60 60 165 285 23.416766692704247 279.1044438044411
4.2 0.6 Fixed 60 60 148 285 17.85326105053274 238.44742944379794
4.2 0.8 Fixed 60 60 161 285 20.03863004678594 235.34680120899927
4.2 1.0 Fixed 60 60 179 285 25.192393497738205 193.94124273342496
4.2 1.2 Fixed 60 60 153 285 21.425133125345805 179.52822429228635
4.2 1.4 Fixed 60 60 151 285 22.343964708485057 140.6825181087261
4.2 1.6 Fixed 60 60 160 285 22.891916149031267 103.35145071300624
4.2 1.8 Fixed 60 60 131 285 22.140998536343883 64.19608915901637
4.2 2.0 Fixed 60 60 150 285 19.08986448042941 44.04198416772959
4.2 2.2 Fixed 60 60 159 259 21.37477961663896 33.122575395039426
4.2 2.4 Fixed 60 60 131 255 23.93292618873429 32.401315190089385
4.2 2.6 Fixed 60 60 141 252 21.699699641083672 28.92897543644177
4.2 2.8 Fixed 60 60 149 241 19.72684814575041 30.42412683640242
4.2 3.0 Fixed 60 60 167 200 22.840192185142442 26.026669668643095
4.2 3.2 Fixed 60 60 134 195 22.635135113310177 27.91546559588478
4.2 3.4 Fixed 60 60 149 172 22.81078784654995 27.24977944638133
4.2 3.6 Fixed 60 60 140 170 20.530489778470365 28.813373648059308
4.2 3.8 Fixed 60 60 154 159 14.878305127121031 25.26603616432195
4.2 4.0 Fixed 60 60 157 144 17.760805524400823 21.784180208590715
4.2 4.2 Fixed 60 60 164 144 19.91712452606329 19.614857335910052
4.2 4.4 Fixed 60 60 137 136 21.16877804138208 20.11269219837902
4.2 4.6 Fixed 60 60 127 140 17.360498246620953 22.636660981632243
4.2 4.8 Fixed 60 60 155 130 20.91047328387463 23.277451120028285
4.2 5.0 Fixed 60 60 143 119 17.798826786541913 22.401770939091417
4.2 5.2 Fixed 60 60 181 109 23.45515846226442 24.06691510712103
4.2 5.4 Fixed 60 60 160 117 24.094894993558096 21.56356704811447
4.2 5.6 Fixed 60 60 164 127 20.71239414184642 24.41798732736579
4.2 5.8 Fixed 60 60 134 104 23.049395231580338 20.11367115694616
4.2 6.0 Fixed 60 60 165 93 20.92743629486232 19.417530654241002
4.2 6.2 Fixed 60 60 158 108 20.204487106396595 19.428642859154373
4.2 6.4 Fixed 60 60 144 83 20.124255549656723 25.32734850559814
4.2 6.6 Fixed 60 60 169 95 23.51310656322007 23.76161590314622
4.2 6.8 Fixed 60 60 169 87 19.28120214198445 23.45366947248453
4.2 7.0 Fixed 60 60 145 85 18.36712113892876 18.39658777794818
4.2 7.2 Fixed 60 60 151 94 19.43155122803761 19.593055244487388
4.2 7.4 Fixed 60 60 139 73 21.473314113827087 21.723615754687035
4.2 7.6 Fixed 60 60 164 89 20.15797752900487 20.248004396491154
4.2 7.8 Fixed 60 60 171 67 20.301748632690526 23.37256272522987
4.2 8.0 Fixed 60 60 131 81 17.63979311316753 25.19656117704907
4.2 8.2 Fixed 60 60 153 77 20.973959540788822 23.174244367184134
4.2 8.4 Fixed 60 60 184 86 24.96559045683821 23.796854922553017
4.2 8.6 Fixed 60 60 176 71 23.78623374100705 25.706005662224005
4.2 8.8 Fixed 60 60 167 73 24.51675372198308 20.603355665893574
4.2 9.0 Fixed 60 60 150 57 18.677013371061225 22.643297942262116
4.2 9.2 Fixed 60 60 165 70 21.82280049047656 20.9000000055784
4.2 9.4 Fixed 60 60 159 87 21.408851491185047 20.23313638694804
4.2 9.6 Fixed 60 60 136 62 19.736790434640763 18.651542838446655
4.2 9.8 Fixed 60 60 145 52 24.75491040683531 20.4417492007308
4.2 10.0 Fixed 60 60 159 57 22.03745581323526 23.429160552427977
4.4 0.2 Fixed 60 60 141 285 22.982141845566307 302.3013054968092
4.4 0.4 Fixed 60 60 144 285 20.98957198291348 271.00727788795257
4.4 0.6 Fixed 60 60 154 285 20.445654501946787 248.48809223744723
4.4 0.8 Fixed 60 60 148 285 23.084437947745517 219.73816075363604
4.4 1.0 Fixed 60 60 126 285 18.903975039138242 208.7016718845369
4.4 1.2 Fixed 60 60 161 285 25.441038045489613 150.448297949225
4.4 1.4 Fixed 60 60 159 285 18.430907948308953 149.11094967008196
4.4 1.6 Fixed 60 60 140 285 19.023145343724465 112.27791148744217
4.4 1.8 Fixed 60 60 130 285 17.809435386872273 64.30717476389141
4.4 2.0 Fixed 60 60 147 285 20.569516926878265 79.924383503081
4.4 2.2 Fixed 60 60 136 276 21.503707809403164 32.0804461008771
4.4 2.4 Fixed 60 60 139 284 19.678576439633783 42.195286697162146
4.4 2.6 Fixed 60 60 144 224 22.800432168858443 31.799297563491375
4.4 2.8 Fixed 60 60 152 204 17.71852064739944 23.855021881909295
4.4 3.0 Fixed 60 60 153 194 20.82657792813098 25.85080613408693
4.4 3.2 Fixed 60 60 157 170 22.96031070433566 26.87173572991149
4.4 3.4 Fixed 60 60 152 178 20.318693661088606 26.35377372555225
4.4 3.6 Fixed 60 60 128 158 22.048104962388976 27.15586592936006
4.4 3.8 Fixed 60 60 150 193 23.870719892277258 21.48744078417171
4.4 4.0 Fixed 60 60 131 155 24.587432183717244 24.528577473366038
4.4 4.2 Fixed 60 60 152 145 25.01378407994567 24.124414009423475
4.4 4.4 Fixed 60 60 144 137 21.55198394176481 24.922372393970548
4.4 4.6 Fixed 60 60 146 156 20.688844256618655 21.529656993074948
4.4 4.8 Fixed 60 60 156 126 24.558076751244588 23.34836489231347
4.4 5.0 Fixed 60 60 154 124 20.49409429504022 20.570777678636365
4.4 5.2 Fixed 60 60 161 140 19.83940310995087 21.205208723479597
4.4 5.4 Fixed 60 60 145 105 20.76741230259617 24.764829461394786
4.4 5.6 Fixed 60 60 144 118 22.031934160525143 20.422433248247096
4.4 5.8 Fixed 60 60 163 103 24.62055151970994 20.765029759271222
4.4 6.0 Fixed 60 60 158 95 18.701736058961792 21.15610267141199
4.4 6.2 Fixed 60 60 137 103 21.800348400764555 20.062444856051183
4.4 6.4 Fixed 60 60 138 104 19.1053308743817 21.293366222852757
4.4 6.6 Fixed 60 60 153 93 21.46098719513972 19.63524985332832
4.4 6.8 Fixed 60 60 143 107 20.089734811412473 27.849359827771536
4.4 7.0 Fixed 60 60 128 94 14.788830483884396 18.691771504434662
4.4 7.2 Fixed 60 60 161 65 19.052696093357856 18.583201927530137
4.4 7.4 Fixed 60 60 133 100 21.933849982777566 19.71383553419797
4.4 7.6 Fixed 60 60 147 75 22.30276162560141 19.472777675826833
4.4 7.8 Fixed 60 60 161 67 20.163150501409806 15.977070846205692
4.4 8.0 Fixed 60 60 155 69 20.253525145036786 18.1463981447926
4.4 8.2 Fixed 60 60 144 63 21.41665819406529 17.095933486498186
4.4 8.4 Fixed 60 60 143 68 18.647490624258648 21.17819650805682
4.4 8.6 Fixed 60 60 143 75 20.17916851116911 17.44938016402348
4.4 8.8 Fixed 60 60 138 63 23.37236879356708 21.326159373741344
4.4 9.0 Fixed 60 60 132 70 17.366325701135967 19.73856154012089
4.4 9.2 Fixed 60 60 162 71 19.804285534416664 18.746952704234477
4.4 9.4 Fixed 60 60 157 69 19.766739942535324 18.85802572068322
4.4 9.6 Fixed 60 60 165 76 20.30832168793046 14.154491489349303
4.4 9.8 Fixed 60 60 179 50 23.493994361686674 17.604979994082274
4.4 10.0 Fixed 60 60 141 61 19.49732371980458 20.17396275831509
4.6 0.2 Fixed 60 60 145 285 22.7581810268865 301.1118109042255
4.6 0.4 Fixed 60 60 131 285 21.330008760370937 276.23079925635375
4.6 0.6 Fixed 60 60 144 285 18.042532397446948 239.89666548669354
4.6 0.8 Fixed 60 60 152 285 24.28222419792783 222.26584218056053
4.6 1.0 Fixed 60 60 134 285 14.200408251760335 182.31068770686994
4.6 1.2 Fixed 60 60 140 285 19.689069997662827 163.71766144952952
4.6 1.4 Fixed 60 60 144 285 21.719453740834822 117.90959501605953
4.6 1.6 Fixed 60 60 127 285 21.347374525420012 96.51677579801509
4.6 1.8 Fixed 60 60 135 285 22.78745779051767 93.42634120778531
4.6 2.0 Fixed 60 60 127 285 21.236153112692545 57.372707037360826
4.6 2.2 Fixed 60 60 154 275 23.05462178266415 32.78597883641356
4.6 2.4 Fixed 60 60 146 255 23.45978931350915 34.42292358446653
4.6 2.6 Fixed 60 60 160 234 21.735636012002896 27.701126128856526
4.6 2.8 Fixed 60 60 151 212 24.200748508812026 23.76589161445153
4.6 3.0 Fixed 60 60 134 171 24.86026351629063 24.57611978486295
4.6 3.2 Fixed 60 60 114 187 21.51935614294205 27.184638190434057
4.6 3.4 Fixed 60 60 149 172 25.3245714566581 24.541595062352783
4.6 3.6 Fixed 60 60 143 175 20.895046564855406 25.561420752114397
4.6 3.8 Fixed 60 60 118 162 18.53643943472288 24.47268782876339
4.6 4.0 Fixed 60 60 159 166 23.606852748220817 22.630464274106842
4.6 4.2 Fixed 60 60 140 135 17.5292717902094 22.778260135578424
4.6 4.4 Fixed 60 60 154 148 21.948952122004982 24.319896967339375
4.6 4.6 Fixed 60 60 151 114 21.351482935355264 26.6886474398051
4.6 4.8 Fixed 60 60 121 116 18.91992182848762 25.580902586515407
4.6 5.0 Fixed 60 60 131 113 21.778337070912567 21.727594503474688
4.6 5.2 Fixed 60 60 133 124 24.589645099419908 22.923013880657592
4.6 5.4 Fixed 60 60 117 124 18.67351436099144 27.778646320942716
4.6 5.6 Fixed 60 60 155 104 19.888504777612667 23.85808124838442
4.6 5.8 Fixed 60 60 124 105 26.05157836972889 24.8180042941878
4.6 6.0 Fixed 60 60 143 106 20.254094361119503 27.43362469031159
4.6 6.2 Fixed 60 60 149 94 20.127917733808037 18.657381278077647
4.6 6.4 Fixed 60 60 139 105 20.942549888088035 19.200087464140175
4.6 6.6 Fixed 60 60 152 97 21.439677173787633 23.72916023690843
4.6 6.8 Fixed 60 60 145 94 25.91651390196235 19.36493025855545
4.6 7.0 Fixed 60 60 145 76 18.713728435775185 18.00845046210774
4.6 7.2 Fixed 60 60 131 86 18.61754575158384 25.526783166669365
4.6 7.4 Fixed 60 60 138 82 22.805434806004197 21.196859329069717
4.6 7.6 Fixed 60 60 142 85 18.80337180660013 20.04213311607689
4.6 7.8 Fixed 60 60 157 82 18.882603249194236 18.815419002214508
4.6 8.0 Fixed 60 60 129 83 22.857557541518606 19.439535509247946
4.6 8.2 Fixed 60 60 135 72 20.188547963589766 18.17834418185473
4.6 8.4 Fixed 60 60 129 59 20.028789444959422 24.375112856773576
4.6 8.6 Fixed 60 60 134 77 23.361688445648042 24.822928298949293
4.6 8.8 Fixed 60 60 146 68 20.471740392006005 21.17908128683675
4.6 9.0 Fixed 60 60 123 62 18.868595530636085 21.152165148271287
4.6 9.2 Fixed 60 60 140 48 20.4940356406526 16.033462282032488
4.6 9.4 Fixed 60 60 154 69 22.01931031125485 17.36455420656722
4.6 9.6 Fixed 60 60 135 67 18.747061791560068 22.563108418665184
4.6 9.8 Fixed 60 60 146 65 22.169239590138652 22.60993130436677
4.6 10.0 Fixed 60 60 125 34 16.783477292097462 24.464319456825045
4.8 0.2 Fixed 60 60 122 285 17.341215634581445 305.04533985416106
4.8 0.4 Fixed 60 60 120 285 20.709467922365587 272.7320266545939
4.8 0.6 Fixed 60 60 140 285 20.448953035673615 242.59963394805177
4.8 0.8 Fixed 60 60 126 285 20.134692951641405 240.05372698082923
4.8 1.0 Fixed 60 60 136 285 19.801464913770097 196.4080054956996
4.8 1.2 Fixed 60 60 140 285 21.210123990645037 132.87637250062178
4.8 1.4 Fixed 60 60 128 285 19.041320454845803 141.33584213443862
4.8 1.6 Fixed 60 60 141 285 20.426447474360753 88.42487960905433
4.8 1.8 Fixed 60 60 134 285 22.137603897482865 83.17985426567701
4.8 2.0 Fixed 60 60 129 282 21.928477903987773 53.0008980288984
4.8 2.2 Fixed 60 60 148 284 19.297134134238984 39.08245182098111
4.8 2.4 Fixed 60 60 157 245 21.117674875652998 30.563246263003272
4.8 2.6 Fixed 60 60 130 242 16.876431061397966 28.17671168138149
4.8 2.8 Fixed 60 60 140 208 20.588707067960506 28.394950345880304
4.8 3.0 Fixed 60 60 149 211 20.48958478833962 26.01232168962676
4.8 3.2 Fixed 60 60 129 176 18.287775315651405 22.621043114244163
4.8 3.4 Fixed 60 60 144 181 20.912844721171325 24.812026134222492
4.8 3.6 Fixed 60 60 122 150 18.000033277192042 28.21360888320517
4.8 3.8 Fixed 60 60 126 155 23.707540682306803 23.85017216392697
4.8 4.0 Fixed 60 60 133 165 19.816840170576416 25.31596490588027
4.8 4.2 Fixed 60 60 129 153 27.043956926311093 25.547281526762283
4.8 4.4 Fixed 60 60 161 136 20.87243887551207 25.24896143488864
4.8 4.6 Fixed 60 60 145 153 25.106323129856946 27.41694656134011
4.8 4.8 Fixed 60 60 140 113 19.495764840185725 19.42236934153292
4.8 5.0 Fixed 60 60 112 112 24.035565760731547 22.904150832286376
4.8 5.2 Fixed 60 60 124 107 19.69168858546953 25.650879621859264
4.8 5.4 Fixed 60 60 132 107 20.437659504975148 18.28071632200048
4.8 5.6 Fixed 60 60 150 117 24.25587288988896 21.199868726347308
4.8 5.8 Fixed 60 60 130 108 19.68820160151133 18.788292091959192
4.8 6.0 Fixed 60 60 132 91 22.97016644458149 18.272015375288532
4.8 6.2 Fixed 60 60 125 99 24.42311904529179 21.18371644075536
4.8 6.4 Fixed 60 60 144 78 22.809307041611923 18.356915793836833
4.8 6.6 Fixed 60 60 130 90 17.878926003910237 23.024576508492135
4.8 6.8 Fixed 60 60 142 96 19.42267885366466 22.282304471119488
4.8 7.0 Fixed 60 60 149 90 19.260585600204166 22.008804228699784
4.8 7.2 Fixed 60 60 133 73 21.851192554836693 19.093654972084806
4.8 7.4 Fixed 60 60 134 80 22.85456903179562 26.225698772188217
4.8 7.6 Fixed 60 60 117 78 20.82659493708706 20.899182073842347
4.8 7.8 Fixed 60 60 124 84 20.324616319154845 19.682822139266303
4.8 8.0 Fixed 60 60 139 84 20.26993551451745 21.6278200406007
4.8 8.2 Fixed 60 60 123 72 24.204777814904052 15.3324756413701
4.8 8.4 Fixed 60 60 118 67 20.87307616270864 17.060662988486595
4.8 8.6 Fixed 60 60 117 74 18.970232773114038 23.010961267303916
4.8 8.8 Fixed 60 60 127 62 17.74572374685494 23.052551019927126
4.8 9.0 Fixed 60 60 132 68 18.41743114111979 16.859039471426104
4.8 9.2 Fixed 60 60 120 67 19.764121104955976 21.68601615195716
4.8 9.4 Fixed 60 60 100 76 18.069969141839564 17.526129642838132
4.8 9.6 Fixed 60 60 138 67 27.48471210511188 19.969692407323425
4.8 9.8 Fixed 60 60 146 61 18.342248949706686 18.496856444964873
4.8 10.0 Fixed 60 60 125 47 16.245279525525067 18.657182374634395
5.0 0.2 Fixed 60 60 133 285 20.721699343923923 298.14286777092593
5.0 0.4 Fixed 60 60 117 285 16.66407180759041 270.6161785883866
5.0 0.6 Fixed 60 60 142 285 22.9616244318992 251.17920109106814
5.0 0.8 Fixed 60 60 120 285 18.51565497913011 224.26671701196628
5.0 1.0 Fixed 60 60 132 285 19.14536631242988 188.412787886907
5.0 1.2 Fixed 60 60 135 285 18.058180106247217 158.1312915600854
5.0 1.4 Fixed 60 60 146 285 20.395604894945425 143.5486107784149
5.0 1.6 Fixed 60 60 132 285 21.876201547666238 98.72377209415728
5.0 1.8 Fixed 60 60 135 285 19.132571677733146 93.92034982408018
5.0 2.0 Fixed 60 60 134 275 26.04054217936245 32.31293867475788
5.0 2.2 Fixed 60 60 119 253 20.328566916893237 33.94717961169923
5.0 2.4 Fixed 60 60 126 239 16.768907630956495 26.087784198528443
5.0 2.6 Fixed 60 60 141 230 16.524052093062174 30.211999461896525
5.0 2.8 Fixed 60 60 117 229 20.840331743305224 28.344829682672575
5.0 3.0 Fixed 60 60 120 196 17.845305195396275 25.178188723686524
5.0 3.2 Fixed 60 60 141 156 18.74099167535747 25.188828333308322
5.0 3.4 Fixed 60 60 112 184 19.88568135694181 21.458305667829404
5.0 3.6 Fixed 60 60 119 173 17.61431574318608 26.412753311754905
5.0 3.8 Fixed 60 60 136 163 19.216745034536707 24.977360237668726
5.0 4.0 Fixed 60 60 119 150 21.779638375931274 24.140448380956876
5.0 4.2 Fixed 60 60 124 150 18.88215093419646 23.031348269089698
5.0 4.4 Fixed 60 60 137 145 17.420459904303947 22.664514303770147
5.0 4.6 Fixed 60 60 110 116 19.48592822195789 24.544792874507618
5.0 4.8 Fixed 60 60 126 153 20.99408259476516 25.36811469085197
5.0 5.0 Fixed 60 60 120 130 20.442197429860084 19.287957063457878
5.0 5.2 Fixed 60 60 137 108 20.223948040261174 23.767130485068265
5.0 5.4 Fixed 60 60 134 112 22.340709898657288 22.11652420230158
5.0 5.6 Fixed 60 60 137 99 21.688598125657556 23.561097112841274
5.0 5.8 Fixed 60 60 145 122 23.488635272111015 22.227483588103205
5.0 6.0 Fixed 60 60 116 109 21.69824918687804 21.920807212092296
5.0 6.2 Fixed 60 60 154 79 18.242438261699473 15.79920650116843
5.0 6.4 Fixed 60 60 131 97 20.772207196997485 23.32299311813631
5.0 6.6 Fixed 60 60 125 89 22.61644217297733 20.877671035184775
5.0 6.8 Fixed 60 60 133 86 17.104079339102736 19.67952713288032
5.0 7.0 Fixed 60 60 95 86 18.14549412812506 21.869391193193167
5.0 7.2 Fixed 60 60 118 75 17.40753343645218 18.23484419016862
5.0 7.4 Fixed 60 60 126 70 22.193780419791892 17.412309625912155
5.0 7.6 Fixed 60 60 111 58 18.222100985204506 19.479722770511774
5.0 7.8 Fixed 60 60 140 76 18.920110952084894 22.176706092582474
5.0 8.0 Fixed 60 60 116 75 20.280097588444946 17.985944927233525
5.0 8.2 Fixed 60 60 127 72 18.433299689806088 19.26407664240299
5.0 8.4 Fixed 60 60 109 68 19.953622256486995 18.011208368872257
5.0 8.6 Fixed 60 60 128 67 19.4225271362806 18.321621663657492
5.0 8.8 Fixed 60 60 146 72 19.7594555157682 21.30085593799005
5.0 9.0 Fixed 60 60 127 70 19.01825168691745 17.050992847926935
5.0 9.2 Fixed 60 60 111 65 24.403018339529062 16.789602433063788
5.0 9.4 Fixed 60 60 126 64 14.404447249806914 19.089597977115787
5.0 9.6 Fixed 60 60 136 72 19.165652987387737 23.832576369419453
5.0 9.8 Fixed 60 60 122 56 19.600297277864197 17.750602318557057
5.0 10.0 Fixed 60 60 130 77 19.60392764379439 21.428126702420233
5.2 0.2 Fixed 60 60 108 285 22.46595455871449 301.0745696867057
5.2 0.4 Fixed 60 60 142 285 21.39774002544574 281.28877287626767
5.2 0.6 Fixed 60 60 115 285 17.96597040803633 242.0117490559363
5.2 0.8 Fixed 60 60 135 285 18.18477458656477 202.4889206476626
5.2 1.0 Fixed 60 60 131 285 22.773826011919365 189.26316671612923
5.2 1.2 Fixed 60 60 119 285 12.309033051835927 151.83510081963632
5.2 1.4 Fixed 60 60 130 285 17.712213505586586 128.11263630676336
5.2 1.6 Fixed 60 60 123 285 21.332510152444012 114.5427283128876
5.2 1.8 Fixed 60 60 113 285 16.913714951247044 69.86762794666954
5.2 2.0 Fixed 60 60 141 285 20.719328684175558 55.0318574998447
5.2 2.2 Fixed 60 60 143 284 19.641458991476657 47.75090168220644
5.2 2.4 Fixed 60 60 131 254 20.363546717954833 31.417811217382948
5.2 2.6 Fixed 60 60 123 232 19.883123533248874 27.90846921280684
5.2 2.8 Fixed 60 60 116 205 23.02527810253056 27.378609402521917
5.2 3.0 Fixed 60 60 136 195 20.30106921823103 27.838047303319172
5.2 3.2 Fixed 60 60 148 194 24.15243644774523 24.983535815952536
5.2 3.4 Fixed 60 60 129 169 16.713986571417053 21.32705882425783
5.2 3.6 Fixed 60 60 112 177 17.300065420429593 24.328950900302754
5.2 3.8 Fixed 60 60 110 174 17.88001162082209 22.754922036315204
5.2 4.0 Fixed 60 60 127 153 20.152178661125348 23.763711526688226
5.2 4.2 Fixed 60 60 117 147 15.429028438447105 23.474241431800777
5.2 4.4 Fixed 60 60 98 113 20.78336460589642 23.105006052362207
5.2 4.6 Fixed 60 60 123 129 20.03040558084042 23.586007609507202
5.2 4.8 Fixed 60 60 147 128 21.907972990568336 21.00527196412944
5.2 5.0 Fixed 60 60 120 114 18.270237572402007 21.823202743883332
5.2 5.2 Fixed 60 60 126 103 16.07416997729226 17.960440130360716
5.2 5.4 Fixed 60 60 110 114 18.276357079338727 21.204029337021737
5.2 5.6 Fixed 60 60 137 97 22.70838233544197 14.91042247128745
5.2 5.8 Fixed 60 60 124 115 18.387118290213905 25.142812626588707
5.2 6.0 Fixed 60 60 121 102 20.808870661634163 18.441977145568654
5.2 6.2 Fixed 60 60 128 93 18.394428625610036 24.754992091265635
5.2 6.4 Fixed 60 60 101 101 15.78192500685279 21.022294520383813
5.2 6.6 Fixed 60 60 106 97 17.305821387437344 20.818760243737295
5.2 6.8 Fixed 60 60 123 86 19.64955039680813 22.934544006204824
5.2 7.0 Fixed 60 60 131 95 23.22568527261143 19.835903156469254
5.2 7.2 Fixed 60 60 139 83 24.330531332987963 19.605640482062757
5.2 7.4 Fixed 60 60 103 93 16.27179432095347 18.095964668775352
5.2 7.6 Fixed 60 60 127 76 17.06894846366686 21.135813473293272
5.2 7.8 Fixed 60 60 121 77 17.389563773529026 18.91714202725217
5.2 8.0 Fixed 60 60 125 83 19.14581890081646 23.278039529198598
5.2 8.2 Fixed 60 60 102 74 20.468895683696996 21.297917031746195
5.2 8.4 Fixed 60 60 122 83 16.12532343168113 22.978445164546432
5.2 8.6 Fixed 60 60 133 76 20.909768214111686 27.95422411092188
5.2 8.8 Fixed 60 60 126 77 22.334792005488573 20.145494875257196
5.2 9.0 Fixed 60 60 110 65 21.897414283045237 17.9899747871748
5.2 9.2 Fixed 60 60 102 53 19.495738036083573 19.77184040821489
5.2 9.4 Fixed 60 60 129 72 15.538451452853971 22.243446615656424
5.2 9.6 Fixed 60 60 124 57 21.022263398483343 22.492360708872678
5.2 9.8 Fixed 60 60 121 69 16.285863763849882 22.28040145859625
5.2 10.0 Fixed 60 60 125 66 22.007922634086274 22.482095909401558
5.4 0.2 Fixed 60 60 131 285 18.779689987295548 306.1146799037866
5.4 0.4 Fixed 60 60 110 285 16.524329822958034 266.1311791644254
5.4 0.6 Fixed 60 60 111 285 20.327869733954845 246.3958873479311
5.4 0.8 Fixed 60 60 137 285 21.02361103651692 206.61381510044617
5.4 1.0 Fixed 60 60 109 285 21.613413055473114 183.9634819698762
5.4 1.2 Fixed 60 60 109 285 15.83045301564033 156.01335646246426
5.4 1.4 Fixed 60 60 123 285 19.07653831124349 132.1511762055022
5.4 1.6 Fixed 60 60 91 285 15.377026705543747 93.5104976004942
5.4 1.8 Fixed 60 60 107 285 17.75369761568824 70.6611495830693
5.4 2.0 Fixed 60 60 104 283 18.813746141282742 50.368320530260696
5.4 2.2 Fixed 60 60 113 260 17.860691952611077 31.192991731925872
5.4 2.4 Fixed 60 60 115 242 19.035398305966627 27.11551683918036
5.4 2.6 Fixed 60 60 122 254 19.84452032644695 29.050760041990408
5.4 2.8 Fixed 60 60 116 218 13.430183110345425 29.817894316153687
5.4 3.0 Fixed 60 60 120 199 17.505624237250736 25.447930159482635
5.4 3.2 Fixed 60 60 147 182 19.41172586191774 23.451605847833918
5.4 3.4 Fixed 60 60 129 160 24.365489446045366 24.89275931134917
5.4 3.6 Fixed 60 60 100 162 20.6619548480428 21.146959713738436
5.4 3.8 Fixed 60 60 119 157 20.81805331859704 22.52771926534307
5.4 4.0 Fixed 60 60 120 144 16.44770899787411 26.404236909438193
5.4 4.2 Fixed 60 60 112 145 20.91583175331626 19.811732027490656
5.4 4.4 Fixed 60 60 112 121 20.902045177709688 17.826854603703087
5.4 4.6 Fixed 60 60 105 124 19.574313764564536 21.50064745690476
5.4 4.8 Fixed 60 60 102 131 20.151777868993346 15.397290959091354
5.4 5.0 Fixed 60 60 128 125 19.184974677155274 21.41477299951602
5.4 5.2 Fixed 60 60 114 127 20.93843263267391 25.38043686893249
5.4 5.4 Fixed 60 60 124 103 20.72332933686351 24.709713017775705
5.4 5.6 Fixed 60 60 126 89 20.691095864261918 19.83225565979833
5.4 5.8 Fixed 60 60 120 102 20.452382262970325 20.49259589023778
5.4 6.0 Fixed 60 60 112 103 21.68488119859411 17.743663416922395
5.4 6.2 Fixed 60 60 117 95 12.895832252978007 19.25949732286539
5.4 6.4 Fixed 60 60 113 86 20.065572999154735 19.437380362791483
5.4 6.6 Fixed 60 60 124 96 17.32471592427892 17.05032801979668
5.4 6.8 Fixed 60 60 135 91 22.085307505244373 17.224648461459726
5.4 7.0 Fixed 60 60 127 77 23.972208134328042 20.988787837575913
5.4 7.2 Fixed 60 60 125 85 22.979142740605443 19.227002115972944
5.4 7.4 Fixed 60 60 126 80 19.100939771002533 20.305533442203632
5.4 7.6 Fixed 60 60 108 94 16.774071576399315 21.38032239067307
5.4 7.8 Fixed 60 60 105 67 21.697863715393396 21.849397187706934
5.4 8.0 Fixed 60 60 131 67 19.902718082133497 17.0297330893958
5.4 8.2 Fixed 60 60 119 76 20.554966801418715 22.385607626929502
5.4 8.4 Fixed 60 60 104 80 21.633613469627832 19.867319408461523
5.4 8.6 Fixed 60 60 104 71 18.874392085946695 22.788482273349906
5.4 8.8 Fixed 60 60 114 83 21.13603003762772 23.426234561630718
5.4 9.0 Fixed 60 60 125 52 21.599688887400372 21.693022706579733
5.4 9.2 Fixed 60 60 120 76 17.76194283616598 21.34263056027347
5.4 9.4 Fixed 60 60 122 56 20.805149073671473 21.168396772360218
5.4 9.6 Fixed 60 60 128 71 21.04610559786438 19.010322425047775
5.4 9.8 Fixed 60 60 124 58 17.966736179039735 27.892924923973233
5.4 10.0 Fixed 60 60 123 67 20.610388834139872 22.920576671742648
5.6 0.2 Fixed 60 60 98 285 23.66422860057936 306.2670628625558
5.6 0.4 Fixed 60 60 111 285 17.82891091113337 273.64140357597205
5.6 0.6 Fixed 60 60 105 285 14.655613524816376 249.89875055152555
5.6 0.8 Fixed 60 60 110 285 19.986461057469242 223.53544924489387
5.6 1.0 Fixed 60 60 109 285 19.75234959185196 192.14443785116893
5.6 1.2 Fixed 60 60 122 285 19.670394238997375 160.6942660200592
5.6 1.4 Fixed 60 60 117 285 20.173075419847855 140.68956856040603
5.6 1.6 Fixed 60 60 123 285 22.065335857363348 101.0924842322409
5.6 1.8 Fixed 60 60 121 285 18.782722076127087 114.93903409076468
5.6 2.0 Fixed 60 60 113 270 24.3833716362122 33.4823682670134
5.6 2.2 Fixed 60 60 118 285 23.65134395812355 67.6811174303363
5.6 2.4 Fixed 60 60 127 269 21.01795275005736 37.40412092913934
5.6 2.6 Fixed 60 60 113 227 18.84607938942268 28.811808773572544
5.6 2.8 Fixed 60 60 105 223 18.79536012904044 27.51594537722092
5.6 3.0 Fixed 60 60 126 213 18.71195450515839 28.877279532821664
5.6 3.2 Fixed 60 60 101 212 14.856880543963108 26.021200684915847
5.6 3.4 Fixed 60 60 117 185 17.882975972289838 24.988299787107827
5.6 3.6 Fixed 60 60 124 164 17.950276349465145 23.90295515897483
5.6 3.8 Fixed 60 60 111 170 16.823467664733812 22.742211160389516
5.6 4.0 Fixed 60 60 96 138 19.554051176148118 24.594808775393368
5.6 4.2 Fixed 60 60 110 159 16.70987700694 22.647088391160928
5.6 4.4 Fixed 60 60 111 116 20.927981417257968 23.256884798996985
5.6 4.6 Fixed 60 60 113 143 18.083097621940098 23.371900110995753
5.6 4.8 Fixed 60 60 97 124 23.625314158732735 24.190733626287287
5.6 5.0 Fixed 60 60 130 100 23.109779622851292 18.01465885912781
5.6 5.2 Fixed 60 60 113 107 21.024509060826244 22.31461261255864
5.6 5.4 Fixed 60 60 130 121 23.42608265823163 21.008105022834126
5.6 5.6 Fixed 60 60 130 120 21.02296138316929 21.014486335367994
5.6 5.8 Fixed 60 60 105 95 17.959216992938895 19.526896277604866
5.6 6.0 Fixed 60 60 104 92 18.493569605803113 25.34757849833733
5.6 6.2 Fixed 60 60 139 90 25.647490636943882 19.77221090836672
5.6 6.4 Fixed 60 60 120 89 19.787940660234195 23.020641407618267
5.6 6.6 Fixed 60 60 118 109 19.640867258505427 25.141419327357866
5.6 6.8 Fixed 60 60 117 116 20.87778878634834 22.3246820914178
5.6 7.0 Fixed 60 60 115 90 19.485701872408697 18.769559720856474
5.6 7.2 Fixed 60 60 102 75 20.41179095420599 23.52708533284306
5.6 7.4 Fixed 60 60 114 77 21.155409140806256 31.8852718132433
5.6 7.6 Fixed 60 60 116 78 19.138479686600757 18.685435861300068
5.6 7.8 Fixed 60 60 105 80 20.236981363261805 19.65192227127351
5.6 8.0 Fixed 60 60 114 73 22.33540744382128 19.66667612230755
5.6 8.2 Fixed 60 60 138 77 23.111412883221387 20.76092053624093
5.6 8.4 Fixed 60 60 102 84 17.91461373684813 21.506211486634804
5.6 8.6 Fixed 60 60 110 68 19.90154817838288 18.840685494653243
5.6 8.8 Fixed 60 60 101 85 13.636514634211304 21.58599857885001
5.6 9.0 Fixed 60 60 131 69 22.91990639331741 18.446162649743062
5.6 9.2 Fixed 60 60 111 46 19.795455988354046 24.66791509205101
5.6 9.4 Fixed 60 60 105 72 17.369249256702 20.744316354787237
5.6 9.6 Fixed 60 60 123 58 22.003761187017258 17.532063251792852
5.6 9.8 Fixed 60 60 102 70 16.27538041722518 17.229237843905874
5.6 10.0 Fixed 60 60 101 80 21.72356475857859 19.473456545579158
5.8 0.2 Fixed 60 60 88 285 17.108934108343746 300.3092544575127
5.8 0.4 Fixed 60 60 103 285 22.37781513094485 274.0714128930461
5.8 0.6 Fixed 60 60 113 285 14.189626528258128 233.54534689208805
5.8 0.8 Fixed 60 60 112 285 22.390052040251195 219.744431287647
5.8 1.0 Fixed 60 60 119 285 21.25328642305544 180.67281520816954
5.8 1.2 Fixed 60 60 107 285 16.895785946505455 167.551329703945
5.8 1.4 Fixed 60 60 110 285 22.106464072288716 138.5072298638251
5.8 1.6 Fixed 60 60 105 285 21.362093828580843 84.59595315300793
5.8 1.8 Fixed 60 60 135 285 18.01316092670158 94.12054773201415
5.8 2.0 Fixed 60 60 114 285 19.590369908416637 72.61359787360567
5.8 2.2 Fixed 60 60 125 251 19.150442917125982 26.624738872997373
5.8 2.4 Fixed 60 60 115 245 20.11729111783812 30.82524542764152
5.8 2.6 Fixed 60 60 113 214 18.779099491037204 23.35454516076041
5.8 2.8 Fixed 60 60 106 220 13.389676302435166 28.454644593330194
5.8 3.0 Fixed 60 60 121 197 16.791652754107723 26.76199080281671
5.8 3.2 Fixed 60 60 126 206 23.313579381208523 27.402925249193355
5.8 3.4 Fixed 60 60 104 186 19.4646107795125 22.7762384815437
5.8 3.6 Fixed 60 60 144 156 22.90898278818163 23.97099982466054
5.8 3.8 Fixed 60 60 110 169 18.91169020903195 20.860914202522167
5.8 4.0 Fixed 60 60 121 171 22.0138009877341 25.72195737725331
5.8 4.2 Fixed 60 60 113 136 18.998518270797312 26.27117323874262
5.8 4.4 Fixed 60 60 125 117 19.276975563016098 20.747285143146815
5.8 4.6 Fixed 60 60 92 133 17.11615065317533 22.462599749499407
5.8 4.8 Fixed 60 60 105 134 17.07930171476074 27.07901636025149
5.8 5.0 Fixed 60 60 112 122 21.940664370556892 22.963701711978896
5.8 5.2 Fixed 60 60 106 129 22.358545331996083 22.56955904685922
5.8 5.4 Fixed 60 60 108 115 18.37065005008589 21.102265677014703
5.8 5.6 Fixed 60 60 112 111 20.78231847561549 20.215083773252577
5.8 5.8 Fixed 60 60 124 102 17.874724267710114 24.061707788208167
5.8 6.0 Fixed 60 60 111 96 21.49848068452531 20.693911285376
5.8 6.2 Fixed 60 60 117 103 23.94872371075329 22.36080148204169
5.8 6.4 Fixed 60 60 112 92 13.461449164286062 20.781782797080233
5.8 6.6 Fixed 60 60 110 107 20.012493236188018 18.748101103436827
5.8 6.8 Fixed 60 60 100 77 16.81943859911034 15.011024176213667
5.8 7.0 Fixed 60 60 124 83 19.565067834037034 19.57546802965249
5.8 7.2 Fixed 60 60 110 80 17.40893104303192 19.126076279999957
5.8 7.4 Fixed 60 60 98 71 21.751371763848194 19.741791198695186
5.8 7.6 Fixed 60 60 111 97 23.38176128637179 24.092483244714515
5.8 7.8 Fixed 60 60 133 75 19.170299564619587 21.34006861551275
5.8 8.0 Fixed 60 60 106 63 20.341927529563797 18.938218942824584
5.8 8.2 Fixed 60 60 118 62 16.448440769448226 17.907787327378767
5.8 8.4 Fixed 60 60 106 86 15.106616821113333 23.25732701799344
5.8 8.6 Fixed 60 60 98 68 13.220291924294246 21.491584933730657
5.8 8.8 Fixed 60 60 132 78 16.200150057240116 20.996043210342332
5.8 9.0 Fixed 60 60 106 71 21.02706634659077 25.152555729457813
5.8 9.2 Fixed 60 60 101 93 19.2430936469277 19.64930585318654
5.8 9.4 Fixed 60 60 99 81 23.110361600266724 26.169886148402473
5.8 9.6 Fixed 60 60 100 59 22.474104780802143 21.96543480211961
5.8 9.8 Fixed 60 60 122 74 25.3507589644513 21.209120025162452
5.8 10.0 Fixed 60 60 102 74 18.667150250788975 21.94090859142609
6.0 0.2 Fixed 60 60 105 285 18.835330735650007 303.45043712342505
6.0 0.4 Fixed 60 60 102 285 21.90831449282909 274.61945444801245
6.0 0.6 Fixed 60 60 105 285 21.14958531068951 244.8510971883655
6.0 0.8 Fixed 60 60 113 285 22.384024196233828 223.33435155938912
6.0 1.0 Fixed 60 60 101 285 16.792677066264602 188.2295347458879
6.0 1.2 Fixed 60 60 109 285 20.14859873090477 142.54606582161634
6.0 1.4 Fixed 60 60 95 285 18.031314457037837 135.30092283649714
6.0 1.6 Fixed 60 60 96 285 14.94792644304016 91.02844074589072
6.0 1.8 Fixed 60 60 99 285 20.72611920796768 94.1714709649476
6.0 2.0 Fixed 60 60 120 283 17.692809831424263 41.160414614664
6.0 2.2 Fixed 60 60 120 264 20.364690693457916 29.97254155779547
6.0 2.4 Fixed 60 60 108 267 20.169256358322585 30.95670708430215
6.0 2.6 Fixed 60 60 121 234 22.076433502551673 27.679588827747885
6.0 2.8 Fixed 60 60 118 220 14.95541516914428 28.69461986299658
6.0 3.0 Fixed 60 60 104 227 19.536422723050062 27.787379624614964
6.0 3.2 Fixed 60 60 112 201 19.904167799064346 23.45341430859946
6.0 3.4 Fixed 60 60 114 165 20.10853766986012 23.35343870787846
6.0 3.6 Fixed 60 60 109 164 25.563819865401705 21.818217898938663
6.0 3.8 Fixed 60 60 96 154 21.482730019397376 20.583566657842656
6.0 4.0 Fixed 60 60 121 150 15.602818939956913 21.740039940134878
6.0 4.2 Fixed 60 60 124 154 23.660617908627234 22.1215648277222
6.0 4.4 Fixed 60 60 117 135 19.333684712834106 21.81172421479504
6.0 4.6 Fixed 60 60 121 135 17.09991440864787 18.621180820610288
6.0 4.8 Fixed 60 60 118 122 18.196965458075788 24.814319391223783
6.0 5.0 Fixed 60 60 109 126 20.519822917397743 21.973707282986894
6.0 5.2 Fixed 60 60 123 99 22.89752169917178 23.777701184299563
6.0 5.4 Fixed 60 60 104 124 19.50618827836751 25.195141199013282
6.0 5.6 Fixed 60 60 109 104 23.246816536389783 21.143154542670825
6.0 5.8 Fixed 60 60 115 116 20.436648215333676 25.28919446445186
6.0 6.0 Fixed 60 60 90 108 18.21426413219485 22.969356139944356
6.0 6.2 Fixed 60 60 92 102 18.805493067123322 22.246292650733988
6.0 6.4 Fixed 60 60 123 90 23.176765980282077 21.46889506858232
6.0 6.6 Fixed 60 60 114 100 22.362259830293095 20.120652674954954
6.0 6.8 Fixed 60 60 99 94 21.320262165222147 21.81840811521211
6.0 7.0 Fixed 60 60 118 82 21.30381581750004 18.655681423185197
6.0 7.2 Fixed 60 60 102 70 15.864844615076905 18.514517901744817
6.0 7.4 Fixed 60 60 103 77 19.774949012672593 18.04985053289361
6.0 7.6 Fixed 60 60 125 85 21.1180356990457 23.64239890555416
6.0 7.8 Fixed 60 60 108 75 26.47278381269054 16.673733267919044
6.0 8.0 Fixed 60 60 114 78 20.276534779173623 18.4712028557736
6.0 8.2 Fixed 60 60 108 80 19.585371047355096 25.483318500961726
6.0 8.4 Fixed 60 60 117 73 20.889873707380517 22.028089573493908
6.0 8.6 Fixed 60 60 114 72 13.518399872982204 20.239928014064485
6.0 8.8 Fixed 60 60 105 77 12.683384680309311 17.507102559979558
6.0 9.0 Fixed 60 60 102 66 18.425580813305068 16.25546271456717
6.0 9.2 Fixed 60 60 104 69 23.229034379840975 20.368630604660144
6.0 9.4 Fixed 60 60 127 60 17.160472941109624 22.84331780341002
6.0 9.6 Fixed 60 60 113 79 15.961794833060047 20.068105947301557
6.0 9.8 Fixed 60 60 105 75 15.49759041072977 20.078990456464624
6.0 10.0 Fixed 60 60 102 59 16.66624254294766 20.223473499933814
6.2 0.2 Fixed 60 60 112 285 20.78320608954544 302.12671140920725
6.2 0.4 Fixed 60 60 102 285 15.804056220228972 272.49163391642224
6.2 0.6 Fixed 60 60 113 285 21.50528814737594 249.76325161714436
6.2 0.8 Fixed 60 60 98 285 15.187990109553922 229.80080719073717
6.2 1.0 Fixed 60 60 85 285 20.325040604446965 172.13909981251035
6.2 1.2 Fixed 60 60 113 285 21.418740145086595 162.6377473212574
6.2 1.4 Fixed 60 60 110 285 17.213464732310143 134.0192347522489
6.2 1.6 Fixed 60 60 103 285 19.27719994053657 92.52586422513603
6.2 1.8 Fixed 60 60 115 281 22.164557216971367 78.89923699800465
6.2 2.0 Fixed 60 60 111 285 19.597772470606504 53.36631197175671
6.2 2.2 Fixed 60 60 105 275 16.09028083544425 35.142632046206835
6.2 2.4 Fixed 60 60 96 282 17.665091096615722 35.140726704148626
6.2 2.6 Fixed 60 60 82 236 18.294744269270375 31.367300196634094
6.2 2.8 Fixed 60 60 105 186 20.695378928923162 24.303964628532622
6.2 3.0 Fixed 60 60 114 183 16.544460565130606 22.28693288687798
6.2 3.2 Fixed 60 60 105 195 20.56906189531717 25.563232800444702
6.2 3.4 Fixed 60 60 99 183 20.86066789713221 25.446325780155984
6.2 3.6 Fixed 60 60 118 166 20.9751108573004 25.232923550350595
6.2 3.8 Fixed 60 60 115 139 18.851735420208403 20.663467829703375
6.2 4.0 Fixed 60 60 112 150 17.821389019900824 21.173135238948415
6.2 4.2 Fixed 60 60 114 125 19.329407530315745 20.740851229494513
6.2 4.4 Fixed 60 60 102 139 19.310225596710556 24.486707411407107
6.2 4.6 Fixed 60 60 108 126 21.164450239819104 22.6310865436808
6.2 4.8 Fixed 60 60 90 136 18.118188352303715 20.28442450423399
6.2 5.0 Fixed 60 60 100 110 15.61934023133062 19.882060380504157
6.2 5.2 Fixed 60 60 118 140 19.877953665297564 26.562010025762994
6.2 5.4 Fixed 60 60 129 117 18.301342928824297 24.812134476801862
6.2 5.6 Fixed 60 60 98 114 22.965648977268042 19.060716129455407
6.2 5.8 Fixed 60 60 93 110 15.120239097664268 18.72341450225532
6.2 6.0 Fixed 60 60 95 111 14.257985283423025 23.066077980406572
6.2 6.2 Fixed 60 60 96 90 20.19361352323397 18.19858021008032
6.2 6.4 Fixed 60 60 110 97 24.588637622720054 17.38785152917991
6.2 6.6 Fixed 60 60 97 101 21.97231648290981 27.207121601548874
6.2 6.8 Fixed 60 60 113 77 17.87765046789242 20.94791583208667
6.2 7.0 Fixed 60 60 98 86 22.30221733117197 20.25734631949435
6.2 7.2 Fixed 60 60 100 91 19.89855404818149 16.605641686664125
6.2 7.4 Fixed 60 60 91 86 18.60768071376361 20.36469465354928
6.2 7.6 Fixed 60 60 79 85 15.807691547313201 23.28752542308658
6.2 7.8 Fixed 60 60 114 60 20.846207672847708 23.26823065387241
6.2 8.0 Fixed 60 60 94 86 18.31734643666263 21.414907771621504
6.2 8.2 Fixed 60 60 98 92 25.66293244498368 27.523755182221155
6.2 8.4 Fixed 60 60 124 64 22.804817197892312 20.668067832405193
6.2 8.6 Fixed 60 60 97 73 20.259207996021516 18.9538187643566
6.2 8.8 Fixed 60 60 100 68 19.981492801808713 15.727657844974154
6.2 9.0 Fixed 60 60 93 52 18.80905425213967 22.347731590887676
6.2 9.2 Fixed 60 60 107 59 19.439540568462867 25.449623688494693
6.2 9.4 Fixed 60 60 105 63 20.826255210211155 21.24170019967851
6.2 9.6 Fixed 60 60 94 70 17.40481546865239 26.018918148174894
6.2 9.8 Fixed 60 60 101 64 19.09917941904804 23.582297676885492
6.2 10.0 Fixed 60 60 105 65 20.740065160749364 16.5353495011607
6.4 0.2 Fixed 60 60 105 285 22.539977482501723 300.08235332726343
6.4 0.4 Fixed 60 60 98 285 17.492734989895197 274.9672813285053
6.4 0.6 Fixed 60 60 104 285 22.77167102588971 245.6530809688146
6.4 0.8 Fixed 60 60 105 285 16.48691765662749 200.53417698344478
6.4 1.0 Fixed 60 60 91 285 20.408701596162903 187.33006988144237
6.4 1.2 Fixed 60 60 117 285 22.388651796099825 170.99194789605994
6.4 1.4 Fixed 60 60 108 285 18.1168936398443 154.47897419191844
6.4 1.6 Fixed 60 60 124 285 18.380411878478036 86.14271648286727
6.4 1.8 Fixed 60 60 109 285 19.374293258508278 73.24302980399041
6.4 2.0 Fixed 60 60 105 269 17.99852923562584 34.629558714913394
6.4 2.2 Fixed 60 60 100 255 25.602686026007703 29.409085492073174
6.4 2.4 Fixed 60 60 89 245 17.193380657720407 29.302501420747436
6.4 2.6 Fixed 60 60 89 237 15.87630428247375 32.36876495718987
6.4 2.8 Fixed 60 60 100 205 20.23324722232778 27.12498053560311
6.4 3.0 Fixed 60 60 113 224 16.71011200570398 29.806808510118042
6.4 3.2 Fixed 60 60 109 165 18.49718838331654 21.110229726606235
6.4 3.4 Fixed 60 60 113 173 20.592201038218093 19.141178011920918
6.4 3.6 Fixed 60 60 94 157 16.464244877603434 23.576596265886604
6.4 3.8 Fixed 60 60 103 158 23.616794963618595 26.125679737742487
6.4 4.0 Fixed 60 60 108 145 19.901131814205314 19.413730521528105
6.4 4.2 Fixed 60 60 93 142 22.798029308290236 23.754633434453563
6.4 4.4 Fixed 60 60 80 135 20.28276826269297 26.30874779479054
6.4 4.6 Fixed 60 60 103 124 17.54945561669202 25.409324362025604
6.4 4.8 Fixed 60 60 93 124 15.447011000800524 23.133118656259153
6.4 5.0 Fixed 60 60 92 126 20.039525860116267 22.16551469915889
6.4 5.2 Fixed 60 60 103 145 24.273457000117727 21.405504000895363
6.4 5.4 Fixed 60 60 101 101 22.06940396959845 22.516751965582728
6.4 5.6 Fixed 60 60 100 114 18.839662372926806 23.23719274530912
6.4 5.8 Fixed 60 60 112 86 20.23363223790259 17.88954565973412
6.4 6.0 Fixed 60 60 103 86 21.00081115127678 20.87625668648339
6.4 6.2 Fixed 60 60 101 112 18.85016183797698 19.706307589854777
6.4 6.4 Fixed 60 60 98 99 15.613962105082184 18.45406101532809
6.4 6.6 Fixed 60 60 99 82 22.04447952520788 31.706159186938173
6.4 6.8 Fixed 60 60 103 92 21.889991511448365 22.489048019483516
6.4 7.0 Fixed 60 60 111 85 19.695924783202727 18.96094821643588
6.4 7.2 Fixed 60 60 105 75 21.894054893115573 22.042306564543242
6.4 7.4 Fixed 60 60 83 63 18.834931452576985 16.10625279259231
6.4 7.6 Fixed 60 60 99 77 18.68202929076944 21.885156494342397
6.4 7.8 Fixed 60 60 100 88 24.381186179385715 19.268050781613134
6.4 8.0 Fixed 60 60 100 57 18.37270779163071 18.135802610876492
6.4 8.2 Fixed 60 60 110 69 22.568542215498102 26.16113554409131
6.4 8.4 Fixed 60 60 84 64 16.801961993235288 19.77633596367169
6.4 8.6 Fixed 60 60 108 76 18.666123360075332 15.351351811295803
6.4 8.8 Fixed 60 60 110 59 21.050609456656083 19.06124874923016
6.4 9.0 Fixed 60 60 82 53 22.842885701095415 22.111542894801605
6.4 9.2 Fixed 60 60 124 64 19.820812864491657 18.65485779267922
6.4 9.4 Fixed 60 60 95 83 21.09725955771284 16.28080953103448
6.4 9.6 Fixed 60 60 108 63 19.709528857612685 14.829370803368848
6.4 9.8 Fixed 60 60 105 61 22.186954970459713 20.68157011136078
6.4 10.0 Fixed 60 60 112 53 19.34143914248816 17.42120360916916
6.6 0.2 Fixed 60 60 109 285 18.179582713314172 307.0044586372068
6.6 0.4 Fixed 60 60 113 285 20.757492272812982 274.6055104997168
6.6 0.6 Fixed 60 60 91 285 13.896326491626347 240.99219209792813
6.6 0.8 Fixed 60 60 100 285 17.171564528664874 208.09252587943035
6.6 1.0 Fixed 60 60 97 285 15.753880258007868 202.65234204841656
6.6 1.2 Fixed 60 60 99 285 21.437708152113064 165.4383885559842
6.6 1.4 Fixed 60 60 81 285 17.119161755975895 138.16164261025165
6.6 1.6 Fixed 60 60 90 285 17.1622025925201 95.58337904426034
6.6 1.8 Fixed 60 60 102 279 18.634741778135503 79.0797887213461
6.6 2.0 Fixed 60 60 102 285 18.68602295571238 67.42978626796955
6.6 2.2 Fixed 60 60 109 276 16.207435216254108 32.76320851921696
6.6 2.4 Fixed 60 60 106 266 19.25712270918537 36.318024670806246
6.6 2.6 Fixed 60 60 92 221 16.766148068514614 30.810542479648593
6.6 2.8 Fixed 60 60 91 223 13.619619018186244 29.181414758237654
6.6 3.0 Fixed 60 60 83 192 18.006368885876398 28.502318049988787
6.6 3.2 Fixed 60 60 111 181 21.62011395667921 27.343277807622545
6.6 3.4 Fixed 60 60 101 181 18.56953377600672 23.660270904607803
6.6 3.6 Fixed 60 60 98 163 16.00315628967421 21.628157910452813
6.6 3.8 Fixed 60 60 108 158 14.821047925181027 26.756101131525842
6.6 4.0 Fixed 60 60 97 141 17.75533666917198 21.51993916839518
6.6 4.2 Fixed 60 60 95 152 20.975408534229203 23.48482240668188
6.6 4.4 Fixed 60 60 98 133 22.812820813695456 21.896984458947692
6.6 4.6 Fixed 60 60 98 130 23.884483027780604 24.09648660324308
6.6 4.8 Fixed 60 60 87 120 14.841337381136498 23.847233836142042
6.6 5.0 Fixed 60 60 82 133 21.601071325500882 27.636373040985788
6.6 5.2 Fixed 60 60 99 98 19.497213042972312 22.485861867781946
6.6 5.4 Fixed 60 60 105 111 17.77163347728739 20.62679857898743
6.6 5.6 Fixed 60 60 89 84 17.11702471704573 25.0593910822474
6.6 5.8 Fixed 60 60 112 99 21.332911521815078 24.802987822702168
6.6 6.0 Fixed 60 60 94 104 19.902131637104983 20.47716085426507
6.6 6.2 Fixed 60 60 102 97 16.230247475007 23.515830767375096
6.6 6.4 Fixed 60 60 99 102 18.31344509099636 20.166582089982168
6.6 6.6 Fixed 60 60 101 95 20.294221774779846 16.843081902971726
6.6 6.8 Fixed 60 60 101 85 15.046372120669668 25.283583957376916
6.6 7.0 Fixed 60 60 103 93 18.88634825303147 24.462047282021583
6.6 7.2 Fixed 60 60 100 64 21.15915142340155 20.201034790032068
6.6 7.4 Fixed 60 60 90 87 20.086178153893044 23.183141568393275
6.6 7.6 Fixed 60 60 108 76 18.212586352105248 18.506481545915136
6.6 7.8 Fixed 60 60 81 80 17.964384143027637 25.292210081449173
6.6 8.0 Fixed 60 60 107 74 15.114803880899833 23.27360889802808
6.6 8.2 Fixed 60 60 95 62 20.33124272152083 24.14831090690653
6.6 8.4 Fixed 60 60 82 72 19.13902791789607 18.013311870653816
6.6 8.6 Fixed 60 60 100 69 22.016051189676396 15.566785734963787
6.6 8.8 Fixed 60 60 94 62 19.17705151893083 24.67608254299017
6.6 9.0 Fixed 60 60 94 66 16.455674268789238 20.595397530011894
6.6 9.2 Fixed 60 60 114 69 18.106359107180985 19.30143284956782
6.6 9.4 Fixed 60 60 103 71 17.91206424329115 21.40535829882234
6.6 9.6 Fixed 60 60 108 66 17.12995749963669 20.523289141765613
6.6 9.8 Fixed 60 60 97 61 24.53350271689641 22.34216981644816
6.6 10.0 Fixed 60 60 80 50 17.68757884510473 14.570953647504124
6.8 0.2 Fixed 60 60 85 285 17.96715690665055 301.0877241827988
6.8 0.4 Fixed 60 60 105 285 19.725026457469315 273.5327702390473
6.8 0.6 Fixed 60 60 102 285 16.977828383054295 256.35839815081647
6.8 0.8 Fixed 60 60 117 285 22.49711972478285 206.33815775624677
6.8 1.0 Fixed 60 60 123 285 18.71379930685074 194.88358725442376
6.8 1.2 Fixed 60 60 122 285 18.558988262450733 153.15228315460428
6.8 1.4 Fixed 60 60 112 285 19.110992667512253 124.28640044297407
6.8 1.6 Fixed 60 60 91 285 21.86929680609261 98.40895251538807
6.8 1.8 Fixed 60 60 110 285 17.393121193034457 84.16693314221033
6.8 2.0 Fixed 60 60 92 285 22.069778083759363 56.20029103658464
6.8 2.2 Fixed 60 60 97 282 18.43967808631845 40.12217315793231
6.8 2.4 Fixed 60 60 110 271 21.94160295960533 27.455706617155254
6.8 2.6 Fixed 60 60 109 219 17.76327804412183 27.82716917710425
6.8 2.8 Fixed 60 60 97 226 17.245042222371428 25.300705199941614
6.8 3.0 Fixed 60 60 86 192 17.769830880271275 26.410742382718322
6.8 3.2 Fixed 60 60 97 194 18.387493824553424 23.247383112786583
6.8 3.4 Fixed 60 60 97 153 14.325966921567234 19.47685444926906
6.8 3.6 Fixed 60 60 101 193 22.769489085240853 30.29254285487199
6.8 3.8 Fixed 60 60 96 147 21.837299232340882 21.75610896729159
6.8 4.0 Fixed 60 60 104 160 20.793166237153443 20.522985095994915
6.8 4.2 Fixed 60 60 97 152 19.96881568748804 26.44571582458007
6.8 4.4 Fixed 60 60 86 141 23.282239188817336 24.38455775058456
6.8 4.6 Fixed 60 60 94 131 19.83140280687649 21.915156639946428
6.8 4.8 Fixed 60 60 108 114 19.926411945021286 22.789865903018633
6.8 5.0 Fixed 60 60 88 106 18.66152775797515 17.36795672512654
6.8 5.2 Fixed 60 60 93 110 19.64977468367275 20.52856446590063
6.8 5.4 Fixed 60 60 88 120 22.015484259747208 22.220554070428665
6.8 5.6 Fixed 60 60 91 98 20.639507529266506 22.03107670435478
6.8 5.8 Fixed 60 60 95 107 16.102326176448884 18.90646710471114
6.8 6.0 Fixed 60 60 91 98 21.997229455242238 22.31306626858961
6.8 6.2 Fixed 60 60 88 104 18.88654522460161 19.421664074482752
6.8 6.4 Fixed 60 60 92 94 18.525978811889694 21.127496588590958
6.8 6.6 Fixed 60 60 94 92 24.682096603966066 19.16968491127941
6.8 6.8 Fixed 60 60 98 115 18.28923877402503 22.486428161735294
6.8 7.0 Fixed 60 60 82 80 17.655341955907694 15.354615548634348
6.8 7.2 Fixed 60 60 94 88 16.74676872732071 25.71472462258332
6.8 7.4 Fixed 60 60 113 90 18.361189877181644 22.622058386342452
6.8 7.6 Fixed 60 60 64 80 20.749556191751477 23.404573098607184
6.8 7.8 Fixed 60 60 97 69 22.24239862283723 14.893901192774095
6.8 8.0 Fixed 60 60 96 75 23.079559842806916 19.922225046227645
6.8 8.2 Fixed 60 60 90 92 21.251147117264292 18.110725696380374
6.8 8.4 Fixed 60 60 90 66 21.07863411073442 23.12214504834183
6.8 8.6 Fixed 60 60 78 74 13.799357775807433 20.80452588452735
6.8 8.8 Fixed 60 60 93 68 14.439267418248605 21.520971090027462
6.8 9.0 Fixed 60 60 92 63 20.77166599471505 23.369513391766162
6.8 9.2 Fixed 60 60 105 66 20.35879192863283 19.621002415037204
6.8 9.4 Fixed 60 60 90 66 18.630161314255268 16.85961433862833
6.8 9.6 Fixed 60 60 104 67 16.38286440264494 17.723664176470244
6.8 9.8 Fixed 60 60 78 59 18.40034974282174 13.897723953141348
6.8 10.0 Fixed 60 60 83 77 17.8372987139349 17.227237333715983
7.0 0.2 Fixed 60 60 84 285 19.322087973463574 302.1427225207279
7.0 0.4 Fixed 60 60 99 285 18.799959874412693 270.16897334746955
7.0 0.6 Fixed 60 60 88 285 16.773818712031588 237.57306060153257
7.0 0.8 Fixed 60 60 96 285 21.197016729557937 219.7251987795978
7.0 1.0 Fixed 60 60 87 285 19.168738883149757 197.84915320186118
7.0 1.2 Fixed 60 60 93 285 19.175060912591885 151.97750144906692
7.0 1.4 Fixed 60 60 88 285 21.20161579983644 127.68106732406348
7.0 1.6 Fixed 60 60 95 285 16.921711504826593 107.68915320935696
7.0 1.8 Fixed 60 60 85 285 21.259702872204922 81.69434015845509
7.0 2.0 Fixed 60 60 88 285 25.079830447897987 71.12999551240344
7.0 2.2 Fixed 60 60 101 258 14.312345016873596 33.09739018011391
7.0 2.4 Fixed 60 60 85 245 20.417206307914427 29.522285394032494
7.0 2.6 Fixed 60 60 92 227 19.38992487594083 27.83422316669393
7.0 2.8 Fixed 60 60 86 197 19.393169844817468 24.293968726595395
7.0 3.0 Fixed 60 60 89 197 17.37691353174291 25.282715126516017
7.0 3.2 Fixed 60 60 92 192 20.222299985400607 26.2256196057731
7.0 3.4 Fixed 60 60 95 177 19.919810839464667 27.77238142238025
7.0 3.6 Fixed 60 60 93 167 20.395304259839737 21.95560526022444
7.0 3.8 Fixed 60 60 87 147 17.760271074768774 23.601326092161923
7.0 4.0 Fixed 60 60 90 154 17.783248531466906 26.826078884205025
7.0 4.2 Fixed 60 60 98 115 20.222355880148854 21.214607964977258
7.0 4.4 Fixed 60 60 101 150 17.477770744367298 24.206443386148134
7.0 4.6 Fixed 60 60 99 126 18.848647515061987 24.56703229311948
7.0 4.8 Fixed 60 60 97 131 18.645598544042144 23.84166156917162
7.0 5.0 Fixed 60 60 88 106 17.11324277142498 17.57488322459525
7.0 5.2 Fixed 60 60 90 111 17.538555692719065 24.81510813882598
7.0 5.4 Fixed 60 60 92 101 19.67192973028476 24.36276233082981
7.0 5.6 Fixed 60 60 85 97 19.655002871399304 20.26621316196075
7.0 5.8 Fixed 60 60 82 118 17.513482201567108 24.370836513113378
7.0 6.0 Fixed 60 60 108 101 20.532704364439756 18.63063623912061
7.0 6.2 Fixed 60 60 82 84 15.351880228534428 24.249100908734693
7.0 6.4 Fixed 60 60 90 97 13.925677562310618 21.261578798340764
7.0 6.6 Fixed 60 60 99 83 18.93941172796391 21.367552516331692
7.0 6.8 Fixed 60 60 83 83 19.726229458904438 19.58693268585923
7.0 7.0 Fixed 60 60 102 90 19.448424413424796 17.421418492151197
7.0 7.2 Fixed 60 60 92 83 18.01710909422854 18.061759075237976
7.0 7.4 Fixed 60 60 94 92 22.147553050187128 19.824728155713135
7.0 7.6 Fixed 60 60 109 78 22.907291759702193 23.48366795776
7.0 7.8 Fixed 60 60 92 77 17.486670062115312 18.868923595345144
7.0 8.0 Fixed 60 60 89 87 21.449958637662753 17.060706720461237
7.0 8.2 Fixed 60 60 104 55 23.951473716645793 23.046233414263494
7.0 8.4 Fixed 60 60 104 65 18.61192895550972 20.156679526979957
7.0 8.6 Fixed 60 60 105 78 17.346349346645788 27.693320871281614
7.0 8.8 Fixed 60 60 97 64 20.584537411893546 17.70811491294721
7.0 9.0 Fixed 60 60 110 75 14.531310088676172 22.315156999045307
7.0 9.2 Fixed 60 60 86 76 16.003057681188398 19.877470766181418
7.0 9.4 Fixed 60 60 91 54 12.483166279553515 26.5437015748326
7.0 9.6 Fixed 60 60 102 61 16.10955068519285 16.61801052850584
7.0 9.8 Fixed 60 60 93 55 18.386204487168957 24.448539619255406
7.0 10.0 Fixed 60 60 91 47 19.55055225299349 21.51068938079393
7.2 0.2 Fixed 60 60 89 285 14.89772557276505 303.5507910379948
7.2 0.4 Fixed 60 60 102 285 18.400041963221774 279.3370972749377
7.2 0.6 Fixed 60 60 103 285 18.4970057255853 240.60340605901243
7.2 0.8 Fixed 60 60 91 285 15.464789035285026 196.25078986309455
7.2 1.0 Fixed 60 60 83 285 16.305292545065587 161.84274429423985
7.2 1.2 Fixed 60 60 90 285 20.223583706866577 156.61346918186544
7.2 1.4 Fixed 60 60 85 285 20.474315312249654 117.43980180226967
7.2 1.6 Fixed 60 60 82 285 18.706655528347433 83.47370783214483
7.2 1.8 Fixed 60 60 90 285 19.49164394729172 84.949006607935
7.2 2.0 Fixed 60 60 93 285 23.092933645139187 54.41905987031974
7.2 2.2 Fixed 60 60 89 227 16.99373124553885 30.349197703728123
7.2 2.4 Fixed 60 60 97 253 20.399770810257994 34.0532891585862
7.2 2.6 Fixed 60 60 98 220 21.28514162487304 25.432289969808846
7.2 2.8 Fixed 60 60 92 211 18.03973287034838 25.599944412702317
7.2 3.0 Fixed 60 60 89 224 18.110651143576103 27.373153444050093
7.2 3.2 Fixed 60 60 74 201 16.03930991688525 22.675820307082315
7.2 3.4 Fixed 60 60 101 195 17.406953263686034 24.385124000802985
7.2 3.6 Fixed 60 60 79 161 22.47974853094963 26.31153096152549
7.2 3.8 Fixed 60 60 92 133 17.435040270494305 26.518061216837978
7.2 4.0 Fixed 60 60 73 143 18.82140654575115 24.888591778517885
7.2 4.2 Fixed 60 60 95 148 15.713237984525888 21.679791521899208
7.2 4.4 Fixed 60 60 71 135 19.353610561789306 19.228223593959406
7.2 4.6 Fixed 60 60 111 126 17.32516483634315 24.66652636522535
7.2 4.8 Fixed 60 60 76 125 19.06311871277489 22.351760560363537
7.2 5.0 Fixed 60 60 90 127 20.987058966537415 26.44133945463818
7.2 5.2 Fixed 60 60 110 139 22.325628910864147 24.430955068061085
7.2 5.4 Fixed 60 60 82 112 20.487257999937782 22.48663150920934
7.2 5.6 Fixed 60 60 94 113 22.653408586002275 23.31782172548539
7.2 5.8 Fixed 60 60 92 95 19.17289582897803 19.938018971245366
7.2 6.0 Fixed 60 60 95 99 18.945077748447932 25.94326273538644
7.2 6.2 Fixed 60 60 99 85 24.045414406912965 22.728640640065507
7.2 6.4 Fixed 60 60 104 91 19.89560290879593 19.074405767614916
7.2 6.6 Fixed 60 60 83 101 17.375764043404484 16.90268979193834
7.2 6.8 Fixed 60 60 104 88 20.63316166009546 15.786519224149721
7.2 7.0 Fixed 60 60 85 81 17.825403893189815 16.550377221224956
7.2 7.2 Fixed 60 60 92 91 21.499308917037578 20.480567449019627
7.2 7.4 Fixed 60 60 87 83 21.548184415444684 21.427428303109398
7.2 7.6 Fixed 60 60 75 72 17.65037027749509 21.52278805387016
7.2 7.8 Fixed 60 60 89 84 16.654891240477806 19.991306136007932
7.2 8.0 Fixed 60 60 90 67 17.78559612322704 20.26576142352402
7.2 8.2 Fixed 60 60 71 78 17.10214469536308 19.80611630179994
7.2 8.4 Fixed 60 60 78 80 19.04538388895907 21.697980716786994
7.2 8.6 Fixed 60 60 96 80 21.747268750050193 16.69311746555002
7.2 8.8 Fixed 60 60 95 66 17.5493425232385 21.155544929150288
7.2 9.0 Fixed 60 60 80 67 16.10621853130337 20.182128471294998
7.2 9.2 Fixed 60 60 81 56 17.0944810148471 23.559750516978035
7.2 9.4 Fixed 60 60 94 66 19.36187792419085 19.062114614846383
7.2 9.6 Fixed 60 60 106 50 20.60017065847638 17.58323794574178
7.2 9.8 Fixed 60 60 100 65 13.889975770982714 19.030843967589252
7.2 10.0 Fixed 60 60 87 54 16.137232322008288 20.127254272145585
7.4 0.2 Fixed 60 60 79 285 20.891994414141124 301.1023867934697
7.4 0.4 Fixed 60 60 76 285 18.436109091376057 274.22504336283265
7.4 0.6 Fixed 60 60 83 285 18.68538404218438 253.14038647897254
7.4 0.8 Fixed 60 60 82 285 19.480868355629283 210.73223884274623
7.4 1.0 Fixed 60 60 89 285 17.588270134388296 189.76568144564177
7.4 1.2 Fixed 60 60 87 285 20.806562700821594 171.5645370291741
7.4 1.4 Fixed 60 60 80 285 18.88380845919807 103.7040166150027
7.4 1.6 Fixed 60 60 85 285 22.101781952030926 107.67705499832583
7.4 1.8 Fixed 60 60 87 278 18.359810463978118 49.882674268233615
7.4 2.0 Fixed 60 60 97 285 20.134242090470227 62.63560128242742
7.4 2.2 Fixed 60 60 91 247 20.25541831363562 26.785372766869845
7.4 2.4 Fixed 60 60 97 233 19.790304003276553 26.03107470874247
7.4 2.6 Fixed 60 60 83 229 17.280868582178726 28.733811300500147
7.4 2.8 Fixed 60 60 87 232 19.014074490168415 29.398228716633934
7.4 3.0 Fixed 60 60 102 210 16.43818264689547 27.802510211649196
7.4 3.2 Fixed 60 60 103 218 19.46702536548402 28.211206063105223
7.4 3.4 Fixed 60 60 66 180 19.169608939717314 28.191705309860914
7.4 3.6 Fixed 60 60 89 184 16.74808980601841 24.538874253965762
7.4 3.8 Fixed 60 60 80 175 21.11004485356333 26.165048999627054
7.4 4.0 Fixed 60 60 85 153 23.3028829403696 24.44083938984847
7.4 4.2 Fixed 60 60 92 129 17.480012392213165 21.518161169951576
7.4 4.4 Fixed 60 60 88 135 13.952358765865835 22.075025840360514
7.4 4.6 Fixed 60 60 76 130 20.042375175455284 23.3273971754465
7.4 4.8 Fixed 60 60 86 138 17.148947008832106 23.71426102141257
7.4 5.0 Fixed 60 60 75 119 18.276986563503204 19.738022212141576
7.4 5.2 Fixed 60 60 80 121 16.950529910531827 23.7185566285809
7.4 5.4 Fixed 60 60 81 105 18.380537859675556 19.806368612242203
7.4 5.6 Fixed 60 60 96 104 17.55402772956788 21.64009203325867
7.4 5.8 Fixed 60 60 83 109 19.036377394986243 20.380564157451104
7.4 6.0 Fixed 60 60 94 115 17.61654239846622 23.868263272298123
7.4 6.2 Fixed 60 60 92 112 22.684650352664963 24.467466410578613
7.4 6.4 Fixed 60 60 77 99 18.515871656749926 19.18893967372409
7.4 6.6 Fixed 60 60 74 95 16.925745419446468 22.786486883126162
7.4 6.8 Fixed 60 60 93 86 19.822912892269308 19.732414090456007
7.4 7.0 Fixed 60 60 79 82 13.472763633102428 17.41949077590301
7.4 7.2 Fixed 60 60 80 83 17.76916942547387 19.27499811062126
7.4 7.4 Fixed 60 60 87 69 18.682717258370783 17.975594841268446
7.4 7.6 Fixed 60 60 88 97 16.375687812318382 17.895743615284943
7.4 7.8 Fixed 60 60 93 84 20.469876212720663 21.83957060960771
7.4 8.0 Fixed 60 60 87 65 20.356563409839058 20.818854610532142
7.4 8.2 Fixed 60 60 94 94 21.9277868092396 22.909714403820956
7.4 8.4 Fixed 60 60 84 56 15.257294558755316 22.78903251598951
7.4 8.6 Fixed 60 60 86 60 19.482940195283533 22.799327731393422
7.4 8.8 Fixed 60 60 95 69 17.829806767746515 20.915248031511933
7.4 9.0 Fixed 60 60 99 77 20.553099317946884 25.32209955002857
7.4 9.2 Fixed 60 60 80 52 20.05168060247213 22.004379584169563
7.4 9.4 Fixed 60 60 94 63 17.25828438797842 24.529212742824733
7.4 9.6 Fixed 60 60 81 58 18.763268409713884 18.827616245987734
7.4 9.8 Fixed 60 60 86 59 16.38335240876355 17.679260692734992
7.4 10.0 Fixed 60 60 95 66 21.672705542679207 20.705999057201243
7.6 0.2 Fixed 60 60 81 285 18.593580584020945 301.42630301636734
7.6 0.4 Fixed 60 60 77 285 20.50035225860738 267.5260103570183
7.6 0.6 Fixed 60 60 93 285 20.258172628380454 236.03867425015528
7.6 0.8 Fixed 60 60 92 285 20.64034045695407 219.89176778227773
7.6 1.0 Fixed 60 60 86 285 22.15966863769001 189.63398110033788
7.6 1.2 Fixed 60 60 91 285 18.17198705683937 159.44719840837178
7.6 1.4 Fixed 60 60 90 285 17.966290664527687 116.39902891569412
7.6 1.6 Fixed 60 60 88 285 17.2896273486451 86.9654686219327
7.6 1.8 Fixed 60 60 98 285 19.938827101208712 85.84232593480786
7.6 2.0 Fixed 60 60 84 285 18.197057125714597 67.92280176047983
7.6 2.2 Fixed 60 60 84 256 18.431495372658656 34.21328931329192
7.6 2.4 Fixed 60 60 75 241 17.44153727260011 29.175693989862882
7.6 2.6 Fixed 60 60 93 246 22.765848808914274 32.49626956264356
7.6 2.8 Fixed 60 60 72 212 19.487958828042117 29.789841338290408
7.6 3.0 Fixed 60 60 72 197 18.73560179994069 26.144322464787784
7.6 3.2 Fixed 60 60 84 167 15.813956010662558 20.758634492601395
7.6 3.4 Fixed 60 60 83 176 22.06371290080637 23.19420447754011
7.6 3.6 Fixed 60 60 89 145 19.15237959024241 23.434721514704215
7.6 3.8 Fixed 60 60 81 143 21.254211699732604 25.460378638408702
7.6 4.0 Fixed 60 60 79 131 19.110050586185245 23.4196304696363
7.6 4.2 Fixed 60 60 88 128 14.290993584374606 20.73249215038189
7.6 4.4 Fixed 60 60 85 134 21.25606631241023 26.308758283032947
7.6 4.6 Fixed 60 60 87 133 21.051752088077933 19.635277019148504
7.6 4.8 Fixed 60 60 83 127 17.676975920043454 19.53543315423324
7.6 5.0 Fixed 60 60 94 127 19.552491688475943 20.038910476978668
7.6 5.2 Fixed 60 60 95 109 16.923738178755773 19.452447766915427
7.6 5.4 Fixed 60 60 98 117 17.656111298814853 20.811591911319297
7.6 5.6 Fixed 60 60 82 109 20.33166470602747 21.66343235089744
7.6 5.8 Fixed 60 60 82 97 16.369795652182898 25.943361803912154
7.6 6.0 Fixed 60 60 85 107 22.191706206294505 20.208168230069155
7.6 6.2 Fixed 60 60 90 104 18.01018900681195 18.451184968657625
7.6 6.4 Fixed 60 60 86 97 16.498748045848334 19.37854349031784
7.6 6.6 Fixed 60 60 79 94 16.174299039291633 20.536525710762827
7.6 6.8 Fixed 60 60 87 100 18.705643847860312 21.596309944486382
7.6 7.0 Fixed 60 60 108 86 21.471101864134535 19.701906599793315
7.6 7.2 Fixed 60 60 87 84 13.864108690927287 18.884877469650515
7.6 7.4 Fixed 60 60 95 88 14.187355485705503 19.47209481051924
7.6 7.6 Fixed 60 60 87 70 12.352278142575736 21.008556496446335
7.6 7.8 Fixed 60 60 96 82 16.2159743217621 22.791486775935855
7.6 8.0 Fixed 60 60 87 86 18.667483909212578 21.507521352325526
7.6 8.2 Fixed 60 60 93 77 22.736856465274446 23.213766412422544
7.6 8.4 Fixed 60 60 77 67 16.964482397188128 17.08649735225767
7.6 8.6 Fixed 60 60 75 59 19.793103737753615 16.88991981135191
7.6 8.8 Fixed 60 60 75 63 14.619254842108463 21.80186977228565
7.6 9.0 Fixed 60 60 90 73 22.446408180024225 20.754155293578425
7.6 9.2 Fixed 60 60 81 74 23.606143632088216 21.630079360546134
7.6 9.4 Fixed 60 60 95 54 19.18620382600563 18.364026570834117
7.6 9.6 Fixed 60 60 88 90 15.963733812791151 18.55524543382732
7.6 9.8 Fixed 60 60 94 48 20.861699116734208 21.346442010932222
7.6 10.0 Fixed 60 60 92 65 14.830741045297362 18.270481011846474
7.8 0.2 Fixed 60 60 94 285 17.968741254539875 304.2232181505128
7.8 0.4 Fixed 60 60 80 285 17.370243338144768 263.87429061515036
7.8 0.6 Fixed 60 60 84 285 15.575955253923812 244.99665500229528
7.8 0.8 Fixed 60 60 101 285 20.17831028499953 220.89519500745885
7.8 1.0 Fixed 60 60 68 285 15.29663213115542 201.4526999560431
7.8 1.2 Fixed 60 60 89 285 21.79838854778573 160.14450091623578
7.8 1.4 Fixed 60 60 77 285 17.243064962997813 130.35039883861054
7.8 1.6 Fixed 60 60 70 285 22.60776918200072 80.9334721916508
7.8 1.8 Fixed 60 60 70 282 19.08261960165989 63.55989960283728
7.8 2.0 Fixed 60 60 70 285 14.670521325101163 66.8967732370773
7.8 2.2 Fixed 60 60 81 260 21.78533486391203 30.553797227533202
7.8 2.4 Fixed 60 60 83 273 16.891848562446214 32.78455145143245
7.8 2.6 Fixed 60 60 85 206 16.735319734252712 22.43765687827748
7.8 2.8 Fixed 60 60 74 195 14.117556208952882 27.326380709085253
7.8 3.0 Fixed 60 60 83 196 13.74622038484246 28.521087810995382
7.8 3.2 Fixed 60 60 80 186 14.948356893671692 23.458828093327607
7.8 3.4 Fixed 60 60 83 157 18.34939950433737 22.923675505477025
7.8 3.6 Fixed 60 60 82 159 18.56283041127544 24.335953175257963
7.8 3.8 Fixed 60 60 79 157 18.189480180431314 18.67673365536194
7.8 4.0 Fixed 60 60 82 143 18.254321013744708 19.836613645663032
7.8 4.2 Fixed 60 60 79 136 23.287039276751823 22.69741383074087
7.8 4.4 Fixed 60 60 87 148 20.36340513851793 24.319118722895666
7.8 4.6 Fixed 60 60 85 123 20.20870237455273 20.07715755886048
7.8 4.8 Fixed 60 60 83 119 17.277782215167075 20.13805366972638
7.8 5.0 Fixed 60 60 89 135 22.660916374219774 23.424692272412717
7.8 5.2 Fixed 60 60 77 98 16.262751467530343 24.1271065360268
7.8 5.4 Fixed 60 60 73 108 17.580005116373922 23.251377421951652
7.8 5.6 Fixed 60 60 82 103 17.70308051650848 19.41702533471913
7.8 5.8 Fixed 60 60 87 101 11.807844423459533 22.55920759409854
7.8 6.0 Fixed 60 60 84 74 18.508552573147874 24.087839509066665
7.8 6.2 Fixed 60 60 81 105 20.6240416078696 21.32865563513219
7.8 6.4 Fixed 60 60 79 77 15.911848109429355 19.83522237760407
7.8 6.6 Fixed 60 60 92 108 18.504147218371028 16.806226738146567
7.8 6.8 Fixed 60 60 76 86 14.132899904165063 19.659343002045595
7.8 7.0 Fixed 60 60 83 87 21.91355900638274 18.681131154665596
7.8 7.2 Fixed 60 60 93 64 17.642403818036023 23.215200521344293
7.8 7.4 Fixed 60 60 89 68 20.593408969825187 23.57874133691998
7.8 7.6 Fixed 60 60 75 88 19.01726028773191 25.333619846927967
7.8 7.8 Fixed 60 60 68 75 18.04767968240023 23.172527287595592
7.8 8.0 Fixed 60 60 86 87 14.71769777289473 21.81189928039821
7.8 8.2 Fixed 60 60 84 67 18.581376330351045 22.351865148446798
7.8 8.4 Fixed 60 60 68 76 19.083523829566428 18.84921965268343
7.8 8.6 Fixed 60 60 90 57 19.0992289188616 18.798187113267996
7.8 8.8 Fixed 60 60 83 76 18.951986897880698 21.977642761347767
7.8 9.0 Fixed 60 60 100 60 17.56340869965213 15.707832737044384
7.8 9.2 Fixed 60 60 95 57 19.65183064448015 21.9401879325788
7.8 9.4 Fixed 60 60 82 72 15.826336551997834 15.522063868842999
7.8 9.6 Fixed 60 60 95 61 19.053857672117232 16.624003912561992
7.8 9.8 Fixed 60 60 89 53 16.943192791063108 17.747491433948184
7.8 10.0 Fixed 60 60 97 61 14.655842689361831 16.689849927198743
8.0 0.2 Fixed 60 60 66 285 16.760136313987275 303.1270937961817
8.0 0.4 Fixed 60 60 78 285 20.37781407368855 280.36722132273496
8.0 0.6 Fixed 60 60 81 285 13.637967355716906 243.4144122374357
8.0 0.8 Fixed 60 60 73 285 17.817981538858184 217.3042757361532
8.0 1.0 Fixed 60 60 82 285 17.921624233098502 192.70496038759114
8.0 1.2 Fixed 60 60 88 285 20.35908607825612 155.58838057114366
8.0 1.4 Fixed 60 60 82 285 15.446657944289003 102.584088094414
8.0 1.6 Fixed 60 60 62 285 19.1482372055657 89.04357842527214
8.0 1.8 Fixed 60 60 86 285 16.092630896189995 74.0459429404531
8.0 2.0 Fixed 60 60 84 285 13.503145582929273 66.8087340257812
8.0 2.2 Fixed 60 60 84 256 15.507203497991192 28.99411681742169
8.0 2.4 Fixed 60 60 99 261 21.001112950612786 33.6444632822781
8.0 2.6 Fixed 60 60 87 228 20.404426819165245 26.454342198028392
8.0 2.8 Fixed 60 60 76 205 15.273902711474046 28.7734272819387
8.0 3.0 Fixed 60 60 84 226 20.62106368643969 26.979150020182747
8.0 3.2 Fixed 60 60 75 194 21.190062638850723 27.018873990001733
8.0 3.4 Fixed 60 60 62 177 18.435961117848777 24.461426934368205
8.0 3.6 Fixed 60 60 90 160 21.013442671707608 20.81209117267243
8.0 3.8 Fixed 60 60 68 148 18.723009929837527 24.57593961920047
8.0 4.0 Fixed 60 60 69 152 14.670797920034715 24.449896544016166
8.0 4.2 Fixed 60 60 96 144 20.089393222100895 22.616956253104675
8.0 4.4 Fixed 60 60 89 126 18.968797598686955 22.49139173136149
8.0 4.6 Fixed 60 60 66 125 16.47850659427416 22.255912271791487
8.0 4.8 Fixed 60 60 86 132 17.682226311926147 23.256546907445458
8.0 5.0 Fixed 60 60 87 140 18.340758284035367 20.32032105566337
8.0 5.2 Fixed 60 60 73 126 17.9254293426941 23.440414867462344
8.0 5.4 Fixed 60 60 83 130 17.099662424908686 23.487518737853417
8.0 5.6 Fixed 60 60 97 113 21.3710100466237 20.43519361055006
8.0 5.8 Fixed 60 60 89 83 18.95016643049198 22.890625762788915
8.0 6.0 Fixed 60 60 80 110 16.849456530325266 16.799140446056693
8.0 6.2 Fixed 60 60 82 113 15.900687075246445 22.118847895092046
8.0 6.4 Fixed 60 60 81 79 20.01367070214845 19.16246108500576
8.0 6.6 Fixed 60 60 63 101 16.20961393265002 16.884731068381786
8.0 6.8 Fixed 60 60 78 92 17.993721150043125 15.281263504421757
8.0 7.0 Fixed 60 60 73 102 17.83994194480908 19.059609570557928
8.0 7.2 Fixed 60 60 79 81 18.275108049896794 20.421987041625744
8.0 7.4 Fixed 60 60 67 92 20.276872992857502 22.044664502152475
8.0 7.6 Fixed 60 60 80 83 16.664389673400013 19.65080139478152
8.0 7.8 Fixed 60 60 69 74 15.099550529492177 21.70179631975214
8.0 8.0 Fixed 60 60 77 74 18.064438298937763 23.953923790283348
8.0 8.2 Fixed 60 60 63 70 18.46530411232115 25.793284196919156
8.0 8.4 Fixed 60 60 95 73 19.854943981902913 21.44515609704816
8.0 8.6 Fixed 60 60 88 64 15.90865501951124 20.434516609834972
8.0 8.8 Fixed 60 60 75 76 16.184708588116585 19.83522443365811
8.0 9.0 Fixed 60 60 99 72 22.59070102543758 19.26847121625426
8.0 9.2 Fixed 60 60 76 71 17.746733234833474 19.545024760347566
8.0 9.4 Fixed 60 60 69 70 19.67780150404286 15.92773578226569
8.0 9.6 Fixed 60 60 83 51 22.726961495838278 22.69034316634371
8.0 9.8 Fixed 60 60 85 54 18.536083303691022 15.22718255283138
8.0 10.0 Fixed 60 60 88 68 19.945985461295997 20.922794307336602
8.2 0.2 Fixed 60 60 96 285 19.074415044290905 302.7039667957467
8.2 0.4 Fixed 60 60 87 285 21.0666769867139 268.93642095110465
8.2 0.6 Fixed 60 60 86 285 17.72690810070079 244.13160944894346
8.2 0.8 Fixed 60 60 82 285 16.319055889873216 199.39277367184093
8.2 1.0 Fixed 60 60 71 285 18.693184694139337 189.9533989169406
8.2 1.2 Fixed 60 60 80 285 22.92416119137483 148.60839955181763
8.2 1.4 Fixed 60 60 70 285 18.830506555353782 126.3279083423525
8.2 1.6 Fixed 60 60 81 285 19.9378433224896 102.49940324803914
8.2 1.8 Fixed 60 60 72 285 20.234306794275604 44.482494498287274
8.2 2.0 Fixed 60 60 80 282 14.932862574499282 44.9538573304171
8.2 2.2 Fixed 60 60 76 264 15.122654489108958 40.874580194371376
8.2 2.4 Fixed 60 60 50 246 18.0841846543765 24.605626206612463
8.2 2.6 Fixed 60 60 90 192 22.938417765525404 23.725491406686285
8.2 2.8 Fixed 60 60 82 193 17.397792164956822 27.34654429417606
8.2 3.0 Fixed 60 60 87 224 14.39484885640809 23.256907046815304
8.2 3.2 Fixed 60 60 68 166 14.609930816748882 22.58537245687951
8.2 3.4 Fixed 60 60 67 178 16.852160466344298 24.85269982234862
8.2 3.6 Fixed 60 60 75 175 15.516555824615759 25.488176081324866
8.2 3.8 Fixed 60 60 85 161 18.832648239532464 21.777508737551
8.2 4.0 Fixed 60 60 88 137 17.318530935861833 23.415185650101648
8.2 4.2 Fixed 60 60 77 132 20.980766597250632 26.64458724041437
8.2 4.4 Fixed 60 60 95 130 21.454678679218294 23.246024951514467
8.2 4.6 Fixed 60 60 67 149 17.316457150307002 24.192821678874022
8.2 4.8 Fixed 60 60 68 133 17.426663930304912 23.09714960158237
8.2 5.0 Fixed 60 60 104 108 16.841028112364878 21.073174201743033
8.2 5.2 Fixed 60 60 86 111 19.00819147342372 20.829468613426698
8.2 5.4 Fixed 60 60 101 130 21.612050691185175 22.972707230916953
8.2 5.6 Fixed 60 60 97 111 24.062733168188725 22.05081999373992
8.2 5.8 Fixed 60 60 76 96 26.867995409809904 22.320043254866334
8.2 6.0 Fixed 60 60 84 97 21.00623513128401 21.384856142080714
8.2 6.2 Fixed 60 60 81 93 18.400332544940206 19.360286230284782
8.2 6.4 Fixed 60 60 86 84 18.68925696074011 23.70797093831437
8.2 6.6 Fixed 60 60 74 93 13.233039285923224 18.714386065725733
8.2 6.8 Fixed 60 60 75 79 17.356620150633937 20.639517028975018
8.2 7.0 Fixed 60 60 91 102 18.860782995720864 21.266712659221913
8.2 7.2 Fixed 60 60 86 78 20.288399246745474 23.156047225431465
8.2 7.4 Fixed 60 60 74 83 18.42413958806032 19.753118908915702
8.2 7.6 Fixed 60 60 73 76 17.41632995380027 27.55260734815126
8.2 7.8 Fixed 60 60 78 72 19.368035616784756 16.50114887198633
8.2 8.0 Fixed 60 60 93 74 16.620601272256515 22.328363892394872
8.2 8.2 Fixed 60 60 64 93 17.160976421144213 19.63668300793323
8.2 8.4 Fixed 60 60 83 67 19.378056508565503 18.909290722223574
8.2 8.6 Fixed 60 60 79 72 15.145936577771375 23.343256655637926
8.2 8.8 Fixed 60 60 74 66 23.668424099287098 22.83483669038307
8.2 9.0 Fixed 60 60 85 56 19.2292724466746 20.78341276611264
8.2 9.2 Fixed 60 60 67 55 16.70092296913305 17.886503017489588
8.2 9.4 Fixed 60 60 79 53 17.405673867025985 18.386309477685593
8.2 9.6 Fixed 60 60 88 84 22.040628384443604 23.244883099849535
8.2 9.8 Fixed 60 60 77 65 14.951094184713558 11.798656463348623
8.2 10.0 Fixed 60 60 87 67 18.07744729429363 23.739091195839748
8.4 0.2 Fixed 60 60 69 285 21.798471395714 304.3361390943514
8.4 0.4 Fixed 60 60 79 285 16.213831047133905 271.9768831296561
8.4 0.6 Fixed 60 60 88 285 19.563711523803544 251.75506283273805
8.4 0.8 Fixed 60 60 70 285 15.95292049687439 215.2851273924636
8.4 1.0 Fixed 60 60 72 285 17.57944475971507 178.6387038813617
8.4 1.2 Fixed 60 60 86 285 18.3235320525904 148.86636847009626
8.4 1.4 Fixed 60 60 87 285 14.752216734650712 123.27171495854193
8.4 1.6 Fixed 60 60 81 285 19.404983722602093 79.45555902603589
8.4 1.8 Fixed 60 60 67 282 19.666497202210984 77.28530775902057
8.4 2.0 Fixed 60 60 79 285 18.828647687794874 61.42074786557902
8.4 2.2 Fixed 60 60 67 285 14.445204508546032 56.589867808472846
8.4 2.4 Fixed 60 60 80 251 17.22404421667403 31.366940464440397
8.4 2.6 Fixed 60 60 84 218 15.841262306222973 25.609335422095732
8.4 2.8 Fixed 60 60 75 235 18.017061204039855 30.365110370033523
8.4 3.0 Fixed 60 60 84 200 15.932120328514108 25.55249439611976
8.4 3.2 Fixed 60 60 84 185 19.63547667973366 26.93127373595405
8.4 3.4 Fixed 60 60 66 187 20.44454573051938 28.342066025935353
8.4 3.6 Fixed 60 60 71 171 16.028588557282728 21.487175067007698
8.4 3.8 Fixed 60 60 70 129 19.359662729121453 20.677673655853187
8.4 4.0 Fixed 60 60 66 140 24.63805901848722 19.23471432529372
8.4 4.2 Fixed 60 60 77 162 15.357329507504623 20.609816736591423
8.4 4.4 Fixed 60 60 84 122 21.04027561638008 20.307786433418514
8.4 4.6 Fixed 60 60 61 133 17.53954464737761 23.335525775791268
8.4 4.8 Fixed 60 60 68 137 18.88552280999278 24.94248012211136
8.4 5.0 Fixed 60 60 74 117 18.799600418957006 26.48944304588166
8.4 5.2 Fixed 60 60 78 114 17.94995811896358 24.28850580143976
8.4 5.4 Fixed 60 60 76 114 12.269454991916662 27.955564987316023
8.4 5.6 Fixed 60 60 78 103 19.02817132454555 22.931556554923834
8.4 5.8 Fixed 60 60 70 84 13.711746149170592 21.37993595244373
8.4 6.0 Fixed 60 60 81 112 20.86862124727803 19.16484701939101
8.4 6.2 Fixed 60 60 85 103 21.649144465438066 23.552890789397566
8.4 6.4 Fixed 60 60 73 99 12.448703898844894 20.699535688785023
8.4 6.6 Fixed 60 60 68 104 18.134192971318924 17.325322994248616
8.4 6.8 Fixed 60 60 79 105 18.41739982002681 22.51802657316869
8.4 7.0 Fixed 60 60 67 65 19.612541804677416 23.535516202960256
8.4 7.2 Fixed 60 60 72 83 19.729727456855283 20.348481452696845
8.4 7.4 Fixed 60 60 68 91 17.94507217149241 22.706851939474532
8.4 7.6 Fixed 60 60 73 93 21.161096059990225 21.633081441856095
8.4 7.8 Fixed 60 60 72 70 20.13952510963613 21.264514973788703
8.4 8.0 Fixed 60 60 70 79 19.814963563221028 21.54722307142473
8.4 8.2 Fixed 60 60 77 54 19.01115195026161 18.00900281879458
8.4 8.4 Fixed 60 60 70 59 22.077142665513747 16.07498248084421
8.4 8.6 Fixed 60 60 76 74 17.00214024474767 25.385257448105826
8.4 8.8 Fixed 60 60 63 93 16.705552025084167 19.437272063248944
8.4 9.0 Fixed 60 60 87 74 16.445983373234043 24.977819305606772
8.4 9.2 Fixed 60 60 82 62 22.873842936698022 23.231418860390217
8.4 9.4 Fixed 60 60 79 76 22.114924045557622 23.060143221249053
8.4 9.6 Fixed 60 60 68 61 13.901935421503236 19.883317548209142
8.4 9.8 Fixed 60 60 70 67 24.11433807909429 21.0117659790189
8.4 10.0 Fixed 60 60 69 70 16.524465277051366 27.378119120709112
8.6 0.2 Fixed 60 60 78 285 22.891262919143085 300.9782574153477
8.6 0.4 Fixed 60 60 69 285 16.558420717297498 271.40107924298206
8.6 0.6 Fixed 60 60 76 285 16.532381362939283 234.17494306924
8.6 0.8 Fixed 60 60 87 285 15.271130332380976 231.7280419334665
8.6 1.0 Fixed 60 60 75 285 19.235883067862037 187.2121528347263
8.6 1.2 Fixed 60 60 79 285 17.32035647829382 145.42994301574524
8.6 1.4 Fixed 60 60 76 285 18.69369402612113 147.630116008133
8.6 1.6 Fixed 60 60 72 285 21.263228516816532 96.49842555085813
8.6 1.8 Fixed 60 60 65 285 18.029441160816194 70.8914378405133
8.6 2.0 Fixed 60 60 75 278 19.317761655415037 47.73557422583102
8.6 2.2 Fixed 60 60 82 269 17.38360034051243 35.04004556546108
8.6 2.4 Fixed 60 60 62 249 10.948538396482242 29.745366932856445
8.6 2.6 Fixed 60 60 63 248 18.201607587934156 33.20028538726112
8.6 2.8 Fixed 60 60 81 194 18.517747510412722 24.598807667199594
8.6 3.0 Fixed 60 60 71 216 20.613432364740483 28.241470543847058
8.6 3.2 Fixed 60 60 73 205 15.751739308925576 30.147718047585478
8.6 3.4 Fixed 60 60 69 180 18.60742512823174 25.166752975016006
8.6 3.6 Fixed 60 60 67 182 21.755090823731788 21.968435760459506
8.6 3.8 Fixed 60 60 64 128 17.06829644352316 22.615096823082055
8.6 4.0 Fixed 60 60 84 164 19.051186001152946 22.31607114700592
8.6 4.2 Fixed 60 60 73 155 24.850303289145046 22.12372932786695
8.6 4.4 Fixed 60 60 82 127 22.497717742112936 18.854104057267005
8.6 4.6 Fixed 60 60 82 130 15.983680792655205 22.334281711131133
8.6 4.8 Fixed 60 60 76 120 16.393483672639785 22.8972495640395
8.6 5.0 Fixed 60 60 74 131 14.177198099660574 23.24626541409453
8.6 5.2 Fixed 60 60 53 120 15.098221441102822 19.906313101428616
8.6 5.4 Fixed 60 60 73 114 21.240456436909195 21.177070021003143
8.6 5.6 Fixed 60 60 80 96 20.737761050320067 19.899162214308372
8.6 5.8 Fixed 60 60 83 94 16.371154892566633 21.0034403836773
8.6 6.0 Fixed 60 60 76 115 20.66764484259746 21.166583179915182
8.6 6.2 Fixed 60 60 69 84 25.873439334795457 22.00080349450998
8.6 6.4 Fixed 60 60 84 85 18.450995698236664 24.60310785128179
8.6 6.6 Fixed 60 60 74 107 19.09503840106771 22.182901028834646
8.6 6.8 Fixed 60 60 87 81 21.08420093357162 23.222074210462768
8.6 7.0 Fixed 60 60 75 87 17.323656193340188 21.40815172166176
8.6 7.2 Fixed 60 60 64 71 17.046589386020432 21.02580714059095
8.6 7.4 Fixed 60 60 72 82 14.174713281399352 22.366997647221723
8.6 7.6 Fixed 60 60 81 82 17.423677489788165 19.591321030066606
8.6 7.8 Fixed 60 60 78 88 18.989919964430847 15.650908251616128
8.6 8.0 Fixed 60 60 74 74 19.98549539149225 20.0182933917801
8.6 8.2 Fixed 60 60 78 69 17.407708661715915 19.009185820341735
8.6 8.4 Fixed 60 60 75 73 15.90316258461854 20.032987014210093
8.6 8.6 Fixed 60 60 65 70 15.410378815296603 16.88134236226081
8.6 8.8 Fixed 60 60 77 71 15.717711370059622 19.958839393249356
8.6 9.0 Fixed 60 60 71 61 21.907569616273904 22.300919284080187
8.6 9.2 Fixed 60 60 90 66 14.511541604732901 20.472222231824645
8.6 9.4 Fixed 60 60 98 72 19.557635005158012 20.53838704435022
8.6 9.6 Fixed 60 60 91 71 20.78172804053663 24.369817403234247
8.6 9.8 Fixed 60 60 92 66 18.92813725297746 16.350746732458497
8.6 10.0 Fixed 60 60 72 59 13.518561899849793 22.80688547182244
8.8 0.2 Fixed 60 60 55 285 18.700036879845808 300.50414721978564
8.8 0.4 Fixed 60 60 66 285 22.354744523907012 270.70088899027644
8.8 0.6 Fixed 60 60 65 285 15.69812887602938 241.24186406703927
8.8 0.8 Fixed 60 60 84 285 16.67592249043817 207.70092882174657
8.8 1.0 Fixed 60 60 63 285 16.065564266573897 192.4288875960545
8.8 1.2 Fixed 60 60 70 285 18.72018369234803 158.64003225513846
8.8 1.4 Fixed 60 60 63 285 14.107055759661689 132.51452419272132
8.8 1.6 Fixed 60 60 61 285 16.383915267128422 82.34719271531843
8.8 1.8 Fixed 60 60 70 285 15.215990136290575 109.14171930525022
8.8 2.0 Fixed 60 60 67 285 18.033805310579332 86.52256391780435
8.8 2.2 Fixed 60 60 92 265 25.25183881467343 32.75292037177016
8.8 2.4 Fixed 60 60 75 220 22.207702542673523 27.361079404890454
8.8 2.6 Fixed 60 60 76 220 23.865694784650422 25.077611006567714
8.8 2.8 Fixed 60 60 87 218 19.740457456002513 30.543295849086228
8.8 3.0 Fixed 60 60 62 226 19.64340364553178 32.1126784685887
8.8 3.2 Fixed 60 60 85 179 22.068385036938356 29.196132092722763
8.8 3.4 Fixed 60 60 80 184 13.612178383882826 24.258312971386875
8.8 3.6 Fixed 60 60 81 159 17.63184708815116 25.34199492694351
8.8 3.8 Fixed 60 60 77 160 17.8226502678508 24.454785369034862
8.8 4.0 Fixed 60 60 66 141 20.79810507615989 18.493370337415676
8.8 4.2 Fixed 60 60 66 163 20.657236096583773 25.703542551569107
8.8 4.4 Fixed 60 60 60 122 12.71669775902296 19.290132285472076
8.8 4.6 Fixed 60 60 76 133 19.388462919597476 27.002680943174493
8.8 4.8 Fixed 60 60 81 109 17.01386130133985 22.864208038046392
8.8 5.0 Fixed 60 60 64 114 18.749402055769277 21.252750238688797
8.8 5.2 Fixed 60 60 73 107 18.792475277325593 24.06638902838557
8.8 5.4 Fixed 60 60 64 118 16.9794245191233 21.007831807819805
8.8 5.6 Fixed 60 60 91 121 23.66474044686513 20.223228767292518
8.8 5.8 Fixed 60 60 74 127 20.288287547017426 21.780336276608978
8.8 6.0 Fixed 60 60 77 93 19.219500809339195 21.254133547804717
8.8 6.2 Fixed 60 60 73 103 19.990160043108155 19.816324876675083
8.8 6.4 Fixed 60 60 70 91 18.52910442839017 23.6562240312504
8.8 6.6 Fixed 60 60 75 94 22.675891765921097 22.036064381093546
8.8 6.8 Fixed 60 60 52 73 17.132859704591528 19.155287963388385
8.8 7.0 Fixed 60 60 86 79 20.10250461675577 19.261726877966055
8.8 7.2 Fixed 60 60 77 74 21.675249426125784 19.63946892603341
8.8 7.4 Fixed 60 60 76 106 17.662419106773314 21.78376947366599
8.8 7.6 Fixed 60 60 83 86 16.59134085061107 14.411932337260055
8.8 7.8 Fixed 60 60 67 86 17.775514847408243 24.273683836080117
8.8 8.0 Fixed 60 60 78 67 18.379314868075152 19.101130190397495
8.8 8.2 Fixed 60 60 82 74 17.737902581835353 23.323204819759887
8.8 8.4 Fixed 60 60 67 71 14.419165921450281 21.207363721107754
8.8 8.6 Fixed 60 60 72 81 16.074942835504036 20.47620474171844
8.8 8.8 Fixed 60 60 78 78 20.845262175975 20.789556439796296
8.8 9.0 Fixed 60 60 86 61 18.23242578857311 19.196553541954138
8.8 9.2 Fixed 60 60 76 57 19.964431382197787 19.27083897342514
8.8 9.4 Fixed 60 60 64 53 18.807177218023675 20.083103823040773
8.8 9.6 Fixed 60 60 69 60 21.74369986008728 17.26853227491343
8.8 9.8 Fixed 60 60 57 74 14.50654933160914 18.28438160673867
8.8 10.0 Fixed 60 60 73 70 25.41369797083275 15.635984529251793
9.0 0.2 Fixed 60 60 69 285 19.51357486804352 305.2135545670889
9.0 0.4 Fixed 60 60 76 285 22.86560905407885 270.5533811213679
9.0 0.6 Fixed 60 60 74 285 20.387810269952617 250.42369636431292
9.0 0.8 Fixed 60 60 72 285 14.313344447662306 217.12761300267124
9.0 1.0 Fixed 60 60 72 285 16.2425307660542 197.0167982709655
9.0 1.2 Fixed 60 60 68 285 19.69406662571745 164.55713006618714
9.0 1.4 Fixed 60 60 68 285 17.380239952862723 116.33146838975229
9.0 1.6 Fixed 60 60 62 285 19.128591584924614 145.57217680911964
9.0 1.8 Fixed 60 60 81 285 19.12186123767176 74.59838748845435
9.0 2.0 Fixed 60 60 70 276 19.434388957629324 51.6904299262008
9.0 2.2 Fixed 60 60 85 266 16.693886134089837 31.058959620205965
9.0 2.4 Fixed 60 60 68 222 17.501694751809122 30.63827555339703
9.0 2.6 Fixed 60 60 81 208 16.12520568446397 25.38899398458972
9.0 2.8 Fixed 60 60 75 220 19.413024169800156 26.40553234331811
9.0 3.0 Fixed 60 60 80 185 16.27094293494985 27.941241467870423
9.0 3.2 Fixed 60 60 79 184 18.54818522193718 27.618197563469167
9.0 3.4 Fixed 60 60 57 187 18.23610972735925 21.831745545805248
9.0 3.6 Fixed 60 60 63 167 19.47536585948892 21.03130568470332
9.0 3.8 Fixed 60 60 52 135 22.63444605977165 26.531816984383738
9.0 4.0 Fixed 60 60 98 146 20.66541179322607 21.719298764805743
9.0 4.2 Fixed 60 60 67 141 11.964839945299781 18.916411458621667
9.0 4.4 Fixed 60 60 70 138 19.235073017311098 26.10013789108879
9.0 4.6 Fixed 60 60 76 133 16.43356914537091 24.617983108466024
9.0 4.8 Fixed 60 60 70 147 19.574034935816506 24.42483049660432
9.0 5.0 Fixed 60 60 74 115 12.609136410036433 23.799272145112177
9.0 5.2 Fixed 60 60 63 119 16.623771256404268 21.839669443293367
9.0 5.4 Fixed 60 60 73 91 20.464221055149835 18.497905792537033
9.0 5.6 Fixed 60 60 76 102 17.84517598448006 21.699705360205872
9.0 5.8 Fixed 60 60 68 107 18.535342803176498 21.99229514217201
9.0 6.0 Fixed 60 60 82 98 18.113534594625403 21.77861693212112
9.0 6.2 Fixed 60 60 68 101 14.002563407744747 22.82397981099245
9.0 6.4 Fixed 60 60 90 103 15.343878960450981 25.37849253213086
9.0 6.6 Fixed 60 60 68 98 23.69917064734008 18.5522771884155
9.0 6.8 Fixed 60 60 76 83 20.001015678115223 19.828185335995823
9.0 7.0 Fixed 60 60 66 89 13.839327015301379 26.55992470843168
9.0 7.2 Fixed 60 60 82 83 15.460086291883023 22.340585674509324
9.0 7.4 Fixed 60 60 79 76 20.604994911869266 25.729816219680867
9.0 7.6 Fixed 60 60 85 76 19.49422494755387 17.18735382056226
9.0 7.8 Fixed 60 60 63 70 19.213542878962116 23.62419562652937
9.0 8.0 Fixed 60 60 81 76 18.796231801395894 17.53811987725611
9.0 8.2 Fixed 60 60 61 58 19.23374338161377 18.581138500479113
9.0 8.4 Fixed 60 60 83 79 19.464289795682475 18.328651757554827
9.0 8.6 Fixed 60 60 66 85 21.012732817515523 16.887495885390976
9.0 8.8 Fixed 60 60 70 65 19.786169109024094 18.423854650189263
9.0 9.0 Fixed 60 60 60 67 15.971522695446698 26.59519498777623
9.0 9.2 Fixed 60 60 95 61 21.7647900939355 24.366426856867296
9.0 9.4 Fixed 60 60 77 60 16.52590136511895 28.011746306222218
9.0 9.6 Fixed 60 60 69 66 17.06562793602287 21.205455952139236
9.0 9.8 Fixed 60 60 57 67 16.205648328301063 22.083319153689555
9.0 10.0 Fixed 60 60 74 72 19.798025606009915 16.77451936657428
9.2 0.2 Fixed 60 60 76 285 16.16520935527396 301.6285298060077
9.2 0.4 Fixed 60 60 74 285 13.926122410010416 271.8089872063684
9.2 0.6 Fixed 60 60 63 285 15.800183430112684 242.46345035200974
9.2 0.8 Fixed 60 60 66 285 16.311903825413776 210.36673657976883
9.2 1.0 Fixed 60 60 80 285 19.489479801433184 207.22255993272077
9.2 1.2 Fixed 60 60 69 285 15.813952966124184 141.43160828586753
9.2 1.4 Fixed 60 60 69 285 21.123983869044856 163.3957995257082
9.2 1.6 Fixed 60 60 57 285 19.520808736799257 81.62898704727102
9.2 1.8 Fixed 60 60 56 285 12.747493209571061 96.67715722369262
9.2 2.0 Fixed 60 60 58 285 23.700056638397147 55.028791901803494
9.2 2.2 Fixed 60 60 72 244 21.210640404699777 35.18270931599045
9.2 2.4 Fixed 60 60 76 254 15.42029696994362 34.31301782952325
9.2 2.6 Fixed 60 60 62 237 25.179753355223163 26.897340784931252
9.2 2.8 Fixed 60 60 60 211 12.500911114063207 26.28707927107896
9.2 3.0 Fixed 60 60 78 232 15.21980742458573 27.46873273435208
9.2 3.2 Fixed 60 60 69 196 15.536592643726292 27.29085503963794
9.2 3.4 Fixed 60 60 83 190 23.007851066570353 23.50592340894349
9.2 3.6 Fixed 60 60 70 153 16.14864093468808 29.0348126228603
9.2 3.8 Fixed 60 60 73 164 17.18297103754788 21.180670126382836
9.2 4.0 Fixed 60 60 53 152 17.067925822133144 26.261919414869915
9.2 4.2 Fixed 60 60 74 155 22.355968383641493 23.69572954074772
9.2 4.4 Fixed 60 60 70 140 16.46211001393983 22.004627842057232
9.2 4.6 Fixed 60 60 74 119 17.614909907118122 20.409644335785384
9.2 4.8 Fixed 60 60 65 125 16.27401627425179 25.587627650552683
9.2 5.0 Fixed 60 60 69 115 15.891055941545455 22.45363693747462
9.2 5.2 Fixed 60 60 58 115 23.388173912257603 22.86006092893066
9.2 5.4 Fixed 60 60 77 106 18.6222836899437 22.488107311573806
9.2 5.6 Fixed 60 60 75 114 21.81115690455402 23.549129551670337
9.2 5.8 Fixed 60 60 58 113 20.49272323916164 24.300753109060143
9.2 6.0 Fixed 60 60 62 99 19.998746358794648 20.756364946552832
9.2 6.2 Fixed 60 60 71 107 17.609813635703965 22.766246267103963
9.2 6.4 Fixed 60 60 66 79 16.219447589536376 19.059631384615287
9.2 6.6 Fixed 60 60 81 78 17.342292441926073 20.75223460659568
9.2 6.8 Fixed 60 60 63 97 18.760032336514072 22.010664670284164
9.2 7.0 Fixed 60 60 64 91 23.770667035076364 21.801553256254838
9.2 7.2 Fixed 60 60 77 68 17.01721093337141 17.297356910370922
9.2 7.4 Fixed 60 60 68 89 13.520246482845206 23.86172374813426
9.2 7.6 Fixed 60 60 68 81 19.937191126147166 19.392722572756078
9.2 7.8 Fixed 60 60 62 72 18.78132831697427 20.58173499587959
9.2 8.0 Fixed 60 60 60 64 17.580671134091023 23.948556950589566
9.2 8.2 Fixed 60 60 63 65 17.468253563882122 20.80857976441643
9.2 8.4 Fixed 60 60 65 71 20.382860572639256 18.504209208745984
9.2 8.6 Fixed 60 60 58 70 15.596506779102603 19.719600522862116
9.2 8.8 Fixed 60 60 55 76 22.521084274095596 14.627192619927643
9.2 9.0 Fixed 60 60 64 66 18.098002440469294 17.98707355636613
9.2 9.2 Fixed 60 60 65 72 23.727010048832017 20.246951482107956
9.2 9.4 Fixed 60 60 78 60 18.37031450319689 21.68805500004139
9.2 9.6 Fixed 60 60 63 61 19.4893432773822 21.067870420960823
9.2 9.8 Fixed 60 60 71 62 16.26504558728667 15.71735675916222
9.2 10.0 Fixed 60 60 66 61 16.086441271986764 15.116067165055876
9.4 0.2 Fixed 60 60 64 285 20.06328934430326 305.52035353500634
9.4 0.4 Fixed 60 60 69 285 14.382952024007716 277.53801857051366
9.4 0.6 Fixed 60 60 64 285 16.41584402155327 248.56594700063712
9.4 0.8 Fixed 60 60 74 285 15.720948622692246 205.48715115328346
9.4 1.0 Fixed 60 60 69 285 22.948702149666495 190.77807155924293
9.4 1.2 Fixed 60 60 77 285 20.490675844096575 156.6806914574112
9.4 1.4 Fixed 60 60 83 285 18.27077470843285 137.3902666682401
9.4 1.6 Fixed 60 60 66 285 15.49345349480174 93.63587103457402
9.4 1.8 Fixed 60 60 71 282 18.910989853450978 54.42427645853406
9.4 2.0 Fixed 60 60 67 276 16.45070169503575 56.20920887976169
9.4 2.2 Fixed 60 60 71 279 18.682966893174818 42.90850290141478
9.4 2.4 Fixed 60 60 75 234 17.727474593714557 29.609498366237112
9.4 2.6 Fixed 60 60 84 245 17.121993537245377 30.756356459394688
9.4 2.8 Fixed 60 60 70 241 20.69865727498765 30.069412217498638
9.4 3.0 Fixed 60 60 60 189 14.083094084498066 28.042570074106415
9.4 3.2 Fixed 60 60 67 156 21.852776251846446 26.9210818921344
9.4 3.4 Fixed 60 60 81 191 18.42143123190791 23.300417652496815
9.4 3.6 Fixed 60 60 73 185 17.84147576314561 28.45340195953966
9.4 3.8 Fixed 60 60 85 160 19.289047144454567 26.910756494417722
9.4 4.0 Fixed 60 60 72 161 20.375855809541193 23.32162180863782
9.4 4.2 Fixed 60 60 78 144 20.49733471688594 23.36126379698207
9.4 4.4 Fixed 60 60 76 140 20.187061557158938 23.833912867928838
9.4 4.6 Fixed 60 60 62 142 25.986287889728505 23.82685351343933
9.4 4.8 Fixed 60 60 71 132 17.982296890421132 21.209575265851225
9.4 5.0 Fixed 60 60 63 110 16.256086063718943 20.441261580207588
9.4 5.2 Fixed 60 60 71 114 14.936832106053847 22.32928697942629
9.4 5.4 Fixed 60 60 76 86 15.04457377814651 19.545416492856244
9.4 5.6 Fixed 60 60 78 96 16.931333862534373 24.961780567660714
9.4 5.8 Fixed 60 60 67 125 17.32513549347586 22.26561225989137
9.4 6.0 Fixed 60 60 64 121 20.647426219254122 20.964281334121978
9.4 6.2 Fixed 60 60 79 95 21.63973457911882 17.501466816865815
9.4 6.4 Fixed 60 60 93 100 18.935171694255285 20.46134891209264
9.4 6.6 Fixed 60 60 55 95 18.96158068829977 22.748418966092313
9.4 6.8 Fixed 60 60 58 86 16.942675142305294 21.046639263242458
9.4 7.0 Fixed 60 60 78 83 24.20853475050646 24.555673326145605
9.4 7.2 Fixed 60 60 66 97 15.188633606893788 19.28613172791069
9.4 7.4 Fixed 60 60 61 95 20.702465562688474 19.568217452170426
9.4 7.6 Fixed 60 60 69 78 17.72393759150106 19.6768153673896
9.4 7.8 Fixed 60 60 72 74 21.1734121872033 21.86039434427583
9.4 8.0 Fixed 60 60 65 79 14.594561047927822 18.388778032349933
9.4 8.2 Fixed 60 60 78 69 19.05643177849871 23.386541495521097
9.4 8.4 Fixed 60 60 71 64 15.293540633022506 20.123643424772204
9.4 8.6 Fixed 60 60 80 79 17.255919328174436 21.264513286057017
9.4 8.8 Fixed 60 60 72 75 17.85067781434121 17.198277814719173
9.4 9.0 Fixed 60 60 71 67 17.296627425635133 21.51978695426997
9.4 9.2 Fixed 60 60 59 76 18.376591082355713 20.021097125712675
9.4 9.4 Fixed 60 60 56 54 16.282566906039953 16.910684709645814
9.4 9.6 Fixed 60 60 69 62 16.38346117668044 18.661429977959187
9.4 9.8 Fixed 60 60 70 67 19.635240138502475 17.829492479489375
9.4 10.0 Fixed 60 60 65 68 16.879276854600555 27.009429494141198
9.6 0.2 Fixed 60 60 67 285 13.689707308245394 299.03293838734885
9.6 0.4 Fixed 60 60 51 285 14.640188772872367 274.55595387891293
9.6 0.6 Fixed 60 60 74 285 20.840485444222562 245.98350741023953
9.6 0.8 Fixed 60 60 73 285 21.971811364041347 219.04073878674674
9.6 1.0 Fixed 60 60 72 285 18.870953121140303 173.66691699718604
9.6 1.2 Fixed 60 60 63 285 16.311512155921584 139.5827605416794
9.6 1.4 Fixed 60 60 74 285 14.579800095912248 118.10733659910964
9.6 1.6 Fixed 60 60 69 285 16.326631917697433 104.3703106426241
9.6 1.8 Fixed 60 60 63 285 12.549604313178211 102.18234296791837
9.6 2.0 Fixed 60 60 55 275 18.19549054227943 40.476383883756725
9.6 2.2 Fixed 60 60 89 264 16.600225985964066 33.522392437360416
9.6 2.4 Fixed 60 60 66 240 16.31950679249595 31.799885552490903
9.6 2.6 Fixed 60 60 83 232 18.22575668324363 26.28231847362007
9.6 2.8 Fixed 60 60 70 213 17.6432875922222 30.262575553371132
9.6 3.0 Fixed 60 60 71 195 23.53634626859824 27.362895550313727
9.6 3.2 Fixed 60 60 57 190 21.42854453144127 26.605711780017252
9.6 3.4 Fixed 60 60 65 164 18.443669839771825 26.045271223108884
9.6 3.6 Fixed 60 60 75 177 19.62714981168876 26.4380439979695
9.6 3.8 Fixed 60 60 63 154 16.289195693622066 26.351635506498436
9.6 4.0 Fixed 60 60 56 166 20.62316426851185 26.59152441269484
9.6 4.2 Fixed 60 60 72 154 17.014035655911105 22.291049000954924
9.6 4.4 Fixed 60 60 58 122 18.621934292407158 20.435569203490918
9.6 4.6 Fixed 60 60 65 140 22.021270148634834 17.605536589624
9.6 4.8 Fixed 60 60 67 113 11.451731017464903 20.203327519103578
9.6 5.0 Fixed 60 60 62 110 17.694916303734182 20.011660069900078
9.6 5.2 Fixed 60 60 68 130 16.38975776205096 21.42634978912523
9.6 5.4 Fixed 60 60 68 98 18.874330814761734 24.110528298319547
9.6 5.6 Fixed 60 60 93 122 20.58579116724826 22.88698776301044
9.6 5.8 Fixed 60 60 66 101 21.298542830898345 25.00155012739958
9.6 6.0 Fixed 60 60 70 107 15.714275982625763 18.819603138142178
9.6 6.2 Fixed 60 60 63 87 15.030546023836795 24.49679332372308
9.6 6.4 Fixed 60 60 79 100 23.27723963197158 24.25794259190634
9.6 6.6 Fixed 60 60 78 95 16.850612051879295 21.430360307833986
9.6 6.8 Fixed 60 60 73 95 19.229451047921216 22.152222331350263
9.6 7.0 Fixed 60 60 61 80 14.614068427968547 17.943070435560465
9.6 7.2 Fixed 60 60 78 90 23.41117688140349 22.709412541209947
9.6 7.4 Fixed 60 60 67 78 18.902917650931055 18.874183736232517
9.6 7.6 Fixed 60 60 65 90 14.57149356115888 19.12197233988169
9.6 7.8 Fixed 60 60 70 79 18.006413608669156 19.716398333391535
9.6 8.0 Fixed 60 60 47 77 19.647495050047823 22.45191919943432
9.6 8.2 Fixed 60 60 65 62 12.65008588246663 14.003966903114318
9.6 8.4 Fixed 60 60 71 85 21.731622731017804 25.265786003703248
9.6 8.6 Fixed 60 60 66 69 17.632752416911416 17.015419900691462
9.6 8.8 Fixed 60 60 67 56 11.490048036755207 23.82825432022478
9.6 9.0 Fixed 60 60 73 56 22.087906131540358 21.16030420885585
9.6 9.2 Fixed 60 60 71 70 16.08592867142718 16.1420712759565
9.6 9.4 Fixed 60 60 65 48 14.101780207539198 17.730433830487225
9.6 9.6 Fixed 60 60 71 42 18.542354005391868 16.897306087962384
9.6 9.8 Fixed 60 60 77 74 17.92362308058788 25.677875609825726
9.6 10.0 Fixed 60 60 63 67 17.96459495777021 22.697086275957883
9.8 0.2 Fixed 60 60 70 285 18.476442966610968 306.1532970576745
9.8 0.4 Fixed 60 60 58 285 19.587907889701434 276.7617315528362
9.8 0.6 Fixed 60 60 61 285 13.019231572570341 251.5766752658641
9.8 0.8 Fixed 60 60 69 285 14.508570246177165 215.01878117644628
9.8 1.0 Fixed 60 60 86 285 15.753800088940592 187.47111998439905
9.8 1.2 Fixed 60 60 62 285 16.28764016437269 154.59710683027126
9.8 1.4 Fixed 60 60 63 285 17.780512344137936 137.7224618769063
9.8 1.6 Fixed 60 60 60 285 21.24372605380198 98.38471660531239
9.8 1.8 Fixed 60 60 64 285 19.552856496887117 106.45969527440833
9.8 2.0 Fixed 60 60 65 285 18.345616783651096 74.9445112595045
9.8 2.2 Fixed 60 60 49 258 18.7298937674319 34.83700030800105
9.8 2.4 Fixed 60 60 70 238 11.35314958442953 26.52027357641364
9.8 2.6 Fixed 60 60 77 217 19.332014849105587 28.04103184892031
9.8 2.8 Fixed 60 60 74 228 15.091020332532244 27.754124228157323
9.8 3.0 Fixed 60 60 64 200 16.6229156178716 26.58403092187581
9.8 3.2 Fixed 60 60 73 178 18.027136923592796 21.978373513814926
9.8 3.4 Fixed 60 60 65 189 20.71112049830997 26.306780961715575
9.8 3.6 Fixed 60 60 72 176 16.092432641755426 19.355655731884266
9.8 3.8 Fixed 60 60 70 155 16.20107425068807 24.318724742669694
9.8 4.0 Fixed 60 60 70 132 14.339765431272342 22.52505354454509
9.8 4.2 Fixed 60 60 55 127 20.79605950022092 21.364530555417556
9.8 4.4 Fixed 60 60 56 137 17.66421864576925 24.583948586589596
9.8 4.6 Fixed 60 60 69 129 19.33028316891028 22.59301126581023
9.8 4.8 Fixed 60 60 66 122 16.20804027237841 20.375053317677065
9.8 5.0 Fixed 60 60 53 124 18.434673224494116 18.609610390346205
9.8 5.2 Fixed 60 60 57 99 16.714590848699917 21.076351255946612
9.8 5.4 Fixed 60 60 58 93 18.46516404326564 19.282148778840185
9.8 5.6 Fixed 60 60 69 104 18.25521023184708 23.04769822188344
9.8 5.8 Fixed 60 60 64 102 18.80300040645876 17.620130847902093
9.8 6.0 Fixed 60 60 63 91 15.226251718756732 21.221743545495308
9.8 6.2 Fixed 60 60 64 102 13.703234234892303 21.85789882156683
9.8 6.4 Fixed 60 60 55 93 16.861297686425186 24.022856942301406
9.8 6.6 Fixed 60 60 67 93 17.49330259071349 23.201481263612443
9.8 6.8 Fixed 60 60 63 90 23.47989360010754 21.326251637645132
9.8 7.0 Fixed 60 60 69 85 18.15496056127471 24.15666234772608
9.8 7.2 Fixed 60 60 69 102 18.391668979291104 16.213649693185182
9.8 7.4 Fixed 60 60 62 87 17.774441183800683 17.690671877424318
9.8 7.6 Fixed 60 60 74 95 14.038806616938805 22.30184087329866
9.8 7.8 Fixed 60 60 66 84 18.82938634165383 18.702464313683617
9.8 8.0 Fixed 60 60 70 81 17.5477916112873 17.00417161534926
9.8 8.2 Fixed 60 60 64 66 19.51586297905579 23.960176825757102
9.8 8.4 Fixed 60 60 68 74 16.056207273558357 24.499726392483957
9.8 8.6 Fixed 60 60 58 61 16.67522883979204 23.20102601018788
9.8 8.8 Fixed 60 60 81 86 19.1127080068224 21.356923739206252
9.8 9.0 Fixed 60 60 76 68 19.35518645313502 18.85377318623486
9.8 9.2 Fixed 60 60 56 63 18.829444501858326 18.124936103413958
9.8 9.4 Fixed 60 60 63 72 17.06914596138643 16.505277251654178
9.8 9.6 Fixed 60 60 73 55 20.5480865389605 17.513823403708333
9.8 9.8 Fixed 60 60 72 74 21.57334356781501 18.59366055287397
9.8 10.0 Fixed 60 60 73 53 18.62442561379083 15.597064384046897
10.0 0.2 Fixed 60 60 61 285 16.191758521982905 302.7917190789686
10.0 0.4 Fixed 60 60 55 285 14.473841869323309 275.0435138671133
10.0 0.6 Fixed 60 60 65 285 15.956276634926116 245.2548986696504
10.0 0.8 Fixed 60 60 64 285 16.034279989950523 210.67636248324635
10.0 1.0 Fixed 60 60 73 285 21.832485147479748 188.49100947273965
10.0 1.2 Fixed 60 60 57 285 24.195286567617785 172.37433677709691
10.0 1.4 Fixed 60 60 70 285 23.41187490510363 118.62366474132476
10.0 1.6 Fixed 60 60 65 285 18.746330440910747 87.28141998549627
10.0 1.8 Fixed 60 60 63 285 18.476836963153954 106.81058170769285
10.0 2.0 Fixed 60 60 64 262 17.026972005931675 33.414007974992586
10.0 2.2 Fixed 60 60 76 283 18.65650805948672 37.77697267130838
10.0 2.4 Fixed 60 60 71 253 19.336014940606592 30.827869206400436
10.0 2.6 Fixed 60 60 73 232 17.89502638669621 31.528545664308407
10.0 2.8 Fixed 60 60 76 214 19.207612195803623 31.864085396609667
10.0 3.0 Fixed 60 60 68 207 21.57263918212372 27.620966966748323
10.0 3.2 Fixed 60 60 65 178 17.870750905895846 25.8924813854223
10.0 3.4 Fixed 60 60 61 149 16.948184447164405 23.300264017948155
10.0 3.6 Fixed 60 60 72 176 19.235905382736107 24.12280577765983
10.0 3.8 Fixed 60 60 66 137 16.461488443852133 23.487648556467658
10.0 4.0 Fixed 60 60 66 158 17.563692812544463 22.87679483340015
10.0 4.2 Fixed 60 60 69 134 20.786315798869765 20.93591902091175
10.0 4.4 Fixed 60 60 75 143 17.451082476191313 25.18902447698705
10.0 4.6 Fixed 60 60 72 140 15.662716765217912 27.27205382783709
10.0 4.8 Fixed 60 60 70 110 14.521918958695748 17.51320541197269
10.0 5.0 Fixed 60 60 68 119 19.508350814715065 23.703772581629075
10.0 5.2 Fixed 60 60 81 115 25.1129562599363 21.177250767971284
10.0 5.4 Fixed 60 60 64 126 21.086983902612225 22.830562724820698
10.0 5.6 Fixed 60 60 69 102 14.34758406059393 23.049221997144333
10.0 5.8 Fixed 60 60 71 108 19.679611086105915 24.691922235781703
10.0 6.0 Fixed 60 60 72 106 20.72377335661943 20.473051420810517
10.0 6.2 Fixed 60 60 59 79 22.923268388790635 20.815087457657867
10.0 6.4 Fixed 60 60 80 93 20.57629314568388 22.00888531341249
10.0 6.6 Fixed 60 60 63 101 21.830161183375807 19.13850958680333
10.0 6.8 Fixed 60 60 61 91 20.52368840597597 22.82650105378407
10.0 7.0 Fixed 60 60 58 83 14.734935879350886 25.01697033318531
10.0 7.2 Fixed 60 60 57 97 18.53798711364731 23.098396836072904
10.0 7.4 Fixed 60 60 55 79 12.926321387357488 22.452535436119387
10.0 7.6 Fixed 60 60 87 75 16.06186269602124 17.35839520669149
10.0 7.8 Fixed 60 60 57 76 24.22231983494354 19.77909991474554
10.0 8.0 Fixed 60 60 69 88 19.05488381140672 19.72233778996953
10.0 8.2 Fixed 60 60 54 82 16.804374045692086 23.852503492875
10.0 8.4 Fixed 60 60 51 65 15.27168627775606 20.019022182181654
10.0 8.6 Fixed 60 60 60 59 15.464034208275883 25.76719846059171
10.0 8.8 Fixed 60 60 62 70 23.64336731615412 22.158002538934184
10.0 9.0 Fixed 60 60 60 61 11.636775211874992 20.983438406552075
10.0 9.2 Fixed 60 60 58 55 14.150587398646353 16.465313110476718
10.0 9.4 Fixed 60 60 72 68 13.89452542286899 16.817364289409216
10.0 9.6 Fixed 60 60 46 57 18.220821567740803 17.822889575667695
10.0 9.8 Fixed 60 60 62 70 15.445582082556657 19.819916667583435
10.0 10.0 Fixed 60 60 76 59 14.857215221714128 22.60396466977821
