0.2 0.2 Vehicle 160.56689453125 157.69204711914062 317 310 211.09243774414062 368.4258117675781
0.2 0.4 Vehicle 160.56689453125 157.69204711914062 317 310 206.01222229003906 338.7676696777344
0.2 0.6 Vehicle 160.56689453125 157.69204711914062 317 310 208.61727905273438 309.91424560546875
0.2 0.8 Vehicle 151.22531127929688 158.48529052734375 316 312 223.10047912597656 260.75970458984375
0.2 1.0 Vehicle 131.37596130371094 162.13717651367188 308 320 245.37396240234375 211.5525665283203
0.2 1.2 Vehicle 131.37596130371094 162.13717651367188 308 320 247.8319854736328 147.13906860351562
0.2 1.4 Vehicle 153.68055725097656 65.02835083007812 453 172 253.10101318359375 234.33453369140625
0.2 1.6 Vehicle 153.68055725097656 65.02835083007812 453 172 250.61912536621094 261.47265625
0.2 1.8 Vehicle 156.5527801513672 24.118389129638672 557 66 259.2005615234375 283.7151184082031
0.2 2.0 Vehicle 151.39572143554688 23.612834930419922 559 63 261.4072570800781 276.03387451171875
0.2 2.2 Vehicle 151.39572143554688 23.612834930419922 559 63 262.4859924316406 263.5748596191406
0.2 2.4 Vehicle 155.44664001464844 20.489137649536133 569 54 259.0852355957031 272.1647033691406
0.2 2.6 Vehicle 155.44664001464844 20.489137649536133 569 54 261.8582763671875 284.8765869140625
0.2 2.8 Vehicle 156.6403350830078 24.844532012939453 555 66 262.0998229980469 250.46022033691406
0.2 3.0 Vehicle 153.94264221191406 20.210250854492188 568 54 260.65576171875 264.9830322265625
0.2 3.2 Vehicle 153.94264221191406 20.210250854492188 568 54 265.4405822753906 273.45745849609375
0.2 3.4 Vehicle 154.46511840820312 23.49962615966797 560 63 262.51141357421875 234.93972778320312
0.2 3.6 Vehicle 154.46511840820312 23.49962615966797 560 63 262.73785400390625 234.5924530029297
0.2 3.8 Vehicle 147.11257934570312 17.8765869140625 578 45 263.5888366699219 223.65469360351562
0.2 4.0 Vehicle 152.7810516357422 21.087446212768555 566 57 262.2876892089844 242.8296661376953
0.2 4.2 Vehicle 152.7810516357422 21.087446212768555 566 57 259.82135009765625 218.03753662109375
0.2 4.4 Vehicle 152.21241760253906 20.763954162597656 569 54 260.0404357910156 236.57232666015625
0.2 4.6 Vehicle 152.21241760253906 20.763954162597656 569 54 259.18463134765625 202.8651580810547
0.2 4.8 Vehicle 151.80519104003906 21.13739585876465 566 57 259.96771240234375 179.57196044921875
0.2 5.0 Vehicle 158.8784942626953 21.612838745117188 564 57 260.51165771484375 255.94921875
0.2 5.2 Vehicle 158.8784942626953 21.612838745117188 564 57 262.2445068359375 175.61041259765625
0.2 5.4 Vehicle 152.5916748046875 22.110340118408203 563 60 266.4375305175781 206.69496154785156
0.2 5.6 Vehicle 152.5916748046875 22.110340118408203 563 60 263.86737060546875 176.4523468017578
0.2 5.8 Vehicle 148.6886749267578 15.700714111328125 582 39 265.486328125 207.851806640625
0.2 6.0 Vehicle 152.42404174804688 19.770156860351562 571 51 259.1396179199219 176.0067596435547
0.2 6.2 Vehicle 152.42404174804688 19.770156860351562 571 51 260.4614562988281 159.5004425048828
0.2 6.4 Vehicle 143.50901794433594 22.7996768951416 562 60 263.5882263183594 159.89051818847656
0.2 6.6 Vehicle 143.50901794433594 22.7996768951416 562 60 259.4214172363281 123.86051940917969
0.2 6.8 Vehicle 150.60116577148438 22.83016586303711 561 60 259.1958312988281 189.5019073486328
0.2 7.0 Vehicle 140.55227661132812 26.7199764251709 550 72 265.106689453125 90.21585083007812
0.2 7.2 Vehicle 140.55227661132812 26.7199764251709 550 72 268.52801513671875 132.01312255859375
0.2 7.4 Vehicle 149.15855407714844 14.020171165466309 588 36 256.2939453125 215.64920043945312
0.2 7.6 Vehicle 149.15855407714844 14.020171165466309 588 36 262.3450927734375 187.94485473632812
0.2 7.8 Vehicle 151.26927185058594 22.828083038330078 562 60 260.9922790527344 133.2348175048828
0.2 8.0 Vehicle 149.1228485107422 19.974674224853516 571 51 259.7838439941406 122.7529525756836
0.2 8.2 Vehicle 149.1228485107422 19.974674224853516 571 49 261.1658630371094 96.75431823730469
0.2 8.4 Vehicle 142.85736083984375 19.481884002685547 560 59 259.429931640625 169.4613494873047
0.2 8.6 Vehicle 142.85736083984375 19.481884002685547 560 59 260.2084655761719 123.84776306152344
0.2 8.8 Vehicle 141.4274139404297 19.931236267089844 556 56 258.380859375 81.72505950927734
0.2 9.0 Vehicle 149.91204833984375 17.706239700317383 576 44 265.85418701171875 94.81627655029297
0.2 9.2 Vehicle 149.91204833984375 17.706239700317383 576 45 263.0653991699219 151.11758422851562
0.2 9.4 Vehicle 149.60992431640625 18.37529182434082 575 47 259.17474365234375 74.9000244140625
0.2 9.6 Vehicle 149.60992431640625 18.37529182434082 575 48 263.3802185058594 127.0735092163086
0.2 9.8 Vehicle 155.97032165527344 23.18780517578125 559 51 262.1991271972656 80.74908447265625
0.2 10.0 Vehicle 158.38320922851562 22.303600311279297 563 44 264.7941589355469 96.5142593383789
0.4 0.2 Vehicle 160.56689453125 157.69204711914062 317 310 188.29554748535156 368.24468994140625
0.4 0.4 Vehicle 160.56689453125 157.69204711914062 317 310 179.6527862548828 337.2418212890625
0.4 0.6 Vehicle 160.56689453125 157.69204711914062 317 310 179.09097290039062 303.88360595703125
0.4 0.8 Vehicle 151.22531127929688 158.48529052734375 316 312 189.82171630859375 250.9855194091797
0.4 1.0 Vehicle 131.37596130371094 162.13717651367188 308 320 214.8159942626953 198.94454956054688
0.4 1.2 Vehicle 131.37596130371094 162.13717651367188 308 320 222.379638671875 170.55429077148438
0.4 1.4 Vehicle 153.68055725097656 65.02835083007812 453 172 210.87681579589844 258.47772216796875
0.4 1.6 Vehicle 153.68055725097656 65.02835083007812 453 172 210.15574645996094 253.0660858154297
0.4 1.8 Vehicle 156.5527801513672 24.118389129638672 557 66 192.85789489746094 294.3817138671875
0.4 2.0 Vehicle 151.39572143554688 23.612834930419922 559 63 212.787109375 267.7547607421875
0.4 2.2 Vehicle 151.39572143554688 23.612834930419922 559 63 206.04502868652344 282.2322998046875
0.4 2.4 Vehicle 155.44664001464844 20.489137649536133 569 54 194.8245086669922 292.1438903808594
0.4 2.6 Vehicle 155.44664001464844 20.489137649536133 569 54 206.4120635986328 294.4002685546875
0.4 2.8 Vehicle 156.6403350830078 24.844532012939453 555 66 195.21710205078125 264.32080078125
0.4 3.0 Vehicle 153.94264221191406 20.210250854492188 568 54 213.44593811035156 251.453125
0.4 3.2 Vehicle 153.94264221191406 20.210250854492188 568 54 210.89390563964844 252.0281219482422
0.4 3.4 Vehicle 154.46511840820312 23.49962615966797 560 63 200.17059326171875 274.00750732421875
0.4 3.6 Vehicle 154.46511840820312 23.49962615966797 560 63 211.86993408203125 204.09353637695312
0.4 3.8 Vehicle 147.11257934570312 17.8765869140625 578 45 213.49566650390625 240.26954650878906
0.4 4.0 Vehicle 152.7810516357422 21.087446212768555 566 57 202.71694946289062 244.39874267578125
0.4 4.2 Vehicle 152.7810516357422 21.087446212768555 566 57 210.03399658203125 234.24359130859375
0.4 4.4 Vehicle 152.21241760253906 20.763954162597656 569 54 206.19737243652344 253.13414001464844
0.4 4.6 Vehicle 152.21241760253906 20.763954162597656 569 54 207.5215606689453 253.01730346679688
0.4 4.8 Vehicle 151.80519104003906 21.13739585876465 566 57 200.3113250732422 202.68496704101562
0.4 5.0 Vehicle 158.8784942626953 21.612838745117188 564 57 205.43637084960938 204.3341827392578
0.4 5.2 Vehicle 158.8784942626953 21.612838745117188 564 57 199.98483276367188 192.782958984375
0.4 5.4 Vehicle 152.5916748046875 22.110340118408203 563 60 209.85055541992188 169.8287811279297
0.4 5.6 Vehicle 152.5916748046875 22.110340118408203 563 60 215.03895568847656 175.0523223876953
0.4 5.8 Vehicle 148.6886749267578 15.700714111328125 582 39 205.42955017089844 188.80870056152344
0.4 6.0 Vehicle 152.42404174804688 19.770156860351562 571 51 207.86798095703125 182.1592559814453
0.4 6.2 Vehicle 152.42404174804688 19.770156860351562 571 51 208.54299926757812 195.330322265625
0.4 6.4 Vehicle 143.50901794433594 22.7996768951416 562 60 208.67153930664062 157.56541442871094
0.4 6.6 Vehicle 143.50901794433594 22.7996768951416 562 60 216.6312713623047 154.1950225830078
0.4 6.8 Vehicle 150.60116577148438 22.83016586303711 561 60 205.72181701660156 154.16734313964844
0.4 7.0 Vehicle 140.55227661132812 26.7199764251709 550 72 211.05076599121094 96.18695831298828
0.4 7.2 Vehicle 140.55227661132812 26.7199764251709 550 72 214.55072021484375 81.9088134765625
0.4 7.4 Vehicle 149.15855407714844 14.020171165466309 588 36 202.64976501464844 175.3136444091797
0.4 7.6 Vehicle 149.15855407714844 14.020171165466309 588 36 197.89999389648438 249.3094024658203
0.4 7.8 Vehicle 151.26927185058594 22.828083038330078 562 60 212.33477783203125 128.35423278808594
0.4 8.0 Vehicle 149.1228485107422 19.974674224853516 571 51 203.97598266601562 148.2557373046875
0.4 8.2 Vehicle 149.1228485107422 19.974674224853516 571 51 217.19154357910156 164.0653076171875
0.4 8.4 Vehicle 142.85736083984375 19.481884002685547 560 59 215.41017150878906 138.5237274169922
0.4 8.6 Vehicle 142.85736083984375 19.481884002685547 560 57 201.27969360351562 92.34998321533203
0.4 8.8 Vehicle 141.4274139404297 19.931236267089844 556 63 193.57737731933594 91.7369155883789
0.4 9.0 Vehicle 149.91204833984375 17.706239700317383 576 45 197.42466735839844 161.13560485839844
0.4 9.2 Vehicle 149.91204833984375 17.706239700317383 576 45 202.82061767578125 124.68228149414062
0.4 9.4 Vehicle 149.60992431640625 18.37529182434082 575 48 210.47698974609375 115.13492584228516
0.4 9.6 Vehicle 149.60992431640625 18.37529182434082 575 42 198.5095672607422 90.6938705444336
0.4 9.8 Vehicle 155.97032165527344 23.18780517578125 559 55 196.95391845703125 72.63040161132812
0.4 10.0 Vehicle 158.38320922851562 22.303600311279297 563 57 211.1955108642578 90.56202697753906
0.6 0.2 Vehicle 160.56689453125 157.69204711914062 317 310 139.27151489257812 369.4037170410156
0.6 0.4 Vehicle 160.56689453125 157.69204711914062 317 310 153.5028076171875 342.92034912109375
0.6 0.6 Vehicle 160.56689453125 157.69204711914062 317 310 151.89955139160156 304.8840637207031
0.6 0.8 Vehicle 151.22531127929688 158.48529052734375 316 312 155.1608428955078 260.3741455078125
0.6 1.0 Vehicle 131.37596130371094 162.13717651367188 308 320 190.6283416748047 203.3378143310547
0.6 1.2 Vehicle 131.37596130371094 162.13717651367188 308 320 183.80145263671875 150.37039184570312
0.6 1.4 Vehicle 153.68055725097656 65.02835083007812 453 172 159.9474639892578 270.2169189453125
0.6 1.6 Vehicle 153.68055725097656 65.02835083007812 453 172 171.6545867919922 259.9844970703125
0.6 1.8 Vehicle 156.5527801513672 24.118389129638672 557 66 143.68170166015625 279.5616149902344
0.6 2.0 Vehicle 151.39572143554688 23.612834930419922 559 63 147.00596618652344 284.6127624511719
0.6 2.2 Vehicle 151.39572143554688 23.612834930419922 559 63 165.7303009033203 252.73239135742188
0.6 2.4 Vehicle 155.44664001464844 20.489137649536133 569 54 155.5111541748047 281.95745849609375
0.6 2.6 Vehicle 155.44664001464844 20.489137649536133 569 54 146.90570068359375 261.2044372558594
0.6 2.8 Vehicle 156.6403350830078 24.844532012939453 555 66 143.22914123535156 231.15960693359375
0.6 3.0 Vehicle 153.94264221191406 20.210250854492188 568 54 160.41238403320312 272.5806884765625
0.6 3.2 Vehicle 153.94264221191406 20.210250854492188 568 54 151.59793090820312 259.3150634765625
0.6 3.4 Vehicle 154.46511840820312 23.49962615966797 560 63 164.6541290283203 198.5017852783203
0.6 3.6 Vehicle 154.46511840820312 23.49962615966797 560 63 158.1776580810547 252.4933624267578
0.6 3.8 Vehicle 147.11257934570312 17.8765869140625 578 45 154.43280029296875 236.3025360107422
0.6 4.0 Vehicle 152.7810516357422 21.087446212768555 566 57 158.47042846679688 200.3870391845703
0.6 4.2 Vehicle 152.7810516357422 21.087446212768555 566 57 156.8151397705078 189.58926391601562
0.6 4.4 Vehicle 152.21241760253906 20.763954162597656 569 54 141.28628540039062 215.8684539794922
0.6 4.6 Vehicle 152.21241760253906 20.763954162597656 569 54 156.5574951171875 229.5721893310547
0.6 4.8 Vehicle 151.80519104003906 21.13739585876465 566 57 154.3638153076172 239.02459716796875
0.6 5.0 Vehicle 158.8784942626953 21.612838745117188 564 57 151.32077026367188 177.79635620117188
0.6 5.2 Vehicle 158.8784942626953 21.612838745117188 564 57 144.12127685546875 166.5032958984375
0.6 5.4 Vehicle 152.5916748046875 22.110340118408203 563 60 164.0450439453125 194.0133514404297
0.6 5.6 Vehicle 152.5916748046875 22.110340118408203 563 60 149.82400512695312 148.57452392578125
0.6 5.8 Vehicle 148.6886749267578 15.700714111328125 582 39 129.26255798339844 205.42105102539062
0.6 6.0 Vehicle 152.42404174804688 19.770156860351562 571 51 152.92294311523438 158.3776092529297
0.6 6.2 Vehicle 152.42404174804688 19.770156860351562 571 51 163.95359802246094 151.4272003173828
0.6 6.4 Vehicle 143.50901794433594 22.7996768951416 562 60 165.5770263671875 129.67274475097656
0.6 6.6 Vehicle 143.50901794433594 22.7996768951416 562 60 159.3413543701172 109.35881805419922
0.6 6.8 Vehicle 150.60116577148438 22.83016586303711 561 60 160.47000122070312 179.21051025390625
0.6 7.0 Vehicle 140.55227661132812 26.7199764251709 550 72 154.64500427246094 79.8935775756836
0.6 7.2 Vehicle 140.55227661132812 26.7199764251709 550 61 174.63172912597656 99.45880889892578
0.6 7.4 Vehicle 149.15855407714844 14.020171165466309 588 36 157.90484619140625 200.8779754638672
0.6 7.6 Vehicle 149.15855407714844 14.020171165466309 588 36 144.32623291015625 189.30641174316406
0.6 7.8 Vehicle 151.26927185058594 22.828083038330078 562 57 151.16941833496094 112.28917694091797
0.6 8.0 Vehicle 149.1228485107422 19.974674224853516 571 51 158.60902404785156 137.07164001464844
0.6 8.2 Vehicle 149.1228485107422 19.974674224853516 571 46 154.02403259277344 75.32624816894531
0.6 8.4 Vehicle 142.85736083984375 19.481884002685547 560 59 147.74302673339844 98.23426055908203
0.6 8.6 Vehicle 142.85736083984375 19.481884002685547 560 59 161.45550537109375 152.15975952148438
0.6 8.8 Vehicle 141.4274139404297 19.931236267089844 556 63 149.43101501464844 110.47625732421875
0.6 9.0 Vehicle 149.91204833984375 17.706239700317383 576 45 142.26368713378906 162.2325439453125
0.6 9.2 Vehicle 149.91204833984375 17.706239700317383 576 45 152.1279296875 145.12290954589844
0.6 9.4 Vehicle 149.60992431640625 18.37529182434082 575 47 143.00790405273438 82.3700942993164
0.6 9.6 Vehicle 149.60992431640625 18.37529182434082 575 48 145.62586975097656 105.56771087646484
0.6 9.8 Vehicle 155.97032165527344 23.18780517578125 559 60 145.0399169921875 97.97061920166016
0.6 10.0 Vehicle 158.38320922851562 22.303600311279297 563 60 141.19248962402344 123.18836212158203
0.8 0.2 Vehicle 171.4605712890625 157.69204711914062 338 292 113.46744537353516 375.865478515625
0.8 0.4 Vehicle 171.4605712890625 157.69204711914062 338 292 115.85343170166016 344.7200622558594
0.8 0.6 Vehicle 171.4605712890625 157.69204711914062 335 292 103.35134887695312 311.8073425292969
0.8 0.8 Vehicle 145.49301147460938 155.69976806640625 317 306 132.46627807617188 245.41175842285156
0.8 1.0 Vehicle 147.87232971191406 155.69976806640625 320 306 136.89791870117188 222.29269409179688
0.8 1.2 Vehicle 147.87232971191406 155.69976806640625 320 306 135.6863555908203 195.08428955078125
0.8 1.4 Vehicle 150.59957885742188 104.36666870117188 424 204 152.8653106689453 185.3951873779297
0.8 1.6 Vehicle 150.59957885742188 104.36666870117188 424 204 143.26931762695312 180.20460510253906
0.8 1.8 Vehicle 152.9314727783203 23.886850357055664 556 63 101.3509292602539 265.3714599609375
0.8 2.0 Vehicle 148.84803771972656 23.111793518066406 560 63 85.75984191894531 282.45751953125
0.8 2.2 Vehicle 148.84803771972656 23.111793518066406 560 63 109.44841003417969 257.3109130859375
0.8 2.4 Vehicle 154.38694763183594 20.257598876953125 570 54 92.70025634765625 264.9803161621094
0.8 2.6 Vehicle 154.38694763183594 20.257598876953125 570 54 92.39733123779297 275.4567565917969
0.8 2.8 Vehicle 155.58065795898438 24.844532012939453 555 66 103.96560668945312 272.905517578125
0.8 3.0 Vehicle 154.6464385986328 20.210250854492188 569 54 117.53717803955078 249.65646362304688
0.8 3.2 Vehicle 154.6464385986328 20.210250854492188 569 54 98.54149627685547 244.7611541748047
0.8 3.4 Vehicle 155.16891479492188 23.731164932250977 560 63 84.04528045654297 250.05599975585938
0.8 3.6 Vehicle 155.16891479492188 23.731164932250977 560 63 92.3791275024414 236.35250854492188
0.8 3.8 Vehicle 147.47618103027344 17.8765869140625 576 45 77.23217010498047 249.94679260253906
0.8 4.0 Vehicle 153.1446533203125 21.087446212768555 568 57 89.8031234741211 233.702392578125
0.8 4.2 Vehicle 153.1446533203125 21.087446212768555 568 57 90.60395050048828 217.92506408691406
0.8 4.4 Vehicle 152.57601928710938 20.763954162597656 567 54 95.2934341430664 229.96897888183594
0.8 4.6 Vehicle 152.57601928710938 20.763954162597656 567 54 81.68343353271484 216.89295959472656
0.8 4.8 Vehicle 152.16879272460938 21.13739585876465 568 57 90.59288024902344 212.82240295410156
0.8 5.0 Vehicle 159.24209594726562 21.612838745117188 566 57 89.33863067626953 243.27037048339844
0.8 5.2 Vehicle 159.24209594726562 21.612838745117188 566 57 90.85472869873047 225.9551239013672
0.8 5.4 Vehicle 152.0217742919922 22.110340118408203 565 60 96.88976287841797 213.865966796875
0.8 5.6 Vehicle 152.0217742919922 22.110340118408203 565 60 92.83747100830078 135.78353881835938
0.8 5.8 Vehicle 148.1187744140625 15.700714111328125 584 39 99.38867950439453 221.2327423095703
0.8 6.0 Vehicle 151.85414123535156 19.770156860351562 570 51 92.08953857421875 153.2596435546875
0.8 6.2 Vehicle 151.85414123535156 19.770156860351562 570 51 93.4869155883789 193.4703826904297
0.8 6.4 Vehicle 144.83140563964844 22.7996768951416 561 60 96.43294525146484 130.84613037109375
0.8 6.6 Vehicle 144.83140563964844 22.7996768951416 561 59 102.29530334472656 94.90892028808594
0.8 6.8 Vehicle 151.92355346679688 22.83016586303711 560 58 92.57289123535156 105.76863098144531
0.8 7.0 Vehicle 141.87466430664062 26.7199764251709 549 60 96.09537506103516 80.15342712402344
0.8 7.2 Vehicle 141.87466430664062 26.7199764251709 549 68 111.3163070678711 84.90245819091797
0.8 7.4 Vehicle 151.32705688476562 17.893993377685547 576 45 77.60491180419922 160.9014129638672
0.8 7.6 Vehicle 151.32705688476562 17.893993377685547 577 45 90.0842514038086 141.95765686035156
0.8 7.8 Vehicle 152.3622283935547 22.828083038330078 562 58 98.39628601074219 83.69601440429688
0.8 8.0 Vehicle 150.2157745361328 22.293615341186523 564 60 108.06861114501953 98.69803619384766
0.8 8.2 Vehicle 150.2157745361328 22.293615341186523 564 55 97.75065612792969 85.47511291503906
0.8 8.4 Vehicle 143.9503173828125 19.481884002685547 560 54 90.39814758300781 103.23446655273438
0.8 8.6 Vehicle 143.9503173828125 19.481884002685547 564 54 78.54411315917969 149.89968872070312
0.8 8.8 Vehicle 142.5203399658203 19.931236267089844 560 57 99.02510070800781 73.48754119873047
0.8 9.0 Vehicle 151.2533416748047 19.17808723449707 573 48 102.7938461303711 102.67130279541016
0.8 9.2 Vehicle 151.2533416748047 19.17808723449707 573 51 94.20063781738281 123.14239501953125
0.8 9.4 Vehicle 150.4789276123047 20.542551040649414 568 46 92.87842559814453 91.57372283935547
0.8 9.6 Vehicle 150.4789276123047 20.542551040649414 568 45 84.06732940673828 87.71063232421875
0.8 9.8 Vehicle 151.17433166503906 22.063199996948242 565 59 92.63984680175781 84.1327896118164
0.8 10.0 Vehicle 153.23483276367188 21.432573318481445 565 49 94.83698272705078 80.99853515625
1.0 0.2 Vehicle 156.1270294189453 149.4481201171875 331 294 114.82149505615234 358.6925354003906
1.0 0.4 Vehicle 156.1270294189453 149.4481201171875 325 294 94.75377655029297 322.3872375488281
1.0 0.6 Vehicle 156.1270294189453 149.4481201171875 334 294 106.64532470703125 296.3265686035156
1.0 0.8 Vehicle 120.67387390136719 156.00503540039062 307 308 151.25437927246094 220.48150634765625
1.0 1.0 Vehicle 131.5904083251953 152.49717712402344 313 300 134.30657958984375 192.4520263671875
1.0 1.2 Vehicle 131.5904083251953 152.49717712402344 326 300 130.8346710205078 163.05824279785156
1.0 1.4 Vehicle 135.0160369873047 117.7347183227539 390 230 115.78785705566406 167.23110961914062
1.0 1.6 Vehicle 135.0160369873047 117.7347183227539 396 230 136.46371459960938 141.85829162597656
1.0 1.8 Vehicle 148.599609375 65.39746856689453 426 187 83.59039306640625 231.32359313964844
1.0 2.0 Vehicle 147.6213836669922 42.38906478881836 498 120 71.15465545654297 228.66552734375
1.0 2.2 Vehicle 147.6213836669922 42.38906478881836 497 120 63.4717903137207 233.49810791015625
1.0 2.4 Vehicle 148.26429748535156 35.78445053100586 519 99 47.7061653137207 230.34080505371094
1.0 2.6 Vehicle 148.26429748535156 35.78445053100586 520 99 55.39252471923828 226.36898803710938
1.0 2.8 Vehicle 158.1342315673828 38.529823303222656 516 108 64.70478057861328 227.3878173828125
1.0 3.0 Vehicle 149.18048095703125 22.547534942626953 560 60 18.413389205932617 223.99147033691406
1.0 3.2 Vehicle 149.18048095703125 22.547534942626953 562 60 49.808685302734375 238.46102905273438
1.0 3.4 Vehicle 152.4344024658203 31.196157455444336 537 87 57.07054138183594 203.99156188964844
1.0 3.6 Vehicle 152.4344024658203 31.196157455444336 533 87 42.6702766418457 208.55160522460938
1.0 3.8 Vehicle 144.15380859375 24.741609573364258 553 66 54.15492248535156 202.1063995361328
1.0 4.0 Vehicle 149.82228088378906 21.125091552734375 563 57 42.821197509765625 232.65318298339844
1.0 4.2 Vehicle 149.82228088378906 21.125091552734375 566 57 33.09221267700195 225.55763244628906
1.0 4.4 Vehicle 149.25364685058594 19.66727638244629 559 51 28.051000595092773 235.56210327148438
1.0 4.6 Vehicle 149.25364685058594 19.66727638244629 568 51 35.980892181396484 210.14688110351562
1.0 4.8 Vehicle 148.84642028808594 20.04071807861328 569 54 37.36927032470703 209.09095764160156
1.0 5.0 Vehicle 156.89483642578125 22.331707000732422 562 60 52.26591873168945 181.9431915283203
1.0 5.2 Vehicle 156.89483642578125 22.331707000732422 552 60 54.68075180053711 259.0440979003906
1.0 5.4 Vehicle 151.13204956054688 21.94051742553711 565 57 49.535804748535156 214.63998413085938
1.0 5.6 Vehicle 151.13204956054688 21.94051742553711 564 57 32.958717346191406 164.9822235107422
1.0 5.8 Vehicle 147.2290496826172 15.886873245239258 572 40 32.943450927734375 215.69833374023438
1.0 6.0 Vehicle 152.2615203857422 19.60033416748047 572 51 54.049652099609375 180.6269073486328
1.0 6.2 Vehicle 152.2615203857422 19.60033416748047 566 51 24.646692276000977 141.77333068847656
1.0 6.4 Vehicle 141.39874267578125 22.985836029052734 545 63 48.852264404296875 161.5062255859375
1.0 6.6 Vehicle 141.39874267578125 22.985836029052734 555 62 30.19765281677246 97.04131317138672
1.0 6.8 Vehicle 149.67237854003906 21.694141387939453 560 57 50.943641662597656 174.77310180664062
1.0 7.0 Vehicle 140.6613311767578 26.90613555908203 548 67 60.38600540161133 78.64261627197266
1.0 7.2 Vehicle 140.6613311767578 26.90613555908203 532 69 44.742523193359375 70.77095794677734
1.0 7.4 Vehicle 150.4242401123047 17.724170684814453 563 45 39.54583740234375 170.4060516357422
1.0 7.6 Vehicle 150.4242401123047 17.724170684814453 575 45 38.035926818847656 164.72476196289062
1.0 7.8 Vehicle 150.0082244873047 23.582895278930664 543 63 53.825416564941406 109.2159194946289
1.0 8.0 Vehicle 145.19371032714844 20.16083335876465 564 54 47.241939544677734 136.6262969970703
1.0 8.2 Vehicle 145.19371032714844 20.16083335876465 567 48 55.18364334106445 80.0767593383789
1.0 8.4 Vehicle 139.71168518066406 15.586650848388672 556 52 22.658864974975586 223.28045654296875
1.0 8.6 Vehicle 139.71168518066406 15.586650848388672 561 52 52.24126434326172 173.74293518066406
1.0 8.8 Vehicle 138.4716796875 16.035999298095703 548 56 42.277870178222656 161.8915557861328
1.0 9.0 Vehicle 154.7767791748047 20.307313919067383 556 54 50.2217903137207 136.836669921875
1.0 9.2 Vehicle 154.7767791748047 20.307313919067383 538 52 26.56741714477539 94.59210968017578
1.0 9.4 Vehicle 151.77838134765625 21.67177391052246 559 52 50.46015167236328 90.02130889892578
1.0 9.6 Vehicle 151.77838134765625 21.67177391052246 558 45 45.79650115966797 74.83355712890625
1.0 9.8 Vehicle 154.00579833984375 23.19242286682129 548 63 53.1779670715332 126.92631530761719
1.0 10.0 Vehicle 156.968505859375 22.89466094970703 560 51 45.702880859375 97.75224304199219
1.2 0.2 Vehicle 156.1270294189453 149.4481201171875 317 294 92.3673324584961 354.90362548828125
1.2 0.4 Vehicle 156.1270294189453 149.4481201171875 312 294 96.09413146972656 326.82061767578125
1.2 0.6 Vehicle 156.1270294189453 149.4481201171875 312 294 106.80341339111328 301.8681945800781
1.2 0.8 Vehicle 120.67387390136719 156.00503540039062 289 308 143.8033905029297 231.72958374023438
1.2 1.0 Vehicle 131.5904083251953 152.49717712402344 308 300 121.81575012207031 209.45582580566406
1.2 1.2 Vehicle 131.5904083251953 152.49717712402344 302 300 128.55130004882812 158.198974609375
1.2 1.4 Vehicle 135.0160369873047 117.7347183227539 372 230 105.0235824584961 152.8051300048828
1.2 1.6 Vehicle 135.0160369873047 117.7347183227539 381 230 108.4482650756836 126.5432357788086
1.2 1.8 Vehicle 148.599609375 65.39746856689453 415 187 55.19162368774414 228.25027465820312
1.2 2.0 Vehicle 147.6213836669922 42.38906478881836 466 120 26.592254638671875 242.0638885498047
1.2 2.2 Vehicle 147.6213836669922 42.38906478881836 475 120 42.57914733886719 257.38385009765625
1.2 2.4 Vehicle 148.26429748535156 35.78445053100586 507 99 35.07072448730469 241.1990966796875
1.2 2.6 Vehicle 148.26429748535156 35.78445053100586 505 99 28.76602554321289 227.67901611328125
1.2 2.8 Vehicle 158.1342315673828 38.529823303222656 509 108 26.759347915649414 222.40652465820312
1.2 3.0 Vehicle 149.18048095703125 22.547534942626953 508 60 9.523408889770508 224.71421813964844
1.2 3.2 Vehicle 149.18048095703125 22.547534942626953 506 60 11.997559547424316 255.3091278076172
1.2 3.4 Vehicle 152.4344024658203 31.196157455444336 512 87 27.141128540039062 217.8060760498047
1.2 3.6 Vehicle 152.4344024658203 31.196157455444336 521 87 17.22903823852539 261.44879150390625
1.2 3.8 Vehicle 144.15380859375 24.741609573364258 528 66 26.620607376098633 215.39691162109375
1.2 4.0 Vehicle 149.82228088378906 21.125091552734375 515 57 11.181406021118164 215.22140502929688
1.2 4.2 Vehicle 149.82228088378906 21.125091552734375 534 57 11.101031303405762 205.789306640625
1.2 4.4 Vehicle 149.25364685058594 19.66727638244629 519 51 9.706724166870117 242.79629516601562
1.2 4.6 Vehicle 149.25364685058594 19.66727638244629 517 51 13.703972816467285 214.7185821533203
1.2 4.8 Vehicle 148.84642028808594 20.04071807861328 511 54 9.024846076965332 204.63392639160156
1.2 5.0 Vehicle 156.89483642578125 22.331707000732422 547 60 13.674245834350586 206.1207733154297
1.2 5.2 Vehicle 156.89483642578125 22.331707000732422 524 60 10.98513126373291 228.93504333496094
1.2 5.4 Vehicle 151.13204956054688 21.94051742553711 528 57 16.606426239013672 206.5040283203125
1.2 5.6 Vehicle 151.13204956054688 21.94051742553711 535 57 12.223389625549316 185.55235290527344
1.2 5.8 Vehicle 147.2290496826172 15.886873245239258 538 40 9.625168800354004 198.33938598632812
1.2 6.0 Vehicle 152.2615203857422 19.60033416748047 547 51 9.110623359680176 201.1072235107422
1.2 6.2 Vehicle 152.2615203857422 19.60033416748047 542 51 26.403564453125 148.10748291015625
1.2 6.4 Vehicle 141.39874267578125 22.985836029052734 531 63 30.65397834777832 92.8156967163086
1.2 6.6 Vehicle 141.39874267578125 22.985836029052734 545 63 25.498607635498047 146.8505401611328
1.2 6.8 Vehicle 149.67237854003906 21.694141387939453 524 57 9.104825019836426 127.74244689941406
1.2 7.0 Vehicle 140.6613311767578 26.90613555908203 521 72 27.99240493774414 101.02442932128906
1.2 7.2 Vehicle 140.6613311767578 26.90613555908203 472 62 9.711013793945312 61.907100677490234
1.2 7.4 Vehicle 150.4242401123047 17.724170684814453 521 45 7.59335994720459 155.80477905273438
1.2 7.6 Vehicle 150.4242401123047 17.724170684814453 503 45 10.462223052978516 182.51145935058594
1.2 7.8 Vehicle 150.0082244873047 23.582895278930664 540 49 11.32795238494873 71.89793395996094
1.2 8.0 Vehicle 145.19371032714844 20.16083335876465 564 54 19.906064987182617 130.70001220703125
1.2 8.2 Vehicle 145.19371032714844 20.16083335876465 510 54 11.916553497314453 121.89500427246094
1.2 8.4 Vehicle 139.71168518066406 15.586650848388672 524 52 10.145256042480469 170.0406951904297
1.2 8.6 Vehicle 139.71168518066406 15.586650848388672 514 52 9.766546249389648 159.0029296875
1.2 8.8 Vehicle 138.4716796875 16.035999298095703 513 56 7.236645221710205 142.9521026611328
1.2 9.0 Vehicle 154.7767791748047 20.307313919067383 512 54 14.502023696899414 118.79998016357422
1.2 9.2 Vehicle 154.7767791748047 20.307313919067383 518 54 12.483648300170898 120.80493927001953
1.2 9.4 Vehicle 151.77838134765625 21.67177391052246 535 57 11.484367370605469 132.2881622314453
1.2 9.6 Vehicle 151.77838134765625 21.67177391052246 513 48 14.242558479309082 71.70606994628906
1.2 9.8 Vehicle 154.00579833984375 23.19242286682129 517 52 14.964323997497559 84.40172576904297
1.2 10.0 Vehicle 156.968505859375 22.89466094970703 527 55 19.939788818359375 86.81725311279297
1.4 0.2 Vehicle 128.21774291992188 151.90359497070312 301 298 129.87466430664062 316.35614013671875
1.4 0.4 Vehicle 128.21774291992188 151.90359497070312 290 298 109.20791625976562 289.4107666015625
1.4 0.6 Vehicle 128.21774291992188 151.90359497070312 288 298 115.54183959960938 257.89141845703125
1.4 0.8 Vehicle 82.72413635253906 154.32420349121094 211 385 170.2807159423828 189.77163696289062
1.4 1.0 Vehicle 96.87571716308594 152.3355255126953 258 342 132.3787841796875 163.4129180908203
1.4 1.2 Vehicle 96.87571716308594 152.3355255126953 258 342 151.43991088867188 122.13381958007812
1.4 1.4 Vehicle 77.79329681396484 116.0372314453125 271 342 135.00091552734375 100.78359985351562
1.4 1.6 Vehicle 77.79329681396484 116.0372314453125 271 342 133.8702392578125 56.98237228393555
1.4 1.8 Vehicle 90.5175552368164 74.08458709716797 333 269 73.91378021240234 97.0556411743164
1.4 2.0 Vehicle 105.68303680419922 55.107723236083984 377 208 56.95548629760742 173.07882690429688
1.4 2.2 Vehicle 105.68303680419922 55.107723236083984 370 208 60.377445220947266 151.94894409179688
1.4 2.4 Vehicle 117.97654724121094 54.36043167114258 429 159 60.55928421020508 94.41563415527344
1.4 2.6 Vehicle 117.97654724121094 54.36043167114258 422 159 44.25498580932617 155.8946990966797
1.4 2.8 Vehicle 130.230712890625 50.8397102355957 432 144 27.920833587646484 147.45767211914062
1.4 3.0 Vehicle 121.27692413330078 38.800453186035156 448 144 33.4057731628418 144.44361877441406
1.4 3.2 Vehicle 121.27692413330078 38.800453186035156 390 144 16.086780548095703 163.47850036621094
1.4 3.4 Vehicle 131.8858642578125 41.56159591674805 463 117 16.089723587036133 132.69029235839844
1.4 3.6 Vehicle 131.8858642578125 41.56159591674805 464 114 23.458171844482422 83.7126235961914
1.4 3.8 Vehicle 114.5572738647461 32.50860595703125 436 120 15.232870101928711 116.58446502685547
1.4 4.0 Vehicle 120.00570678710938 45.623138427734375 433 149 29.432565689086914 82.66287231445312
1.4 4.2 Vehicle 120.00570678710938 45.623138427734375 406 137 16.34545135498047 63.46004104614258
1.4 4.4 Vehicle 119.43707275390625 38.14122772216797 428 140 18.34881019592285 72.69343566894531
1.4 4.6 Vehicle 119.43707275390625 38.14122772216797 448 129 24.78953742980957 65.76860809326172
1.4 4.8 Vehicle 122.49392700195312 42.31709289550781 446 136 23.394609451293945 73.61871337890625
1.4 5.0 Vehicle 132.90106201171875 35.46945571899414 451 93 11.18568229675293 90.77394104003906
1.4 5.2 Vehicle 132.90106201171875 35.46945571899414 454 99 15.137970924377441 82.9520263671875
1.4 5.4 Vehicle 129.64144897460938 37.72408676147461 423 103 13.62564754486084 82.31956481933594
1.4 5.6 Vehicle 129.64144897460938 37.72408676147461 485 104 24.815946578979492 71.84327697753906
1.4 5.8 Vehicle 125.7383804321289 32.87943649291992 459 109 14.77461051940918 67.05203247070312
1.4 6.0 Vehicle 130.77088928222656 34.648799896240234 439 89 10.883088111877441 67.68572235107422
1.4 6.2 Vehicle 130.77088928222656 34.648799896240234 460 105 14.10899543762207 86.34883880615234
1.4 6.4 Vehicle 101.0223159790039 17.175994873046875 487 68 9.147732734680176 71.31414031982422
1.4 6.6 Vehicle 101.0223159790039 17.175994873046875 446 75 7.477835655212402 138.12637329101562
1.4 6.8 Vehicle 109.29598236083984 19.560483932495117 471 81 9.409406661987305 85.35786437988281
1.4 7.0 Vehicle 94.69847106933594 21.097841262817383 431 92 9.846138000488281 71.38190460205078
1.4 7.2 Vehicle 94.69847106933594 21.097841262817383 464 81 10.83738899230957 61.94413757324219
1.4 7.4 Vehicle 104.46143341064453 13.366803169250488 428 55 5.26689338684082 169.017333984375
1.4 7.6 Vehicle 104.46143341064453 13.366803169250488 472 55 6.488895893096924 180.0042724609375
1.4 7.8 Vehicle 139.49679565429688 29.178953170776367 469 73 12.748826026916504 64.85736846923828
1.4 8.0 Vehicle 134.28457641601562 25.336219787597656 436 80 9.128820419311523 84.17301177978516
1.4 8.2 Vehicle 134.28457641601562 25.336219787597656 459 73 11.363089561462402 71.62061309814453
1.4 8.4 Vehicle 128.15255737304688 20.4000186920166 445 68 7.459749698638916 74.39471435546875
1.4 8.6 Vehicle 128.15255737304688 20.4000186920166 468 72 9.073585510253906 159.14089965820312
1.4 8.8 Vehicle 128.07154846191406 19.6378116607666 454 65 8.392399787902832 84.21412658691406
1.4 9.0 Vehicle 156.01022338867188 26.869794845581055 440 64 9.829649925231934 98.12635803222656
1.4 9.2 Vehicle 156.01022338867188 26.869794845581055 453 63 7.7301836013793945 64.97126007080078
1.4 9.4 Vehicle 151.5249786376953 27.980676651000977 437 46 10.52430248260498 67.1892318725586
1.4 9.6 Vehicle 151.5249786376953 27.980676651000977 477 72 10.918401718139648 88.25311279296875
1.4 9.8 Vehicle 135.40130615234375 26.116539001464844 428 64 8.481178283691406 74.590576171875
1.4 10.0 Vehicle 138.364013671875 28.014698028564453 462 56 9.73720932006836 68.4829330444336
1.6 0.2 Vehicle 128.21774291992188 151.90359497070312 285 298 97.0298080444336 319.55181884765625
1.6 0.4 Vehicle 128.21774291992188 151.90359497070312 284 298 116.88457489013672 284.52862548828125
1.6 0.6 Vehicle 128.21774291992188 151.90359497070312 291 298 105.47920989990234 255.7855682373047
1.6 0.8 Vehicle 82.72413635253906 154.32420349121094 214 385 134.77976989746094 195.9425048828125
1.6 1.0 Vehicle 96.87571716308594 152.3355255126953 246 342 126.89561462402344 167.3982391357422
1.6 1.2 Vehicle 96.87571716308594 152.3355255126953 258 342 142.9267578125 149.5850372314453
1.6 1.4 Vehicle 77.79329681396484 116.0372314453125 257 342 135.70513916015625 88.37742614746094
1.6 1.6 Vehicle 77.79329681396484 116.0372314453125 254 342 129.56317138671875 69.7930679321289
1.6 1.8 Vehicle 90.5175552368164 74.08458709716797 324 269 39.05287170410156 140.07492065429688
1.6 2.0 Vehicle 105.68303680419922 55.107723236083984 371 208 22.16851806640625 138.76248168945312
1.6 2.2 Vehicle 105.68303680419922 55.107723236083984 375 208 28.98105812072754 135.20828247070312
1.6 2.4 Vehicle 117.97654724121094 54.36043167114258 388 159 27.83116340637207 133.41912841796875
1.6 2.6 Vehicle 117.97654724121094 54.36043167114258 392 159 17.075624465942383 91.85765075683594
1.6 2.8 Vehicle 130.230712890625 50.8397102355957 392 144 15.101496696472168 146.0198516845703
1.6 3.0 Vehicle 121.27692413330078 38.800453186035156 418 144 15.668816566467285 169.9003143310547
1.6 3.2 Vehicle 121.27692413330078 38.800453186035156 405 144 16.009241104125977 144.07098388671875
1.6 3.4 Vehicle 131.8858642578125 41.56159591674805 398 117 11.455965042114258 172.59698486328125
1.6 3.6 Vehicle 131.8858642578125 41.56159591674805 357 117 8.841079711914062 91.41693115234375
1.6 3.8 Vehicle 114.5572738647461 32.50860595703125 399 120 15.06505012512207 158.424072265625
1.6 4.0 Vehicle 120.00570678710938 45.623138427734375 384 140 15.152973175048828 69.90505981445312
1.6 4.2 Vehicle 120.00570678710938 45.623138427734375 386 145 13.063715934753418 70.78096008300781
1.6 4.4 Vehicle 119.43707275390625 38.14122772216797 377 144 14.51429271697998 123.10671997070312
1.6 4.6 Vehicle 119.43707275390625 38.14122772216797 353 114 11.786605834960938 56.52909469604492
1.6 4.8 Vehicle 122.49392700195312 42.31709289550781 373 119 13.917304992675781 60.28189468383789
1.6 5.0 Vehicle 132.90106201171875 35.46945571899414 411 91 10.134459495544434 74.48284912109375
1.6 5.2 Vehicle 132.90106201171875 35.46945571899414 396 99 9.627869606018066 102.52881622314453
1.6 5.4 Vehicle 129.64144897460938 37.72408676147461 396 98 11.231230735778809 65.41751861572266
1.6 5.6 Vehicle 129.64144897460938 37.72408676147461 382 106 12.898332595825195 81.69973754882812
1.6 5.8 Vehicle 125.7383804321289 32.87943649291992 380 105 10.322449684143066 69.11965942382812
1.6 6.0 Vehicle 130.77088928222656 34.648799896240234 354 91 10.087739944458008 66.94235229492188
1.6 6.2 Vehicle 130.77088928222656 34.648799896240234 372 89 9.414764404296875 80.10467529296875
1.6 6.4 Vehicle 101.0223159790039 17.175994873046875 457 75 7.363803386688232 107.44481658935547
1.6 6.6 Vehicle 101.0223159790039 17.175994873046875 373 75 5.753856658935547 145.65699768066406
1.6 6.8 Vehicle 109.29598236083984 19.560483932495117 390 79 5.503990650177002 64.08472442626953
1.6 7.0 Vehicle 94.69847106933594 21.097841262817383 398 86 7.487523078918457 50.51088333129883
1.6 7.2 Vehicle 94.69847106933594 21.097841262817383 394 92 7.340655326843262 60.36507034301758
1.6 7.4 Vehicle 104.46143341064453 13.366803169250488 388 55 4.125509262084961 161.68650817871094
1.6 7.6 Vehicle 104.46143341064453 13.366803169250488 421 55 4.877098560333252 179.650146484375
1.6 7.8 Vehicle 139.49679565429688 29.178953170776367 398 78 7.704309940338135 72.48990631103516
1.6 8.0 Vehicle 134.28457641601562 25.336219787597656 377 81 6.403451919555664 72.67375946044922
1.6 8.2 Vehicle 134.28457641601562 25.336219787597656 399 70 7.4421868324279785 66.8104019165039
1.6 8.4 Vehicle 128.15255737304688 20.4000186920166 424 66 7.913802146911621 72.93589782714844
1.6 8.6 Vehicle 128.15255737304688 20.4000186920166 397 54 5.9229817390441895 66.1060562133789
1.6 8.8 Vehicle 128.07154846191406 19.6378116607666 395 54 8.109119415283203 72.8591537475586
1.6 9.0 Vehicle 156.01022338867188 26.869794845581055 391 72 8.7150297164917 123.61528778076172
1.6 9.2 Vehicle 156.01022338867188 26.869794845581055 380 57 7.065662384033203 74.67015838623047
1.6 9.4 Vehicle 151.5249786376953 27.980676651000977 407 49 6.12062406539917 84.51051330566406
1.6 9.6 Vehicle 151.5249786376953 27.980676651000977 391 49 7.6935343742370605 78.39537048339844
1.6 9.8 Vehicle 135.40130615234375 26.116539001464844 379 79 7.966705322265625 82.55982971191406
1.6 10.0 Vehicle 138.364013671875 28.014698028564453 429 53 7.538083076477051 68.10874938964844
1.8 0.2 Vehicle 53.531166076660156 147.92735290527344 162 435 185.14971923828125 289.1563720703125
1.8 0.4 Vehicle 53.531166076660156 147.92735290527344 162 435 198.4701690673828 243.11361694335938
1.8 0.6 Vehicle 53.531166076660156 147.92735290527344 157 435 181.71343994140625 200.80897521972656
1.8 0.8 Vehicle 36.56623077392578 149.0513916015625 122 485 204.48817443847656 155.28994750976562
1.8 1.0 Vehicle 58.09115982055664 155.695556640625 148 458 149.7926788330078 105.9361343383789
1.8 1.2 Vehicle 58.09115982055664 155.695556640625 144 458 165.3638916015625 77.16063690185547
1.8 1.4 Vehicle 73.34729766845703 135.3595428466797 187 399 106.86715698242188 75.39111328125
1.8 1.6 Vehicle 73.34729766845703 135.3595428466797 188 388 126.73871612548828 50.131107330322266
1.8 1.8 Vehicle 73.09152221679688 86.02281188964844 253 336 88.89204406738281 45.35051345825195
1.8 2.0 Vehicle 80.8938217163086 66.93054962158203 333 256 42.34535598754883 83.76610565185547
1.8 2.2 Vehicle 80.8938217163086 66.93054962158203 330 245 54.122352600097656 46.8560905456543
1.8 2.4 Vehicle 79.78135681152344 57.566802978515625 346 228 24.852840423583984 85.24779510498047
1.8 2.6 Vehicle 79.78135681152344 57.566802978515625 354 217 34.242462158203125 46.44829559326172
1.8 2.8 Vehicle 92.86539459228516 61.69969177246094 320 220 29.038818359375 48.12630844116211
1.8 3.0 Vehicle 83.91163635253906 44.6136474609375 340 202 18.23451805114746 50.48883056640625
1.8 3.2 Vehicle 83.91163635253906 44.6136474609375 324 183 16.73807716369629 47.920166015625
1.8 3.4 Vehicle 94.08659362792969 50.43111038208008 365 169 23.725492477416992 47.89081573486328
1.8 3.6 Vehicle 94.08659362792969 50.43111038208008 338 183 15.076904296875 70.50645446777344
1.8 3.8 Vehicle 68.56958770751953 31.496000289916992 362 163 15.695068359375 34.98676681518555
1.8 4.0 Vehicle 70.84669494628906 34.617942810058594 336 145 15.007743835449219 32.275115966796875
1.8 4.2 Vehicle 70.84669494628906 34.617942810058594 298 146 14.483781814575195 38.49513626098633
1.8 4.4 Vehicle 70.27806091308594 21.33026123046875 323 132 8.906041145324707 101.55917358398438
1.8 4.6 Vehicle 70.27806091308594 21.33026123046875 348 128 8.789319038391113 63.079872131347656
1.8 4.8 Vehicle 114.6718978881836 43.87766647338867 324 129 16.07317352294922 54.12327575683594
1.8 5.0 Vehicle 128.68228149414062 46.160491943359375 363 106 14.398640632629395 63.49267578125
1.8 5.2 Vehicle 128.68228149414062 46.160491943359375 348 97 16.829896926879883 62.98418426513672
1.8 5.4 Vehicle 125.42264556884766 47.259849548339844 316 97 14.274312019348145 62.832462310791016
1.8 5.6 Vehicle 125.42264556884766 47.259849548339844 360 92 15.005849838256836 57.26424026489258
1.8 5.8 Vehicle 111.61399841308594 38.943729400634766 366 102 15.158548355102539 53.58340835571289
1.8 6.0 Vehicle 116.01423645019531 57.87367630004883 388 87 22.574392318725586 45.23905563354492
1.8 6.2 Vehicle 116.01423645019531 57.87367630004883 330 86 16.72113609313965 48.419864654541016
1.8 6.4 Vehicle 89.22917175292969 29.767498016357422 351 94 12.420671463012695 45.347896575927734
1.8 6.6 Vehicle 89.22917175292969 29.767498016357422 342 94 8.774186134338379 43.98752212524414
1.8 6.8 Vehicle 97.50282287597656 27.72657585144043 328 88 8.33897876739502 45.31886291503906
1.8 7.0 Vehicle 81.9625473022461 19.655080795288086 351 78 5.860279083251953 45.134735107421875
1.8 7.2 Vehicle 81.9625473022461 19.655080795288086 326 90 6.387631893157959 52.95890808105469
1.8 7.4 Vehicle 103.22374725341797 22.150997161865234 361 75 6.456288814544678 59.01527404785156
1.8 7.6 Vehicle 103.22374725341797 22.150997161865234 393 87 7.987369060516357 59.84706115722656
1.8 7.8 Vehicle 129.60325622558594 37.73961639404297 366 75 11.317697525024414 61.66292953491211
1.8 8.0 Vehicle 114.87140655517578 48.97814178466797 377 88 18.770111083984375 50.16879653930664
1.8 8.2 Vehicle 114.87140655517578 48.97814178466797 288 92 11.459158897399902 53.838035583496094
1.8 8.4 Vehicle 98.49239349365234 28.524734497070312 345 77 9.890790939331055 46.72357177734375
1.8 8.6 Vehicle 98.49239349365234 28.524734497070312 313 78 7.675591945648193 45.83526611328125
1.8 8.8 Vehicle 103.8062515258789 18.98118019104004 336 76 4.9607014656066895 107.26593017578125
1.8 9.0 Vehicle 137.76028442382812 28.1232852935791 391 57 5.893073081970215 78.02171325683594
1.8 9.2 Vehicle 137.76028442382812 28.1232852935791 370 53 7.268291473388672 66.3113784790039
1.8 9.4 Vehicle 134.89212036132812 29.837310791015625 318 60 7.7139058113098145 68.3241958618164
1.8 9.6 Vehicle 134.89212036132812 29.837310791015625 345 66 6.469437122344971 68.81109619140625
1.8 9.8 Vehicle 92.72911071777344 24.605321884155273 329 61 6.9232401847839355 39.234474182128906
1.8 10.0 Vehicle 94.98506927490234 24.87179946899414 351 60 8.173333168029785 44.91581344604492
2.0 0.2 Vehicle 21.634492874145508 151.70208740234375 65 543 249.47718811035156 278.9710998535156
2.0 0.4 Vehicle 21.634492874145508 151.70208740234375 66 543 247.33651733398438 221.3218536376953
2.0 0.6 Vehicle 21.634492874145508 151.70208740234375 63 543 265.20318603515625 147.4935760498047
2.0 0.8 Vehicle 22.67130470275879 152.27288818359375 79 540 221.1327667236328 112.48274230957031
2.0 1.0 Vehicle 23.027563095092773 152.27288818359375 78 539 219.90481567382812 45.1454963684082
2.0 1.2 Vehicle 23.027563095092773 152.27288818359375 73 517 234.47024536132812 17.40547752380371
2.0 1.4 Vehicle 45.0263671875 125.8036117553711 156 438 155.8166046142578 31.65829086303711
2.0 1.6 Vehicle 45.0263671875 125.8036117553711 155 384 170.3497314453125 20.75750160217285
2.0 1.8 Vehicle 55.110782623291016 87.44949340820312 239 318 118.70468139648438 27.916841506958008
2.0 2.0 Vehicle 58.2271842956543 54.8129997253418 314 274 46.45304870605469 67.11296844482422
2.0 2.2 Vehicle 58.2271842956543 54.8129997253418 291 269 26.665409088134766 41.029319763183594
2.0 2.4 Vehicle 57.11473083496094 50.57006072998047 229 261 20.015329360961914 31.89887809753418
2.0 2.6 Vehicle 57.11473083496094 50.57006072998047 287 280 28.25031280517578 34.30971145629883
2.0 2.8 Vehicle 70.51206970214844 56.98236083984375 290 224 31.741188049316406 29.4019832611084
2.0 3.0 Vehicle 61.55831527709961 38.37361145019531 316 195 19.159595489501953 33.9000244140625
2.0 3.2 Vehicle 61.55831527709961 38.37361145019531 295 189 16.772254943847656 36.457435607910156
2.0 3.4 Vehicle 75.89645385742188 49.742679595947266 299 178 21.645469665527344 36.536617279052734
2.0 3.6 Vehicle 75.89645385742188 49.742679595947266 321 189 21.09630012512207 35.77802658081055
2.0 3.8 Vehicle 56.58698272705078 28.589405059814453 342 145 14.62130355834961 27.197919845581055
2.0 4.0 Vehicle 59.536067962646484 28.578125 314 156 9.407682418823242 33.142555236816406
2.0 4.2 Vehicle 59.536067962646484 28.578125 339 151 13.757752418518066 32.66798782348633
2.0 4.4 Vehicle 58.967430114746094 26.06910514831543 316 134 9.482732772827148 29.49492835998535
2.0 4.6 Vehicle 58.967430114746094 26.06910514831543 311 132 8.383609771728516 30.13504409790039
2.0 4.8 Vehicle 63.26361083984375 26.650630950927734 298 121 9.539320945739746 30.464750289916992
2.0 5.0 Vehicle 76.36174774169922 30.033546447753906 316 131 9.346893310546875 40.58661651611328
2.0 5.2 Vehicle 76.36174774169922 30.033546447753906 283 114 8.635588645935059 39.045345306396484
2.0 5.4 Vehicle 69.18370819091797 26.515565872192383 325 109 9.37232494354248 35.82241439819336
2.0 5.6 Vehicle 69.18370819091797 26.515565872192383 332 98 10.848888397216797 33.283729553222656
2.0 5.8 Vehicle 70.85807800292969 14.726324081420898 324 84 5.714300632476807 115.78571319580078
2.0 6.0 Vehicle 84.24250793457031 28.30921173095703 311 114 7.43926477432251 45.997562408447266
2.0 6.2 Vehicle 84.24250793457031 28.30921173095703 293 94 9.166959762573242 43.681278228759766
2.0 6.4 Vehicle 71.16790008544922 20.815725326538086 312 111 6.375042915344238 47.62088394165039
2.0 6.6 Vehicle 71.16790008544922 20.815725326538086 336 93 7.4976677894592285 34.87263107299805
2.0 6.8 Vehicle 83.61309814453125 28.725629806518555 326 84 10.599531173706055 43.99509048461914
2.0 7.0 Vehicle 68.07281494140625 20.304372787475586 317 74 7.268657684326172 28.364620208740234
2.0 7.2 Vehicle 68.07281494140625 20.304372787475586 302 99 6.5701727867126465 37.115966796875
2.0 7.4 Vehicle 92.18463134765625 35.94814682006836 319 97 13.08446216583252 42.26203918457031
2.0 7.6 Vehicle 92.18463134765625 35.94814682006836 272 77 12.334211349487305 42.17926788330078
2.0 7.8 Vehicle 97.83028411865234 40.045654296875 311 81 13.15614128112793 37.987545013427734
2.0 8.0 Vehicle 80.10519409179688 25.65592384338379 307 68 9.498913764953613 34.68448257446289
2.0 8.2 Vehicle 80.10519409179688 25.65592384338379 321 71 6.145939826965332 46.62339401245117
2.0 8.4 Vehicle 70.09278106689453 23.466684341430664 307 68 6.908782005310059 32.07612991333008
2.0 8.6 Vehicle 70.09278106689453 23.466684341430664 292 74 6.515981197357178 34.815093994140625
2.0 8.8 Vehicle 76.21737670898438 26.282777786254883 316 62 8.91048812866211 33.1285514831543
2.0 9.0 Vehicle 86.7116928100586 32.091434478759766 281 71 9.559051513671875 40.174652099609375
2.0 9.2 Vehicle 86.7116928100586 32.091434478759766 324 66 11.335862159729004 38.715240478515625
2.0 9.4 Vehicle 96.10569763183594 29.295698165893555 332 68 10.2537260055542 41.651824951171875
2.0 9.6 Vehicle 96.10569763183594 29.295698165893555 261 68 8.972152709960938 38.53015899658203
2.0 9.8 Vehicle 120.87907409667969 25.17023468017578 313 54 6.418843746185303 60.79513168334961
2.0 10.0 Vehicle 137.48585510253906 43.74013137817383 322 57 10.28741455078125 51.095706939697266
2.2 0.2 Vehicle 21.634492874145508 151.70208740234375 62 543 264.2484436035156 271.2090759277344
2.2 0.4 Vehicle 21.634492874145508 151.70208740234375 68 543 206.92413330078125 224.5973358154297
2.2 0.6 Vehicle 21.634492874145508 151.70208740234375 69 543 235.61923217773438 168.47552490234375
2.2 0.8 Vehicle 22.67130470275879 152.27288818359375 70 540 236.2167205810547 122.46744537353516
2.2 1.0 Vehicle 23.027563095092773 152.27288818359375 77 539 215.93551635742188 67.50756072998047
2.2 1.2 Vehicle 23.027563095092773 152.27288818359375 73 539 222.36264038085938 31.467937469482422
2.2 1.4 Vehicle 45.0263671875 125.8036117553711 144 439 167.77911376953125 22.54853630065918
2.2 1.6 Vehicle 45.0263671875 125.8036117553711 146 401 130.1928253173828 21.539228439331055
2.2 1.8 Vehicle 55.110782623291016 87.44949340820312 236 334 69.54215240478516 31.49974822998047
2.2 2.0 Vehicle 58.2271842956543 54.8129997253418 289 274 41.050235748291016 64.55760955810547
2.2 2.2 Vehicle 58.2271842956543 54.8129997253418 281 267 31.403261184692383 42.19485855102539
2.2 2.4 Vehicle 57.11473083496094 50.57006072998047 295 270 42.60873794555664 31.54358673095703
2.2 2.6 Vehicle 57.11473083496094 50.57006072998047 265 247 23.18595314025879 30.048343658447266
2.2 2.8 Vehicle 70.51206970214844 56.98236083984375 263 210 19.840394973754883 33.305641174316406
2.2 3.0 Vehicle 61.55831527709961 38.37361145019531 267 212 13.564998626708984 41.62717819213867
2.2 3.2 Vehicle 61.55831527709961 38.37361145019531 308 191 15.743819236755371 35.34742736816406
2.2 3.4 Vehicle 75.89645385742188 49.742679595947266 284 183 19.85511589050293 37.33821105957031
2.2 3.6 Vehicle 75.89645385742188 49.742679595947266 281 180 18.854196548461914 31.931835174560547
2.2 3.8 Vehicle 56.58698272705078 28.589405059814453 280 150 10.858765602111816 33.8240966796875
2.2 4.0 Vehicle 59.536067962646484 28.578125 283 167 11.207135200500488 39.64400100708008
2.2 4.2 Vehicle 59.536067962646484 28.578125 275 154 10.103469848632812 33.358856201171875
2.2 4.4 Vehicle 58.967430114746094 26.06910514831543 279 121 8.956711769104004 25.949710845947266
2.2 4.6 Vehicle 58.967430114746094 26.06910514831543 300 127 10.247696876525879 31.284244537353516
2.2 4.8 Vehicle 63.26361083984375 26.650630950927734 312 125 13.013346672058105 33.9228630065918
2.2 5.0 Vehicle 76.36174774169922 30.033546447753906 276 151 10.386234283447266 37.90825271606445
2.2 5.2 Vehicle 76.36174774169922 30.033546447753906 291 102 11.086508750915527 43.32361602783203
2.2 5.4 Vehicle 69.18370819091797 26.515565872192383 275 117 7.004055500030518 34.2977294921875
2.2 5.6 Vehicle 69.18370819091797 26.515565872192383 298 98 6.801070690155029 35.94059753417969
2.2 5.8 Vehicle 70.85807800292969 14.726324081420898 336 84 4.629761695861816 88.40895080566406
2.2 6.0 Vehicle 84.24250793457031 28.30921173095703 280 83 9.246244430541992 39.86650848388672
2.2 6.2 Vehicle 84.24250793457031 28.30921173095703 292 78 8.254161834716797 42.58197784423828
2.2 6.4 Vehicle 71.16790008544922 20.815725326538086 283 92 5.65021276473999 40.7469596862793
2.2 6.6 Vehicle 71.16790008544922 20.815725326538086 281 90 6.029865741729736 38.191673278808594
2.2 6.8 Vehicle 83.61309814453125 28.725629806518555 286 96 9.821120262145996 36.19727325439453
2.2 7.0 Vehicle 68.07281494140625 20.304372787475586 289 79 6.712439060211182 30.84354019165039
2.2 7.2 Vehicle 68.07281494140625 20.304372787475586 292 90 6.764173984527588 37.431068420410156
2.2 7.4 Vehicle 92.18463134765625 35.94814682006836 269 95 11.095976829528809 44.73635482788086
2.2 7.6 Vehicle 92.18463134765625 35.94814682006836 280 73 13.29496955871582 43.157814025878906
2.2 7.8 Vehicle 97.83028411865234 40.045654296875 312 73 10.925362586975098 42.59129333496094
2.2 8.0 Vehicle 80.10519409179688 25.65592384338379 280 74 7.742502212524414 38.90754318237305
2.2 8.2 Vehicle 80.10519409179688 25.65592384338379 270 69 5.826614856719971 37.151084899902344
2.2 8.4 Vehicle 70.09278106689453 23.466684341430664 293 61 7.055227279663086 32.946807861328125
2.2 8.6 Vehicle 70.09278106689453 23.466684341430664 254 69 4.6741743087768555 33.18278121948242
2.2 8.8 Vehicle 76.21737670898438 26.282777786254883 327 73 9.148518562316895 36.116947174072266
2.2 9.0 Vehicle 86.7116928100586 32.091434478759766 264 53 10.303616523742676 34.241981506347656
2.2 9.2 Vehicle 86.7116928100586 32.091434478759766 252 55 8.446876525878906 38.59627914428711
2.2 9.4 Vehicle 96.10569763183594 29.295698165893555 285 58 7.83495569229126 53.67456817626953
2.2 9.6 Vehicle 96.10569763183594 29.295698165893555 280 60 7.770009994506836 47.351539611816406
2.2 9.8 Vehicle 120.87907409667969 25.17023468017578 282 58 6.4339752197265625 73.15684509277344
2.2 10.0 Vehicle 137.48585510253906 43.74013137817383 272 47 12.574479103088379 66.90279388427734
2.4 0.2 Vehicle 21.278467178344727 151.4223175048828 67 545 226.35499572753906 277.9986572265625
2.4 0.4 Vehicle 21.278467178344727 151.4223175048828 67 545 230.87335205078125 229.8983917236328
2.4 0.6 Vehicle 21.278467178344727 151.4223175048828 64 545 249.7500762939453 168.301025390625
2.4 0.8 Vehicle 24.509845733642578 151.5999298095703 78 532 228.39422607421875 123.11144256591797
2.4 1.0 Vehicle 24.866104125976562 151.5999298095703 81 530 226.37200927734375 78.96092224121094
2.4 1.2 Vehicle 24.866104125976562 151.5999298095703 74 530 229.2193603515625 27.841236114501953
2.4 1.4 Vehicle 47.70173645019531 126.17473602294922 154 440 138.093994140625 60.98467254638672
2.4 1.6 Vehicle 47.70173645019531 126.17473602294922 152 413 154.23094177246094 22.33928871154785
2.4 1.8 Vehicle 57.78615188598633 90.73593139648438 229 343 85.76089477539062 38.4775390625
2.4 2.0 Vehicle 60.90255355834961 66.56242370605469 238 320 29.05791664123535 51.86061477661133
2.4 2.2 Vehicle 60.90255355834961 66.56242370605469 231 258 33.85029220581055 28.811071395874023
2.4 2.4 Vehicle 60.3453483581543 62.26618576049805 236 236 26.82249641418457 27.936588287353516
2.4 2.6 Vehicle 60.3453483581543 62.26618576049805 242 228 34.75917053222656 29.61762809753418
2.4 2.8 Vehicle 64.2711181640625 55.87847137451172 268 200 22.889097213745117 26.691091537475586
2.4 3.0 Vehicle 45.26250076293945 22.041460037231445 270 180 8.218442916870117 53.40179443359375
2.4 3.2 Vehicle 45.26250076293945 22.041460037231445 250 168 9.35991382598877 34.892967224121094
2.4 3.4 Vehicle 57.4317741394043 35.00311279296875 263 158 13.44302749633789 24.46417808532715
2.4 3.6 Vehicle 57.4317741394043 35.00311279296875 270 184 12.077523231506348 27.14309310913086
2.4 3.8 Vehicle 49.44581985473633 35.58301544189453 249 164 15.402602195739746 20.440467834472656
2.4 4.0 Vehicle 58.496620178222656 28.39283561706543 264 153 13.144826889038086 27.75570297241211
2.4 4.2 Vehicle 58.496620178222656 28.39283561706543 263 147 9.551898002624512 33.649208068847656
2.4 4.4 Vehicle 58.23831558227539 25.883811950683594 255 142 8.351104736328125 30.656782150268555
2.4 4.6 Vehicle 58.23831558227539 25.883811950683594 286 136 8.600484848022461 32.50750732421875
2.4 4.8 Vehicle 62.53453063964844 27.135196685791016 210 136 7.259693622589111 32.8770866394043
2.4 5.0 Vehicle 71.60952758789062 24.88872528076172 254 106 7.227312088012695 31.951889038085938
2.4 5.2 Vehicle 71.60952758789062 24.88872528076172 249 130 6.659825801849365 58.207008361816406
2.4 5.4 Vehicle 60.21269989013672 25.06416130065918 284 103 11.629582405090332 28.20248031616211
2.4 5.6 Vehicle 60.21269989013672 25.06416130065918 270 112 7.556413650512695 29.362735748291016
2.4 5.8 Vehicle 72.12173461914062 14.346673011779785 243 84 4.63047981262207 118.78694915771484
2.4 6.0 Vehicle 85.07598876953125 26.417810440063477 270 94 7.804949760437012 41.871944427490234
2.4 6.2 Vehicle 85.07598876953125 26.417810440063477 263 83 6.870573043823242 47.270851135253906
2.4 6.4 Vehicle 72.4345703125 20.436071395874023 263 95 3.683628797531128 40.16064453125
2.4 6.6 Vehicle 72.4345703125 20.436071395874023 261 88 5.222082614898682 39.66654968261719
2.4 6.8 Vehicle 84.87976837158203 27.887502670288086 261 101 8.80379867553711 47.63521957397461
2.4 7.0 Vehicle 62.98454666137695 18.569908142089844 272 88 6.150508403778076 36.00056457519531
2.4 7.2 Vehicle 62.98454666137695 18.569908142089844 284 85 6.698352336883545 32.45349884033203
2.4 7.4 Vehicle 72.1045913696289 21.60959815979004 236 72 5.563501834869385 38.19374084472656
2.4 7.6 Vehicle 72.1045913696289 21.60959815979004 277 63 5.387095928192139 35.67927551269531
2.4 7.8 Vehicle 89.16600036621094 39.2800178527832 233 77 9.999733924865723 38.509822845458984
2.4 8.0 Vehicle 77.01239013671875 25.440183639526367 281 75 9.075080871582031 38.516300201416016
2.4 8.2 Vehicle 77.01239013671875 25.440183639526367 245 78 6.629331588745117 41.768436431884766
2.4 8.4 Vehicle 71.54739379882812 24.801658630371094 244 74 6.504138946533203 38.97658920288086
2.4 8.6 Vehicle 71.54739379882812 24.801658630371094 288 69 7.670926570892334 37.15678787231445
2.4 8.8 Vehicle 78.47632598876953 27.159282684326172 270 70 6.38107442855835 36.041526794433594
2.4 9.0 Vehicle 85.48236083984375 33.137630462646484 271 62 10.081836700439453 35.875640869140625
2.4 9.2 Vehicle 85.48236083984375 33.137630462646484 221 71 9.515597343444824 37.34929275512695
2.4 9.4 Vehicle 124.64908599853516 17.63176918029785 235 57 3.486626625061035 72.03588104248047
2.4 9.6 Vehicle 124.64908599853516 17.63176918029785 274 56 3.34010648727417 73.3519058227539
2.4 9.8 Vehicle 121.67900085449219 24.87566566467285 282 63 5.4047956466674805 55.62945556640625
2.4 10.0 Vehicle 139.79832458496094 43.88669967651367 262 52 11.553701400756836 60.84792709350586
2.6 0.2 Vehicle 21.278467178344727 151.4223175048828 64 545 250.3931884765625 270.71917724609375
2.6 0.4 Vehicle 21.278467178344727 151.4223175048828 62 545 264.6466064453125 216.5538787841797
2.6 0.6 Vehicle 21.278467178344727 151.4223175048828 63 545 227.71954345703125 164.655029296875
2.6 0.8 Vehicle 24.509845733642578 151.5999298095703 73 532 218.60183715820312 98.58307647705078
2.6 1.0 Vehicle 24.866104125976562 151.5999298095703 76 530 228.36050415039062 60.961181640625
2.6 1.2 Vehicle 24.866104125976562 151.5999298095703 77 530 236.60565185546875 31.85860824584961
2.6 1.4 Vehicle 47.70173645019531 126.17473602294922 155 426 124.84752655029297 30.335786819458008
2.6 1.6 Vehicle 47.70173645019531 126.17473602294922 149 415 115.05632781982422 30.963605880737305
2.6 1.8 Vehicle 57.78615188598633 90.73593139648438 223 322 87.1480484008789 28.19991683959961
2.6 2.0 Vehicle 60.90255355834961 66.56242370605469 204 295 28.623672485351562 36.08438491821289
2.6 2.2 Vehicle 60.90255355834961 66.56242370605469 234 295 26.2827205657959 34.397361755371094
2.6 2.4 Vehicle 60.3453483581543 62.26618576049805 222 256 26.7850399017334 32.98676300048828
2.6 2.6 Vehicle 60.3453483581543 62.26618576049805 245 244 35.16493606567383 26.060623168945312
2.6 2.8 Vehicle 64.2711181640625 55.87847137451172 267 209 25.176498413085938 29.53449821472168
2.6 3.0 Vehicle 45.26250076293945 22.041460037231445 257 180 8.05834674835205 67.9202651977539
2.6 3.2 Vehicle 45.26250076293945 22.041460037231445 237 177 7.908530235290527 49.91767501831055
2.6 3.4 Vehicle 57.4317741394043 35.00311279296875 225 184 12.847046852111816 27.387414932250977
2.6 3.6 Vehicle 57.4317741394043 35.00311279296875 218 169 10.400538444519043 30.408313751220703
2.6 3.8 Vehicle 49.44581985473633 35.58301544189453 233 154 11.35644817352295 26.119548797607422
2.6 4.0 Vehicle 58.496620178222656 28.39283561706543 248 160 10.620841979980469 32.344200134277344
2.6 4.2 Vehicle 58.496620178222656 28.39283561706543 278 154 10.985794067382812 31.523513793945312
2.6 4.4 Vehicle 58.23831558227539 25.883811950683594 268 126 7.823275089263916 30.02861785888672
2.6 4.6 Vehicle 58.23831558227539 25.883811950683594 229 148 8.752449035644531 37.34498596191406
2.6 4.8 Vehicle 62.53453063964844 27.135196685791016 245 134 8.276108741760254 29.51681900024414
2.6 5.0 Vehicle 71.60952758789062 24.88872528076172 241 132 7.800570487976074 60.6131477355957
2.6 5.2 Vehicle 71.60952758789062 24.88872528076172 236 101 11.134502410888672 40.634708404541016
2.6 5.4 Vehicle 60.21269989013672 25.06416130065918 247 107 8.948716163635254 29.554304122924805
2.6 5.6 Vehicle 60.21269989013672 25.06416130065918 262 107 8.589204788208008 29.08875846862793
2.6 5.8 Vehicle 72.12173461914062 14.346673011779785 236 84 3.0542752742767334 77.12435913085938
2.6 6.0 Vehicle 85.07598876953125 26.417810440063477 234 97 6.286793231964111 44.604949951171875
2.6 6.2 Vehicle 85.07598876953125 26.417810440063477 256 86 5.532329559326172 38.30070495605469
2.6 6.4 Vehicle 72.4345703125 20.436071395874023 256 87 4.480355739593506 37.633514404296875
2.6 6.6 Vehicle 72.4345703125 20.436071395874023 248 79 4.997651100158691 37.154476165771484
2.6 6.8 Vehicle 84.87976837158203 27.887502670288086 240 90 6.7455363273620605 32.934471130371094
2.6 7.0 Vehicle 62.98454666137695 18.569908142089844 240 83 5.139463901519775 31.068805694580078
2.6 7.2 Vehicle 62.98454666137695 18.569908142089844 240 83 5.727996826171875 33.82590866088867
2.6 7.4 Vehicle 72.1045913696289 21.60959815979004 247 81 5.653754234313965 39.90214920043945
2.6 7.6 Vehicle 72.1045913696289 21.60959815979004 274 78 6.134445667266846 33.31831741333008
2.6 7.8 Vehicle 89.16600036621094 39.2800178527832 231 83 11.597996711730957 36.570281982421875
2.6 8.0 Vehicle 77.01239013671875 25.440183639526367 203 70 6.586879730224609 36.36732482910156
2.6 8.2 Vehicle 77.01239013671875 25.440183639526367 244 79 5.93719482421875 39.39134979248047
2.6 8.4 Vehicle 71.54739379882812 24.801658630371094 236 67 6.141632080078125 34.38689422607422
2.6 8.6 Vehicle 71.54739379882812 24.801658630371094 246 72 5.895516395568848 35.145694732666016
2.6 8.8 Vehicle 78.47632598876953 27.159282684326172 262 60 8.706677436828613 38.73746871948242
2.6 9.0 Vehicle 85.48236083984375 33.137630462646484 256 65 8.344552993774414 35.057308197021484
2.6 9.2 Vehicle 85.48236083984375 33.137630462646484 234 70 7.715354919433594 30.35753059387207
2.6 9.4 Vehicle 124.64908599853516 17.63176918029785 248 60 4.0954670906066895 94.81340789794922
2.6 9.6 Vehicle 124.64908599853516 17.63176918029785 272 44 2.888849973678589 60.023460388183594
2.6 9.8 Vehicle 121.67900085449219 24.87566566467285 236 47 4.850138187408447 66.74842071533203
2.6 10.0 Vehicle 139.79832458496094 43.88669967651367 233 57 7.691634178161621 54.43417739868164
2.8 0.2 Vehicle 21.80283546447754 148.208740234375 66 544 201.9194793701172 275.24468994140625
2.8 0.4 Vehicle 21.80283546447754 148.208740234375 62 544 229.19845581054688 222.45594787597656
2.8 0.6 Vehicle 21.80283546447754 148.208740234375 69 544 204.27816772460938 167.0138702392578
2.8 0.8 Vehicle 23.268835067749023 148.3863525390625 71 537 208.27755737304688 110.08724975585938
2.8 1.0 Vehicle 23.625093460083008 148.3863525390625 75 536 219.95254516601562 68.68036651611328
2.8 1.2 Vehicle 23.625093460083008 148.3863525390625 72 482 206.47705078125 13.152073860168457
2.8 1.4 Vehicle 46.46074295043945 124.21874237060547 142 445 116.27009582519531 60.18396759033203
2.8 1.6 Vehicle 46.46074295043945 124.21874237060547 141 387 134.22593688964844 23.19333839416504
2.8 1.8 Vehicle 59.24364471435547 97.24736785888672 206 380 61.76136779785156 33.7210693359375
2.8 2.0 Vehicle 52.90108108520508 55.367767333984375 208 289 24.504737854003906 28.71897315979004
2.8 2.2 Vehicle 52.90108108520508 55.367767333984375 226 260 25.32210922241211 27.896697998046875
2.8 2.4 Vehicle 52.87571334838867 53.671112060546875 218 227 20.921300888061523 25.384241104125977
2.8 2.6 Vehicle 52.87571334838867 53.671112060546875 223 246 22.893707275390625 25.425554275512695
2.8 2.8 Vehicle 51.76128005981445 46.53535461425781 215 222 17.384809494018555 28.286975860595703
2.8 3.0 Vehicle 47.87854766845703 24.586891174316406 229 186 8.286456108093262 54.44314956665039
2.8 3.2 Vehicle 47.87854766845703 24.586891174316406 223 174 8.29582405090332 45.04778289794922
2.8 3.4 Vehicle 56.25642776489258 38.39533233642578 216 190 15.639686584472656 32.27102279663086
2.8 3.6 Vehicle 56.25642776489258 38.39533233642578 225 171 14.139324188232422 27.67821502685547
2.8 3.8 Vehicle 57.43415832519531 33.46168518066406 213 173 12.06810474395752 29.912155151367188
2.8 4.0 Vehicle 68.69692993164062 53.65427017211914 227 175 18.91352081298828 38.1417350769043
2.8 4.2 Vehicle 68.69692993164062 53.65427017211914 243 133 19.772268295288086 27.16958999633789
2.8 4.4 Vehicle 71.60964965820312 33.0507698059082 228 143 11.592605590820312 33.67985534667969
2.8 4.6 Vehicle 71.60964965820312 33.0507698059082 215 118 8.290849685668945 36.59131622314453
2.8 4.8 Vehicle 71.3352279663086 33.20553207397461 226 122 11.572918891906738 30.599458694458008
2.8 5.0 Vehicle 88.45938873291016 40.95301818847656 223 129 11.394390106201172 43.27744674682617
2.8 5.2 Vehicle 88.45938873291016 40.95301818847656 214 108 9.776110649108887 39.712764739990234
2.8 5.4 Vehicle 75.05369567871094 36.7639045715332 205 109 9.376359939575195 33.367164611816406
2.8 5.6 Vehicle 75.05369567871094 36.7639045715332 192 101 11.479476928710938 31.27956199645996
2.8 5.8 Vehicle 86.96278381347656 30.69839859008789 234 99 7.592902183532715 42.82795715332031
2.8 6.0 Vehicle 91.28816223144531 29.473867416381836 246 91 5.499992847442627 49.03525161743164
2.8 6.2 Vehicle 91.28816223144531 29.473867416381836 220 100 10.644320487976074 47.15316390991211
2.8 6.4 Vehicle 81.81130981445312 40.55437469482422 213 105 14.961189270019531 40.072608947753906
2.8 6.6 Vehicle 81.81130981445312 40.55437469482422 199 101 11.175138473510742 41.00625991821289
2.8 6.8 Vehicle 94.25650787353516 36.09929275512695 210 68 6.6546735763549805 46.84840393066406
2.8 7.0 Vehicle 69.11502838134766 25.071186065673828 204 70 5.793673515319824 27.86648941040039
2.8 7.2 Vehicle 69.11502838134766 25.071186065673828 208 79 7.00665283203125 35.576480865478516
2.8 7.4 Vehicle 73.53469848632812 26.75605010986328 244 72 8.607522010803223 34.28876495361328
2.8 7.6 Vehicle 73.53469848632812 26.75605010986328 216 79 6.485959053039551 31.447460174560547
2.8 7.8 Vehicle 84.63526916503906 35.26895523071289 213 76 9.394862174987793 38.85157012939453
2.8 8.0 Vehicle 70.5051040649414 27.982952117919922 187 73 7.3505167961120605 30.301185607910156
2.8 8.2 Vehicle 70.5051040649414 27.982952117919922 200 63 8.089832305908203 32.68761444091797
2.8 8.4 Vehicle 79.13322448730469 32.344810485839844 245 60 9.826616287231445 35.35517501831055
2.8 8.6 Vehicle 79.13322448730469 32.344810485839844 225 65 6.981310844421387 42.1662712097168
2.8 8.8 Vehicle 89.74413299560547 39.75929641723633 224 78 7.816502094268799 40.39478302001953
2.8 9.0 Vehicle 102.61109161376953 26.38106346130371 231 67 4.77694034576416 57.745731353759766
2.8 9.2 Vehicle 102.61109161376953 26.38106346130371 242 64 6.175198078155518 51.002708435058594
2.8 9.4 Vehicle 83.34541320800781 31.9063777923584 223 50 6.8765668869018555 37.65619659423828
2.8 9.6 Vehicle 83.34541320800781 31.9063777923584 251 57 8.2670259475708 40.6316032409668
2.8 9.8 Vehicle 80.18936157226562 34.07848358154297 248 56 11.721135139465332 31.13908576965332
2.8 10.0 Vehicle 100.28518676757812 29.789472579956055 245 75 7.143890380859375 43.47806167602539
3.0 0.2 Vehicle 20.581649780273438 154.6386260986328 61 547 234.21969604492188 274.4091491699219
3.0 0.4 Vehicle 20.581649780273438 154.6386260986328 59 547 248.2209014892578 213.82447814941406
3.0 0.6 Vehicle 20.581649780273438 154.6386260986328 61 547 213.0787353515625 170.54344177246094
3.0 0.8 Vehicle 22.04764747619629 154.8162384033203 69 541 225.02859497070312 105.66850280761719
3.0 1.0 Vehicle 22.403907775878906 154.8162384033203 70 539 222.76654052734375 57.89384078979492
3.0 1.2 Vehicle 22.403907775878906 154.8162384033203 70 505 232.1885528564453 15.84717845916748
3.0 1.4 Vehicle 45.239559173583984 128.1400604248047 147 433 126.59367370605469 30.961406707763672
3.0 1.6 Vehicle 45.239559173583984 128.1400604248047 138 372 144.83641052246094 20.40048599243164
3.0 1.8 Vehicle 58.0224609375 106.4175796508789 192 339 67.41374969482422 26.522727966308594
3.0 2.0 Vehicle 62.595947265625 79.78398132324219 221 312 26.776079177856445 43.19495391845703
3.0 2.2 Vehicle 62.595947265625 79.78398132324219 215 256 33.345848083496094 25.04140281677246
3.0 2.4 Vehicle 70.32093048095703 92.70780944824219 209 255 33.58332061767578 31.259613037109375
3.0 2.6 Vehicle 70.32093048095703 92.70780944824219 192 245 34.11130142211914 32.29935836791992
3.0 2.8 Vehicle 68.95665740966797 90.00170135498047 183 237 37.5014533996582 26.07939338684082
3.0 3.0 Vehicle 65.87703704833984 83.09883880615234 218 206 35.45261001586914 25.725534439086914
3.0 3.2 Vehicle 65.87703704833984 83.09883880615234 215 203 34.153419494628906 24.20050048828125
3.0 3.4 Vehicle 74.25493621826172 74.330322265625 244 204 34.473270416259766 27.09396743774414
3.0 3.6 Vehicle 74.25493621826172 74.330322265625 217 167 28.975440979003906 28.8765811920166
3.0 3.8 Vehicle 79.33837890625 64.26799011230469 207 157 21.706937789916992 30.70195198059082
3.0 4.0 Vehicle 86.5251235961914 81.16035461425781 205 162 36.668678283691406 33.08619689941406
3.0 4.2 Vehicle 86.5251235961914 81.16035461425781 221 155 30.74380874633789 43.31880187988281
3.0 4.4 Vehicle 83.5617446899414 58.44989013671875 223 130 16.70551872253418 37.62876892089844
3.0 4.6 Vehicle 83.5617446899414 58.44989013671875 209 113 18.094161987304688 33.45896530151367
3.0 4.8 Vehicle 77.41630554199219 45.96366882324219 213 124 14.386600494384766 35.746376037597656
3.0 5.0 Vehicle 93.26848602294922 49.21980667114258 185 109 13.303057670593262 41.08623504638672
3.0 5.2 Vehicle 93.26848602294922 49.21980667114258 195 108 13.01859188079834 38.12918472290039
3.0 5.4 Vehicle 87.86448669433594 52.02768325805664 211 98 14.20001220703125 32.13679504394531
3.0 5.6 Vehicle 87.86448669433594 52.02768325805664 213 113 15.04936695098877 34.866573333740234
3.0 5.8 Vehicle 80.40747833251953 42.88888931274414 220 121 12.856362342834473 37.148155212402344
3.0 6.0 Vehicle 84.42544555664062 42.94568634033203 193 110 9.875762939453125 40.06734848022461
3.0 6.2 Vehicle 84.42544555664062 42.94568634033203 202 102 12.014115333557129 34.01103973388672
3.0 6.4 Vehicle 76.0682373046875 33.042911529541016 210 105 7.299617290496826 32.273094177246094
3.0 6.6 Vehicle 76.0682373046875 33.042911529541016 177 95 7.820471286773682 39.71603775024414
3.0 6.8 Vehicle 86.91089630126953 42.16084671020508 199 91 13.999557495117188 38.6407585144043
3.0 7.0 Vehicle 66.22776794433594 30.101133346557617 215 78 9.47860336303711 27.934385299682617
3.0 7.2 Vehicle 66.22776794433594 30.101133346557617 214 84 7.741574764251709 26.930564880371094
3.0 7.4 Vehicle 70.9463882446289 31.7860050201416 201 83 8.274681091308594 27.924646377563477
3.0 7.6 Vehicle 70.9463882446289 31.7860050201416 204 85 10.56436538696289 31.485260009765625
3.0 7.8 Vehicle 86.33317565917969 51.41241455078125 201 56 16.533248901367188 32.643795013427734
3.0 8.0 Vehicle 73.01683807373047 33.01288604736328 207 91 8.811769485473633 37.97013473510742
3.0 8.2 Vehicle 73.01683807373047 33.01288604736328 202 80 8.739907264709473 33.48490524291992
3.0 8.4 Vehicle 96.0445327758789 47.14081954956055 198 66 11.580986022949219 35.19749069213867
3.0 8.6 Vehicle 96.0445327758789 47.14081954956055 212 69 11.441113471984863 43.48822784423828
3.0 8.8 Vehicle 109.08645629882812 39.23739242553711 213 71 10.669696807861328 39.2573127746582
3.0 9.0 Vehicle 103.31824493408203 32.27153015136719 209 52 5.7164716720581055 45.67540740966797
3.0 9.2 Vehicle 103.31824493408203 32.27153015136719 224 68 6.892734050750732 52.91130065917969
3.0 9.4 Vehicle 65.84402465820312 39.54123306274414 185 78 14.252551078796387 23.490053176879883
3.0 9.6 Vehicle 65.84402465820312 39.54123306274414 206 61 12.593876838684082 30.854068756103516
3.0 9.8 Vehicle 63.01611328125 45.15658187866211 193 70 15.334332466125488 22.270790100097656
3.0 10.0 Vehicle 90.35798645019531 42.74851608276367 221 69 10.602986335754395 47.26627731323242
3.2 0.2 Vehicle 20.581649780273438 154.6386260986328 59 547 232.45761108398438 273.96356201171875
3.2 0.4 Vehicle 20.581649780273438 154.6386260986328 63 547 215.90060424804688 215.9857940673828
3.2 0.6 Vehicle 20.581649780273438 154.6386260986328 66 547 209.91172790527344 165.6449432373047
3.2 0.8 Vehicle 22.04764747619629 154.8162384033203 67 541 240.34988403320312 119.21639251708984
3.2 1.0 Vehicle 22.403907775878906 154.8162384033203 64 539 227.27310180664062 61.93739700317383
3.2 1.2 Vehicle 22.403907775878906 154.8162384033203 70 506 199.84136962890625 17.63442039489746
3.2 1.4 Vehicle 45.239559173583984 128.1400604248047 141 430 122.81204223632812 31.493797302246094
3.2 1.6 Vehicle 45.239559173583984 128.1400604248047 143 397 102.3749008178711 20.308284759521484
3.2 1.8 Vehicle 58.0224609375 106.4175796508789 181 373 50.68903732299805 30.868494033813477
3.2 2.0 Vehicle 62.595947265625 79.78398132324219 202 282 35.566490173339844 36.53538513183594
3.2 2.2 Vehicle 62.595947265625 79.78398132324219 187 291 27.148466110229492 35.79496383666992
3.2 2.4 Vehicle 70.32093048095703 92.70780944824219 175 278 39.3850212097168 30.71929359436035
3.2 2.6 Vehicle 70.32093048095703 92.70780944824219 203 239 37.03112030029297 30.134410858154297
3.2 2.8 Vehicle 68.95665740966797 90.00170135498047 170 226 34.03535842895508 22.157852172851562
3.2 3.0 Vehicle 65.87703704833984 83.09883880615234 185 174 36.1400032043457 21.841411590576172
3.2 3.2 Vehicle 65.87703704833984 83.09883880615234 205 206 32.453582763671875 27.69788360595703
3.2 3.4 Vehicle 74.25493621826172 74.330322265625 199 166 26.786121368408203 28.972259521484375
3.2 3.6 Vehicle 74.25493621826172 74.330322265625 196 177 29.603124618530273 33.0350341796875
3.2 3.8 Vehicle 79.33837890625 64.26799011230469 205 166 21.653623580932617 32.600425720214844
3.2 4.0 Vehicle 86.5251235961914 81.16035461425781 191 148 27.681543350219727 35.0200080871582
3.2 4.2 Vehicle 86.5251235961914 81.16035461425781 211 144 26.965970993041992 35.73371505737305
3.2 4.4 Vehicle 83.5617446899414 58.44989013671875 193 135 17.61456871032715 30.535030364990234
3.2 4.6 Vehicle 83.5617446899414 58.44989013671875 199 134 18.0070743560791 38.59628677368164
3.2 4.8 Vehicle 77.41630554199219 45.96366882324219 217 132 18.06253433227539 36.79384231567383
3.2 5.0 Vehicle 93.26848602294922 49.21980667114258 200 116 10.487127304077148 40.45317077636719
3.2 5.2 Vehicle 93.26848602294922 49.21980667114258 201 101 12.807917594909668 34.141143798828125
3.2 5.4 Vehicle 87.86448669433594 52.02768325805664 180 89 14.160593032836914 35.88702392578125
3.2 5.6 Vehicle 87.86448669433594 52.02768325805664 201 99 15.031267166137695 38.84609603881836
3.2 5.8 Vehicle 80.40747833251953 42.88888931274414 204 101 11.69819450378418 35.862335205078125
3.2 6.0 Vehicle 84.42544555664062 42.94568634033203 161 113 9.099427223205566 42.67941665649414
3.2 6.2 Vehicle 84.42544555664062 42.94568634033203 192 103 10.607865333557129 35.22905731201172
3.2 6.4 Vehicle 76.0682373046875 33.042911529541016 193 120 7.825376033782959 36.93296432495117
3.2 6.6 Vehicle 76.0682373046875 33.042911529541016 200 89 9.636653900146484 31.924396514892578
3.2 6.8 Vehicle 86.91089630126953 42.16084671020508 175 88 8.524776458740234 40.76612091064453
3.2 7.0 Vehicle 66.22776794433594 30.101133346557617 194 71 8.671360969543457 31.85947036743164
3.2 7.2 Vehicle 66.22776794433594 30.101133346557617 200 82 7.901029109954834 29.592267990112305
3.2 7.4 Vehicle 70.9463882446289 31.7860050201416 221 105 9.75628662109375 33.26497268676758
3.2 7.6 Vehicle 70.9463882446289 31.7860050201416 186 94 7.447754383087158 34.886756896972656
3.2 7.8 Vehicle 86.33317565917969 51.41241455078125 203 73 10.741354942321777 32.70650100708008
3.2 8.0 Vehicle 73.01683807373047 33.01288604736328 205 90 9.635796546936035 32.62627410888672
3.2 8.2 Vehicle 73.01683807373047 33.01288604736328 198 79 8.342885971069336 29.90026092529297
3.2 8.4 Vehicle 96.0445327758789 47.14081954956055 194 63 10.279257774353027 45.15050506591797
3.2 8.6 Vehicle 96.0445327758789 47.14081954956055 220 71 11.347502708435059 43.218563079833984
3.2 8.8 Vehicle 109.08645629882812 39.23739242553711 202 71 7.986904144287109 52.496734619140625
3.2 9.0 Vehicle 103.31824493408203 32.27153015136719 211 54 6.389613628387451 54.09141540527344
3.2 9.2 Vehicle 103.31824493408203 32.27153015136719 223 64 6.396360874176025 46.91851806640625
3.2 9.4 Vehicle 65.84402465820312 39.54123306274414 178 63 11.998513221740723 24.818445205688477
3.2 9.6 Vehicle 65.84402465820312 39.54123306274414 193 79 13.124092102050781 29.795166015625
3.2 9.8 Vehicle 63.01611328125 45.15658187866211 209 56 15.445703506469727 20.17730712890625
3.2 10.0 Vehicle 90.35798645019531 42.74851608276367 209 70 11.860849380493164 42.95521545410156
3.4 0.2 Vehicle 20.555065155029297 156.5205078125 61 548 199.18515014648438 269.9598083496094
3.4 0.4 Vehicle 20.555065155029297 156.5205078125 64 548 212.96731567382812 212.25633239746094
3.4 0.6 Vehicle 20.555065155029297 156.5205078125 60 548 208.7559356689453 165.9155731201172
3.4 0.8 Vehicle 21.415279388427734 156.6981201171875 69 544 201.40701293945312 92.17230224609375
3.4 1.0 Vehicle 21.77153968811035 156.6981201171875 65 542 214.3149871826172 52.27366638183594
3.4 1.2 Vehicle 21.77153968811035 156.6981201171875 62 461 225.72569274902344 8.294034957885742
3.4 1.4 Vehicle 34.32706832885742 132.01930236816406 108 449 145.82737731933594 19.02480697631836
3.4 1.6 Vehicle 34.32706832885742 132.01930236816406 107 408 126.06375885009766 11.8701753616333
3.4 1.8 Vehicle 45.56285858154297 91.85236358642578 175 385 48.0736198425293 37.144004821777344
3.4 2.0 Vehicle 45.44043731689453 66.11456298828125 183 305 27.06503677368164 24.891843795776367
3.4 2.2 Vehicle 45.44043731689453 66.11456298828125 174 289 30.576885223388672 21.875259399414062
3.4 2.4 Vehicle 45.415069580078125 65.39635467529297 177 275 30.17054557800293 22.86136817932129
3.4 2.6 Vehicle 45.415069580078125 65.39635467529297 181 235 28.189119338989258 16.419878005981445
3.4 2.8 Vehicle 43.42243957519531 53.6657829284668 186 191 20.546161651611328 15.382047653198242
3.4 3.0 Vehicle 40.342811584472656 35.14197540283203 198 181 15.32214069366455 18.833450317382812
3.4 3.2 Vehicle 40.342811584472656 35.14197540283203 177 191 14.809876441955566 19.494688034057617
3.4 3.4 Vehicle 53.10332489013672 61.6109619140625 177 196 20.954601287841797 22.471763610839844
3.4 3.6 Vehicle 53.10332489013672 61.6109619140625 201 177 25.26374626159668 19.53350257873535
3.4 3.8 Vehicle 59.783111572265625 39.753849029541016 197 140 11.377850532531738 22.118724822998047
3.4 4.0 Vehicle 61.38029479980469 43.9011116027832 177 158 12.383857727050781 27.750757217407227
3.4 4.2 Vehicle 61.38029479980469 43.9011116027832 187 140 15.435614585876465 29.771923065185547
3.4 4.4 Vehicle 60.63561248779297 38.863094329833984 215 131 15.065725326538086 31.323410034179688
3.4 4.6 Vehicle 60.63561248779297 38.863094329833984 191 125 12.213351249694824 22.150239944458008
3.4 4.8 Vehicle 68.26145935058594 40.032718658447266 190 143 10.937867164611816 31.707294464111328
3.4 5.0 Vehicle 84.88887786865234 55.036842346191406 182 112 12.039861679077148 36.40286636352539
3.4 5.2 Vehicle 84.88887786865234 55.036842346191406 188 100 13.76361083984375 36.64780044555664
3.4 5.4 Vehicle 78.07332611083984 43.24518585205078 208 116 14.403379440307617 27.90858268737793
3.4 5.6 Vehicle 78.07332611083984 43.24518585205078 173 103 12.336288452148438 34.49576187133789
3.4 5.8 Vehicle 93.49459838867188 33.73395919799805 201 106 6.363757610321045 48.328922271728516
3.4 6.0 Vehicle 78.80074310302734 28.8751277923584 164 132 5.750173568725586 48.11949920654297
3.4 6.2 Vehicle 78.80074310302734 28.8751277923584 199 97 8.200437545776367 43.575225830078125
3.4 6.4 Vehicle 66.8638916015625 36.346134185791016 210 96 11.877945899963379 26.61835289001465
3.4 6.6 Vehicle 66.8638916015625 36.346134185791016 189 103 11.433757781982422 33.548675537109375
3.4 6.8 Vehicle 82.84979248046875 42.935916900634766 164 106 10.337201118469238 41.8233757019043
3.4 7.0 Vehicle 62.665687561035156 28.05363655090332 171 88 6.49045991897583 28.637889862060547
3.4 7.2 Vehicle 62.665687561035156 28.05363655090332 166 76 7.3815226554870605 32.07939910888672
3.4 7.4 Vehicle 70.04753875732422 31.35981559753418 179 81 7.2576189041137695 32.51605987548828
3.4 7.6 Vehicle 70.04753875732422 31.35981559753418 186 79 8.651216506958008 30.865697860717773
3.4 7.8 Vehicle 74.9134750366211 35.35035705566406 191 70 10.782211303710938 30.740272521972656
3.4 8.0 Vehicle 81.56848907470703 36.58165740966797 164 91 9.199005126953125 37.48155975341797
3.4 8.2 Vehicle 81.56848907470703 36.58165740966797 196 65 9.620991706848145 46.12933349609375
3.4 8.4 Vehicle 98.12471771240234 46.71463394165039 195 71 11.339152336120605 53.791873931884766
3.4 8.6 Vehicle 98.12471771240234 46.71463394165039 195 54 13.40087890625 38.771610260009766
3.4 8.8 Vehicle 118.61164855957031 38.505340576171875 185 85 8.533034324645996 54.525596618652344
3.4 9.0 Vehicle 94.98393249511719 37.518646240234375 182 77 5.665326118469238 43.110076904296875
3.4 9.2 Vehicle 94.98393249511719 37.518646240234375 192 73 9.624351501464844 55.83405685424805
3.4 9.4 Vehicle 83.47962188720703 32.93854904174805 197 73 7.959100723266602 39.22774124145508
3.4 9.6 Vehicle 83.47962188720703 32.93854904174805 208 81 6.36029052734375 34.35264587402344
3.4 9.8 Vehicle 78.87049102783203 44.8436279296875 171 68 14.628263473510742 31.638635635375977
3.4 10.0 Vehicle 68.85314178466797 48.85234451293945 195 49 14.427306175231934 31.169517517089844
3.6 0.2 Vehicle 20.555065155029297 156.5205078125 58 548 218.2550811767578 270.9932861328125
3.6 0.4 Vehicle 20.555065155029297 156.5205078125 61 548 195.0526123046875 219.24440002441406
3.6 0.6 Vehicle 20.555065155029297 156.5205078125 60 548 216.97171020507812 167.13436889648438
3.6 0.8 Vehicle 21.415279388427734 156.6981201171875 70 544 185.093505859375 89.5621337890625
3.6 1.0 Vehicle 21.77153968811035 156.6981201171875 63 542 240.16012573242188 53.48750686645508
3.6 1.2 Vehicle 21.77153968811035 156.6981201171875 68 519 192.11752319335938 19.696285247802734
3.6 1.4 Vehicle 34.32706832885742 132.01930236816406 110 458 130.83932495117188 18.710399627685547
3.6 1.6 Vehicle 34.32706832885742 132.01930236816406 105 382 130.4002685546875 10.92660140991211
3.6 1.8 Vehicle 45.56285858154297 91.85236358642578 154 367 40.3268928527832 26.316997528076172
3.6 2.0 Vehicle 45.44043731689453 66.11456298828125 175 291 29.662879943847656 19.41817283630371
3.6 2.2 Vehicle 45.44043731689453 66.11456298828125 177 273 27.29511260986328 21.40992546081543
3.6 2.4 Vehicle 45.415069580078125 65.39635467529297 159 268 26.710222244262695 19.917306900024414
3.6 2.6 Vehicle 45.415069580078125 65.39635467529297 155 249 23.488265991210938 14.001631736755371
3.6 2.8 Vehicle 43.42243957519531 53.6657829284668 175 231 21.66725730895996 21.978437423706055
3.6 3.0 Vehicle 40.342811584472656 35.14197540283203 159 201 14.384068489074707 18.738704681396484
3.6 3.2 Vehicle 40.342811584472656 35.14197540283203 166 178 14.740418434143066 17.56481170654297
3.6 3.4 Vehicle 53.10332489013672 61.6109619140625 173 166 19.165237426757812 23.031709671020508
3.6 3.6 Vehicle 53.10332489013672 61.6109619140625 209 181 25.752887725830078 22.088289260864258
3.6 3.8 Vehicle 59.783111572265625 39.753849029541016 169 152 13.560652732849121 26.078100204467773
3.6 4.0 Vehicle 61.38029479980469 43.9011116027832 186 189 15.419099807739258 29.9330997467041
3.6 4.2 Vehicle 61.38029479980469 43.9011116027832 159 137 14.34560489654541 25.658573150634766
3.6 4.4 Vehicle 60.63561248779297 38.863094329833984 195 130 11.75192928314209 23.01303482055664
3.6 4.6 Vehicle 60.63561248779297 38.863094329833984 188 137 13.178781509399414 32.53043746948242
3.6 4.8 Vehicle 68.26145935058594 40.032718658447266 166 142 10.019865036010742 32.28474044799805
3.6 5.0 Vehicle 84.88887786865234 55.036842346191406 185 121 16.553565979003906 33.801116943359375
3.6 5.2 Vehicle 84.88887786865234 55.036842346191406 192 107 15.623112678527832 35.278194427490234
3.6 5.4 Vehicle 78.07332611083984 43.24518585205078 175 128 9.719853401184082 29.197643280029297
3.6 5.6 Vehicle 78.07332611083984 43.24518585205078 193 123 13.613022804260254 41.44268035888672
3.6 5.8 Vehicle 93.49459838867188 33.73395919799805 159 103 9.36539363861084 39.02894973754883
3.6 6.0 Vehicle 78.80074310302734 28.8751277923584 144 125 5.771147727966309 35.816307067871094
3.6 6.2 Vehicle 78.80074310302734 28.8751277923584 161 98 6.447433948516846 39.84182357788086
3.6 6.4 Vehicle 66.8638916015625 36.346134185791016 174 87 10.623077392578125 24.470613479614258
3.6 6.6 Vehicle 66.8638916015625 36.346134185791016 182 98 11.319005966186523 25.948745727539062
3.6 6.8 Vehicle 82.84979248046875 42.935916900634766 177 85 13.46546745300293 28.92256736755371
3.6 7.0 Vehicle 62.665687561035156 28.05363655090332 158 75 7.244239330291748 31.28893280029297
3.6 7.2 Vehicle 62.665687561035156 28.05363655090332 184 81 8.929161071777344 26.836185455322266
3.6 7.4 Vehicle 70.04753875732422 31.35981559753418 187 78 8.162630081176758 29.84340476989746
3.6 7.6 Vehicle 70.04753875732422 31.35981559753418 167 77 8.321213722229004 33.15892791748047
3.6 7.8 Vehicle 74.9134750366211 35.35035705566406 174 77 11.211800575256348 36.266422271728516
3.6 8.0 Vehicle 81.56848907470703 36.58165740966797 164 87 8.315793991088867 32.58517074584961
3.6 8.2 Vehicle 81.56848907470703 36.58165740966797 166 76 10.121445655822754 30.638484954833984
3.6 8.4 Vehicle 98.12471771240234 46.71463394165039 179 91 11.44058609008789 41.598609924316406
3.6 8.6 Vehicle 98.12471771240234 46.71463394165039 166 71 11.542928695678711 39.617225646972656
3.6 8.8 Vehicle 118.61164855957031 38.505340576171875 186 82 8.868890762329102 52.337379455566406
3.6 9.0 Vehicle 94.98393249511719 37.518646240234375 177 65 7.339968681335449 42.466331481933594
3.6 9.2 Vehicle 94.98393249511719 37.518646240234375 160 52 9.351008415222168 44.007408142089844
3.6 9.4 Vehicle 83.47962188720703 32.93854904174805 171 42 9.671627044677734 35.33994674682617
3.6 9.6 Vehicle 83.47962188720703 32.93854904174805 198 48 6.896913528442383 43.13420486450195
3.6 9.8 Vehicle 78.87049102783203 44.8436279296875 171 62 13.730512619018555 27.650373458862305
3.6 10.0 Vehicle 68.85314178466797 48.85234451293945 163 68 12.3298921585083 25.016498565673828
3.8 0.2 Vehicle 19.219881057739258 150.02426147460938 56 555 212.98220825195312 273.479248046875
3.8 0.4 Vehicle 19.219881057739258 150.02426147460938 57 555 221.49655151367188 220.23037719726562
3.8 0.6 Vehicle 19.219881057739258 150.02426147460938 60 555 190.40867614746094 165.05502319335938
3.8 0.8 Vehicle 19.30331802368164 150.7852020263672 53 552 205.52438354492188 95.8569107055664
3.8 1.0 Vehicle 19.469446182250977 150.7852020263672 54 551 200.07034301757812 53.09446334838867
3.8 1.2 Vehicle 19.469446182250977 150.7852020263672 56 505 219.48233032226562 14.962469100952148
3.8 1.4 Vehicle 32.02495574951172 129.38479614257812 98 420 141.0357666015625 10.795848846435547
3.8 1.6 Vehicle 32.02495574951172 129.38479614257812 100 400 108.16576385498047 13.195545196533203
3.8 1.8 Vehicle 39.02759552001953 89.95953369140625 126 370 44.54282760620117 15.962587356567383
3.8 2.0 Vehicle 38.76057815551758 57.77716827392578 179 309 25.773582458496094 21.332639694213867
3.8 2.2 Vehicle 38.76057815551758 57.77716827392578 164 264 21.661157608032227 18.20797348022461
3.8 2.4 Vehicle 38.73521041870117 53.40130615234375 177 282 25.663585662841797 20.176769256591797
3.8 2.6 Vehicle 38.73521041870117 53.40130615234375 155 234 22.28662109375 14.185517311096191
3.8 2.8 Vehicle 36.74258041381836 45.701168060302734 170 250 21.40480613708496 17.331756591796875
3.8 3.0 Vehicle 34.84223556518555 30.315141677856445 162 211 11.963096618652344 17.303003311157227
3.8 3.2 Vehicle 34.84223556518555 30.315141677856445 196 224 11.8779296875 18.53740119934082
3.8 3.4 Vehicle 46.423465728759766 72.31257629394531 150 156 32.51751708984375 13.605171203613281
3.8 3.6 Vehicle 46.423465728759766 72.31257629394531 166 172 32.032413482666016 11.718038558959961
3.8 3.8 Vehicle 55.17595291137695 47.302940368652344 161 168 14.719799041748047 24.72648048400879
3.8 4.0 Vehicle 56.773136138916016 44.63801193237305 158 141 15.365673065185547 26.09878921508789
3.8 4.2 Vehicle 56.773136138916016 44.63801193237305 160 131 14.927020072937012 25.111942291259766
3.8 4.4 Vehicle 60.631839752197266 47.255855560302734 167 150 18.798324584960938 25.08478355407715
3.8 4.6 Vehicle 60.631839752197266 47.255855560302734 137 148 16.166738510131836 27.23558235168457
3.8 4.8 Vehicle 71.38040161132812 48.0511360168457 180 136 14.57060432434082 26.12491226196289
3.8 5.0 Vehicle 64.19400024414062 45.364864349365234 153 121 12.913885116577148 29.173477172851562
3.8 5.2 Vehicle 64.19400024414062 45.364864349365234 158 122 12.895524978637695 26.395488739013672
3.8 5.4 Vehicle 54.895259857177734 36.62004852294922 152 111 10.148681640625 21.40027618408203
3.8 5.6 Vehicle 54.895259857177734 36.62004852294922 174 105 11.10590934753418 20.456954956054688
3.8 5.8 Vehicle 45.00588607788086 31.99185562133789 174 113 9.627971649169922 15.863776206970215
3.8 6.0 Vehicle 61.98487091064453 40.4359016418457 149 86 11.767848014831543 24.5269775390625
3.8 6.2 Vehicle 61.98487091064453 40.4359016418457 182 96 11.641448974609375 26.002410888671875
3.8 6.4 Vehicle 45.095279693603516 43.99591064453125 176 98 16.637914657592773 15.671074867248535
3.8 6.6 Vehicle 45.095279693603516 43.99591064453125 182 81 16.91461181640625 16.262439727783203
3.8 6.8 Vehicle 69.8434829711914 43.751319885253906 172 91 10.180801391601562 31.612173080444336
3.8 7.0 Vehicle 61.49506378173828 38.75863265991211 156 106 12.807608604431152 28.739498138427734
3.8 7.2 Vehicle 61.49506378173828 38.75863265991211 181 108 11.622779846191406 23.036354064941406
3.8 7.4 Vehicle 60.486724853515625 45.373661041259766 161 78 14.463969230651855 23.396562576293945
3.8 7.6 Vehicle 60.486724853515625 45.373661041259766 180 71 14.452131271362305 22.42896270751953
3.8 7.8 Vehicle 63.487972259521484 49.364219665527344 163 87 14.399500846862793 30.015195846557617
3.8 8.0 Vehicle 67.96338653564453 46.094486236572266 183 56 12.81296157836914 26.092960357666016
3.8 8.2 Vehicle 67.96338653564453 46.094486236572266 160 64 15.38493824005127 24.246471405029297
3.8 8.4 Vehicle 81.54507446289062 44.80840301513672 156 71 11.344408988952637 31.78789710998535
3.8 8.6 Vehicle 81.54507446289062 44.80840301513672 192 59 12.783308982849121 37.59014129638672
3.8 8.8 Vehicle 105.19855499267578 50.413143157958984 184 70 14.45792007446289 44.51565170288086
3.8 9.0 Vehicle 75.67713165283203 42.72529602050781 177 79 10.612700462341309 23.997573852539062
3.8 9.2 Vehicle 75.67713165283203 42.72529602050781 151 69 9.55471420288086 29.670251846313477
3.8 9.4 Vehicle 71.1957778930664 48.90924072265625 168 57 12.218253135681152 26.834104537963867
3.8 9.6 Vehicle 71.1957778930664 48.90924072265625 163 67 15.222121238708496 29.153024673461914
3.8 9.8 Vehicle 66.5866470336914 53.072513580322266 161 74 15.57029914855957 20.310068130493164
3.8 10.0 Vehicle 45.61140060424805 63.286865234375 131 59 27.617727279663086 12.868252754211426
4.0 0.2 Vehicle 19.438371658325195 149.94342041015625 56 551 180.10218811035156 275.14471435546875
4.0 0.4 Vehicle 19.438371658325195 149.94342041015625 56 551 231.53366088867188 217.0926513671875
4.0 0.6 Vehicle 19.438371658325195 149.94342041015625 54 551 233.97755432128906 171.3435516357422
4.0 0.8 Vehicle 19.521808624267578 150.70436096191406 59 551 215.3806915283203 108.84314727783203
4.0 1.0 Vehicle 19.687936782836914 150.70436096191406 56 551 213.7932891845703 53.25328826904297
4.0 1.2 Vehicle 19.687936782836914 150.70436096191406 60 539 194.07904052734375 23.785602569580078
4.0 1.4 Vehicle 32.24345397949219 130.0617218017578 98 448 97.7855224609375 12.788500785827637
4.0 1.6 Vehicle 32.24345397949219 130.0617218017578 99 441 96.20234680175781 22.56220054626465
4.0 1.8 Vehicle 40.0334358215332 108.05775451660156 149 360 58.60093307495117 17.645423889160156
4.0 2.0 Vehicle 39.76641845703125 61.204246520996094 182 319 26.00070571899414 20.576683044433594
4.0 2.2 Vehicle 39.76641845703125 61.204246520996094 169 291 26.009693145751953 17.801483154296875
4.0 2.4 Vehicle 38.95370101928711 56.828372955322266 151 255 21.376447677612305 16.576702117919922
4.0 2.6 Vehicle 38.95370101928711 56.828372955322266 142 218 22.946977615356445 15.732423782348633
4.0 2.8 Vehicle 36.9610710144043 49.12823486328125 149 208 20.143495559692383 16.133838653564453
4.0 3.0 Vehicle 39.60698699951172 34.39512634277344 151 209 12.563090324401855 19.182052612304688
4.0 3.2 Vehicle 39.60698699951172 34.39512634277344 141 185 11.476717948913574 16.91888999938965
4.0 3.4 Vehicle 46.6419563293457 75.73963165283203 151 212 26.17270278930664 17.540395736694336
4.0 3.6 Vehicle 46.6419563293457 75.73963165283203 144 171 32.3789176940918 16.125207901000977
4.0 3.8 Vehicle 55.39444351196289 46.358158111572266 184 172 18.17096519470215 30.38691520690918
4.0 4.0 Vehicle 56.99162673950195 43.69322967529297 141 165 15.445696830749512 25.450185775756836
4.0 4.2 Vehicle 56.99162673950195 43.69322967529297 157 134 14.138015747070312 25.088199615478516
4.0 4.4 Vehicle 55.62593460083008 40.429840087890625 155 114 12.445950508117676 24.73796844482422
4.0 4.6 Vehicle 55.62593460083008 40.429840087890625 179 125 11.201001167297363 24.616331100463867
4.0 4.8 Vehicle 66.3744888305664 48.11842346191406 157 109 11.869606971740723 29.88237190246582
4.0 5.0 Vehicle 75.29016876220703 53.407779693603516 164 122 16.222957611083984 28.222854614257812
4.0 5.2 Vehicle 75.29016876220703 53.407779693603516 143 113 14.866092681884766 32.82562255859375
4.0 5.4 Vehicle 65.991455078125 48.78111267089844 184 102 16.98065757751465 28.27700424194336
4.0 5.6 Vehicle 65.991455078125 48.78111267089844 156 113 15.87170124053955 27.650802612304688
4.0 5.8 Vehicle 53.67523193359375 30.232269287109375 170 104 8.280102729797363 24.308225631713867
4.0 6.0 Vehicle 80.75569152832031 56.24578094482422 167 112 17.041128158569336 32.33436584472656
4.0 6.2 Vehicle 80.75569152832031 56.24578094482422 147 100 15.739562034606934 29.035053253173828
4.0 6.4 Vehicle 56.587646484375 54.80500411987305 142 83 20.922712326049805 20.911327362060547
4.0 6.6 Vehicle 56.587646484375 54.80500411987305 144 98 17.243980407714844 19.573352813720703
4.0 6.8 Vehicle 71.28526306152344 44.11980056762695 162 93 11.109955787658691 23.590511322021484
4.0 7.0 Vehicle 78.26836395263672 43.80864715576172 146 94 7.801560401916504 30.692462921142578
4.0 7.2 Vehicle 78.26836395263672 43.80864715576172 158 91 13.802289009094238 30.856258392333984
4.0 7.4 Vehicle 76.92623138427734 45.004173278808594 156 92 13.064284324645996 34.47134017944336
4.0 7.6 Vehicle 76.92623138427734 45.004173278808594 164 72 13.53001594543457 37.64695358276367
4.0 7.8 Vehicle 63.034725189208984 50.28195571899414 169 81 16.291492462158203 24.1003360748291
4.0 8.0 Vehicle 62.41883850097656 45.781837463378906 154 71 15.219978332519531 27.224193572998047
4.0 8.2 Vehicle 62.41883850097656 45.781837463378906 152 85 13.818124771118164 26.66950798034668
4.0 8.4 Vehicle 66.78872680664062 47.184173583984375 137 89 13.822603225708008 21.97797203063965
4.0 8.6 Vehicle 66.78872680664062 47.184173583984375 155 67 11.448660850524902 22.221534729003906
4.0 8.8 Vehicle 89.68693542480469 56.50155258178711 184 56 17.655187606811523 36.86273956298828
4.0 9.0 Vehicle 67.40015411376953 40.5999755859375 147 68 9.350672721862793 29.494176864624023
4.0 9.2 Vehicle 67.40015411376953 40.5999755859375 145 63 11.405878067016602 19.646081924438477
4.0 9.4 Vehicle 99.21927642822266 54.195335388183594 129 76 11.35373306274414 46.81209945678711
4.0 9.6 Vehicle 99.21927642822266 54.195335388183594 145 77 13.499144554138184 40.336219787597656
4.0 9.8 Vehicle 91.10169219970703 52.32200622558594 147 71 12.937074661254883 37.864749908447266
4.0 10.0 Vehicle 77.50531005859375 104.31782531738281 174 58 41.270042419433594 32.880126953125
4.2 0.2 Vehicle 19.438371658325195 149.94342041015625 59 551 158.47979736328125 274.3262023925781
4.2 0.4 Vehicle 19.438371658325195 149.94342041015625 58 551 172.2670440673828 216.51634216308594
4.2 0.6 Vehicle 19.438371658325195 149.94342041015625 58 551 203.23634338378906 156.9619140625
4.2 0.8 Vehicle 19.521808624267578 150.70436096191406 55 551 194.2613983154297 115.89476776123047
4.2 1.0 Vehicle 19.687936782836914 150.70436096191406 57 551 190.7151336669922 77.66204071044922
4.2 1.2 Vehicle 19.687936782836914 150.70436096191406 54 521 210.68650817871094 12.173120498657227
4.2 1.4 Vehicle 32.24345397949219 130.0617218017578 97 459 108.67543029785156 16.421653747558594
4.2 1.6 Vehicle 32.24345397949219 130.0617218017578 95 383 108.62583923339844 11.105022430419922
4.2 1.8 Vehicle 40.0334358215332 108.05775451660156 144 336 53.63871383666992 14.701762199401855
4.2 2.0 Vehicle 39.76641845703125 61.204246520996094 160 273 26.00954818725586 14.673639297485352
4.2 2.2 Vehicle 39.76641845703125 61.204246520996094 153 273 26.42349624633789 13.944413185119629
4.2 2.4 Vehicle 38.95370101928711 56.828372955322266 133 274 21.60768699645996 19.679096221923828
4.2 2.6 Vehicle 38.95370101928711 56.828372955322266 154 234 18.406585693359375 19.173398971557617
4.2 2.8 Vehicle 36.9610710144043 49.12823486328125 157 191 22.251314163208008 15.146926879882812
4.2 3.0 Vehicle 39.60698699951172 34.39512634277344 159 210 12.999285697937012 21.044902801513672
4.2 3.2 Vehicle 39.60698699951172 34.39512634277344 153 183 12.392690658569336 17.846708297729492
4.2 3.4 Vehicle 46.6419563293457 75.73963165283203 139 159 34.98563003540039 16.315580368041992
4.2 3.6 Vehicle 46.6419563293457 75.73963165283203 169 173 41.097251892089844 14.851317405700684
4.2 3.8 Vehicle 55.39444351196289 46.358158111572266 147 159 14.964330673217773 22.342613220214844
4.2 4.0 Vehicle 56.99162673950195 43.69322967529297 162 151 14.190312385559082 20.806970596313477
4.2 4.2 Vehicle 56.99162673950195 43.69322967529297 158 157 15.18058967590332 23.59332275390625
4.2 4.4 Vehicle 55.62593460083008 40.429840087890625 149 158 11.640731811523438 23.974735260009766
4.2 4.6 Vehicle 55.62593460083008 40.429840087890625 169 128 12.08004379272461 23.084545135498047
4.2 4.8 Vehicle 66.3744888305664 48.11842346191406 145 128 11.323602676391602 30.780900955200195
4.2 5.0 Vehicle 75.29016876220703 53.407779693603516 161 118 17.702024459838867 31.43953514099121
4.2 5.2 Vehicle 75.29016876220703 53.407779693603516 139 116 14.527205467224121 32.602210998535156
4.2 5.4 Vehicle 65.991455078125 48.78111267089844 148 92 13.696065902709961 30.568113327026367
4.2 5.6 Vehicle 65.991455078125 48.78111267089844 161 78 12.61387825012207 20.09183120727539
4.2 5.8 Vehicle 53.67523193359375 30.232269287109375 147 89 10.412644386291504 24.909772872924805
4.2 6.0 Vehicle 80.75569152832031 56.24578094482422 167 108 17.03300666809082 33.5664176940918
4.2 6.2 Vehicle 80.75569152832031 56.24578094482422 162 85 16.176448822021484 37.223045349121094
4.2 6.4 Vehicle 56.587646484375 54.80500411987305 150 101 19.794179916381836 21.251556396484375
4.2 6.6 Vehicle 56.587646484375 54.80500411987305 169 96 17.41475486755371 21.827375411987305
4.2 6.8 Vehicle 71.28526306152344 44.11980056762695 181 90 11.39075756072998 30.01449203491211
4.2 7.0 Vehicle 78.26836395263672 43.80864715576172 145 83 9.470029830932617 33.04645919799805
4.2 7.2 Vehicle 78.26836395263672 43.80864715576172 157 82 12.684548377990723 29.638874053955078
4.2 7.4 Vehicle 76.92623138427734 45.004173278808594 152 71 12.35569953918457 31.61764144897461
4.2 7.6 Vehicle 76.92623138427734 45.004173278808594 143 83 12.133519172668457 29.597103118896484
4.2 7.8 Vehicle 63.034725189208984 50.28195571899414 150 80 13.413040161132812 23.306970596313477
4.2 8.0 Vehicle 62.41883850097656 45.781837463378906 149 80 13.478636741638184 25.3989315032959
4.2 8.2 Vehicle 62.41883850097656 45.781837463378906 150 86 10.302092552185059 26.471538543701172
4.2 8.4 Vehicle 66.78872680664062 47.184173583984375 145 73 10.780739784240723 28.262313842773438
4.2 8.6 Vehicle 66.78872680664062 47.184173583984375 157 81 14.193788528442383 21.477930068969727
4.2 8.8 Vehicle 89.68693542480469 56.50155258178711 153 83 11.525529861450195 38.98949432373047
4.2 9.0 Vehicle 67.40015411376953 40.5999755859375 151 78 9.613758087158203 25.101261138916016
4.2 9.2 Vehicle 67.40015411376953 40.5999755859375 139 65 7.948026180267334 29.981077194213867
4.2 9.4 Vehicle 99.21927642822266 54.195335388183594 140 70 14.08006477355957 35.483280181884766
4.2 9.6 Vehicle 99.21927642822266 54.195335388183594 146 64 12.80406665802002 40.383575439453125
4.2 9.8 Vehicle 91.10169219970703 52.32200622558594 159 57 10.676765441894531 40.59687805175781
4.2 10.0 Vehicle 77.50531005859375 104.31782531738281 141 73 41.900489807128906 30.425559997558594
4.4 0.2 Vehicle 19.234134674072266 151.55569458007812 55 553 205.7815704345703 267.3471374511719
4.4 0.4 Vehicle 19.234134674072266 151.55569458007812 55 553 222.74574279785156 214.2312469482422
4.4 0.6 Vehicle 19.234134674072266 151.55569458007812 57 553 205.63307189941406 164.72177124023438
4.4 0.8 Vehicle 19.317569732666016 152.31663513183594 54 553 200.9490203857422 91.75942993164062
4.4 1.0 Vehicle 20.557275772094727 152.31663513183594 64 548 190.89962768554688 79.1820068359375
4.4 1.2 Vehicle 20.557275772094727 152.31663513183594 59 516 193.44398498535156 13.449441909790039
4.4 1.4 Vehicle 31.86947250366211 132.53787231445312 100 472 145.8441619873047 18.324796676635742
4.4 1.6 Vehicle 31.86947250366211 132.53787231445312 96 411 117.84933471679688 13.767159461975098
4.4 1.8 Vehicle 41.09160614013672 110.784912109375 130 331 49.96975326538086 16.275476455688477
4.4 2.0 Vehicle 37.500335693359375 70.29639434814453 119 316 31.17751121520996 17.863649368286133
4.4 2.2 Vehicle 37.500335693359375 70.29639434814453 142 293 26.277421951293945 15.004456520080566
4.4 2.4 Vehicle 36.687618255615234 65.92053985595703 146 247 30.21055030822754 15.265702247619629
4.4 2.6 Vehicle 36.687618255615234 65.92053985595703 136 241 26.67036247253418 14.470650672912598
4.4 2.8 Vehicle 38.097259521484375 58.220340728759766 135 248 24.007478713989258 18.421897888183594
4.4 3.0 Vehicle 41.1484375 50.389408111572266 142 216 20.775848388671875 19.36530876159668
4.4 3.2 Vehicle 41.1484375 50.389408111572266 152 192 21.14423370361328 15.185381889343262
4.4 3.4 Vehicle 48.31801986694336 82.60173034667969 144 181 32.146461486816406 13.239590644836426
4.4 3.6 Vehicle 48.31801986694336 82.60173034667969 137 152 46.25083541870117 16.326602935791016
4.4 3.8 Vehicle 58.33514404296875 50.55703353881836 139 188 15.262825012207031 25.08124351501465
4.4 4.0 Vehicle 62.81793212890625 55.54796600341797 137 171 13.739128112792969 24.403106689453125
4.4 4.2 Vehicle 62.81793212890625 55.54796600341797 119 142 19.296640396118164 27.70794677734375
4.4 4.4 Vehicle 61.452239990234375 48.59967041015625 144 120 16.046552658081055 23.299718856811523
4.4 4.6 Vehicle 61.452239990234375 48.59967041015625 149 145 14.520476341247559 29.21782112121582
4.4 4.8 Vehicle 73.1163101196289 48.07964324951172 172 138 12.384836196899414 26.580310821533203
4.4 5.0 Vehicle 88.83540344238281 65.42296600341797 164 128 17.508602142333984 39.579246520996094
4.4 5.2 Vehicle 88.83540344238281 65.42296600341797 155 117 19.762338638305664 37.43055725097656
4.4 5.4 Vehicle 79.9918212890625 55.259159088134766 131 124 14.298656463623047 31.093849182128906
4.4 5.6 Vehicle 79.9918212890625 55.259159088134766 150 108 15.714641571044922 37.65355682373047
4.4 5.8 Vehicle 59.87199401855469 51.37376403808594 175 112 16.643146514892578 24.763317108154297
4.4 6.0 Vehicle 87.16498565673828 53.12303924560547 139 106 12.563912391662598 34.535316467285156
4.4 6.2 Vehicle 87.16498565673828 53.12303924560547 141 95 13.755226135253906 36.48159408569336
4.4 6.4 Vehicle 71.03877258300781 42.200233459472656 135 84 9.312026023864746 31.105276107788086
4.4 6.6 Vehicle 71.03877258300781 42.200233459472656 132 91 12.39449405670166 25.3305721282959
4.4 6.8 Vehicle 88.96402740478516 69.5956802368164 132 93 17.667007446289062 33.91923522949219
4.4 7.0 Vehicle 110.36283111572266 90.4933090209961 155 98 28.989397048950195 40.25827407836914
4.4 7.2 Vehicle 110.36283111572266 90.4933090209961 165 86 27.011953353881836 36.3417854309082
4.4 7.4 Vehicle 146.55868530273438 45.91246032714844 144 81 8.05459976196289 68.72277069091797
4.4 7.6 Vehicle 146.55868530273438 45.91246032714844 147 81 5.858517169952393 67.9354476928711
4.4 7.8 Vehicle 102.8597640991211 66.3490219116211 159 77 17.593690872192383 35.16185760498047
4.4 8.0 Vehicle 100.6783218383789 59.3591194152832 138 76 11.144657135009766 39.96323013305664
4.4 8.2 Vehicle 100.6783218383789 59.3591194152832 125 88 11.942873001098633 39.065345764160156
4.4 8.4 Vehicle 104.76580047607422 56.19157409667969 146 72 12.959662437438965 39.15069580078125
4.4 8.6 Vehicle 104.76580047607422 56.19157409667969 150 64 12.363150596618652 47.42658233642578
4.4 8.8 Vehicle 94.59049224853516 51.78355407714844 135 62 11.929893493652344 48.1729621887207
4.4 9.0 Vehicle 43.12010192871094 28.928924560546875 155 83 9.747945785522461 18.794374465942383
4.4 9.2 Vehicle 43.12010192871094 28.928924560546875 157 89 7.9141058921813965 22.468812942504883
4.4 9.4 Vehicle 92.92161560058594 47.23563003540039 134 60 12.02482795715332 42.10661697387695
4.4 9.6 Vehicle 92.92161560058594 47.23563003540039 130 62 11.479837417602539 36.313575744628906
4.4 9.8 Vehicle 84.80403137207031 54.406639099121094 158 62 12.670940399169922 27.07560920715332
4.4 10.0 Vehicle 97.69093322753906 85.58834075927734 137 69 22.76552963256836 36.36285400390625
4.6 0.2 Vehicle 19.234134674072266 151.55569458007812 54 553 219.17799377441406 273.62518310546875
4.6 0.4 Vehicle 19.234134674072266 151.55569458007812 57 553 193.1682891845703 217.42190551757812
4.6 0.6 Vehicle 19.234134674072266 151.55569458007812 56 553 186.035400390625 160.66546630859375
4.6 0.8 Vehicle 19.317569732666016 152.31663513183594 54 553 185.65606689453125 112.29639434814453
4.6 1.0 Vehicle 20.557275772094727 152.31663513183594 58 548 192.18641662597656 60.64238739013672
4.6 1.2 Vehicle 20.557275772094727 152.31663513183594 58 520 191.8087615966797 12.572282791137695
4.6 1.4 Vehicle 31.86947250366211 132.53787231445312 94 425 98.94307708740234 13.876519203186035
4.6 1.6 Vehicle 31.86947250366211 132.53787231445312 95 429 107.20453643798828 11.706660270690918
4.6 1.8 Vehicle 41.09160614013672 110.784912109375 144 312 55.67807388305664 19.01088523864746
4.6 2.0 Vehicle 37.500335693359375 70.29639434814453 109 337 30.209875106811523 19.329910278320312
4.6 2.2 Vehicle 37.500335693359375 70.29639434814453 126 276 27.310081481933594 13.876314163208008
4.6 2.4 Vehicle 36.687618255615234 65.92053985595703 128 279 27.079687118530273 15.030728340148926
4.6 2.6 Vehicle 36.687618255615234 65.92053985595703 140 234 31.36488914489746 15.219463348388672
4.6 2.8 Vehicle 38.097259521484375 58.220340728759766 148 203 24.77904510498047 14.416021347045898
4.6 3.0 Vehicle 41.1484375 50.389408111572266 124 240 15.476186752319336 16.055477142333984
4.6 3.2 Vehicle 41.1484375 50.389408111572266 116 217 17.454483032226562 14.238438606262207
4.6 3.4 Vehicle 48.31801986694336 82.60173034667969 119 179 30.1885929107666 15.224854469299316
4.6 3.6 Vehicle 48.31801986694336 82.60173034667969 121 167 41.22412109375 14.086349487304688
4.6 3.8 Vehicle 58.33514404296875 50.55703353881836 133 166 13.060590744018555 24.994123458862305
4.6 4.0 Vehicle 62.81793212890625 55.54796600341797 158 145 18.695602416992188 27.61124038696289
4.6 4.2 Vehicle 62.81793212890625 55.54796600341797 129 128 16.318349838256836 22.534664154052734
4.6 4.4 Vehicle 61.452239990234375 48.59967041015625 113 143 14.714502334594727 24.577068328857422
4.6 4.6 Vehicle 61.452239990234375 48.59967041015625 148 128 18.24013328552246 26.727914810180664
4.6 4.8 Vehicle 73.1163101196289 48.07964324951172 158 130 14.614770889282227 28.32891082763672
4.6 5.0 Vehicle 88.83540344238281 65.42296600341797 152 116 20.145843505859375 36.027427673339844
4.6 5.2 Vehicle 88.83540344238281 65.42296600341797 153 116 19.718873977661133 36.651214599609375
4.6 5.4 Vehicle 79.9918212890625 55.259159088134766 133 106 12.074597358703613 26.29545021057129
4.6 5.6 Vehicle 79.9918212890625 55.259159088134766 136 116 12.541467666625977 38.90249252319336
4.6 5.8 Vehicle 59.87199401855469 51.37376403808594 138 116 14.656496047973633 25.085756301879883
4.6 6.0 Vehicle 87.16498565673828 53.12303924560547 140 95 13.366134643554688 34.5782470703125
4.6 6.2 Vehicle 87.16498565673828 53.12303924560547 143 89 9.941367149353027 37.47569274902344
4.6 6.4 Vehicle 71.03877258300781 42.200233459472656 139 106 10.34436321258545 33.09305953979492
4.6 6.6 Vehicle 71.03877258300781 42.200233459472656 129 97 9.480875968933105 32.087135314941406
4.6 6.8 Vehicle 88.96402740478516 69.5956802368164 128 103 17.894638061523438 36.49759292602539
4.6 7.0 Vehicle 110.36283111572266 90.4933090209961 123 95 30.811748504638672 36.820613861083984
4.6 7.2 Vehicle 110.36283111572266 90.4933090209961 138 103 24.947494506835938 29.24533462524414
4.6 7.4 Vehicle 146.55868530273438 45.91246032714844 150 85 7.180392265319824 62.257503509521484
4.6 7.6 Vehicle 146.55868530273438 45.91246032714844 169 72 7.5936431884765625 64.58717346191406
4.6 7.8 Vehicle 102.8597640991211 66.3490219116211 150 78 13.117901802062988 44.38991165161133
4.6 8.0 Vehicle 100.6783218383789 59.3591194152832 118 90 14.375014305114746 40.59342956542969
4.6 8.2 Vehicle 100.6783218383789 59.3591194152832 116 77 12.297839164733887 40.97785568237305
4.6 8.4 Vehicle 104.76580047607422 56.19157409667969 126 81 10.899134635925293 45.469749450683594
4.6 8.6 Vehicle 104.76580047607422 56.19157409667969 131 73 11.634966850280762 33.76271438598633
4.6 8.8 Vehicle 94.59049224853516 51.78355407714844 126 86 12.073497772216797 37.559085845947266
4.6 9.0 Vehicle 43.12010192871094 28.928924560546875 134 59 7.639447212219238 21.166337966918945
4.6 9.2 Vehicle 43.12010192871094 28.928924560546875 142 85 9.093169212341309 17.550748825073242
4.6 9.4 Vehicle 92.92161560058594 47.23563003540039 128 61 11.41001033782959 44.36698913574219
4.6 9.6 Vehicle 92.92161560058594 47.23563003540039 134 52 11.843731880187988 39.29477310180664
4.6 9.8 Vehicle 84.80403137207031 54.406639099121094 135 57 13.227547645568848 34.41752243041992
4.6 10.0 Vehicle 97.69093322753906 85.58834075927734 136 36 23.064664840698242 20.962970733642578
4.8 0.2 Vehicle 22.94481086730957 147.71026611328125 64 538 197.73533630371094 272.6083984375
4.8 0.4 Vehicle 22.94481086730957 147.71026611328125 68 538 159.22129821777344 219.14944458007812
4.8 0.6 Vehicle 22.94481086730957 147.71026611328125 65 538 165.6544952392578 167.5491485595703
4.8 0.8 Vehicle 23.02824592590332 148.47120666503906 71 538 145.9657745361328 109.44856262207031
4.8 1.0 Vehicle 24.26795196533203 148.47120666503906 70 533 192.0702362060547 63.970611572265625
4.8 1.2 Vehicle 24.26795196533203 148.47120666503906 72 533 195.76666259765625 19.123271942138672
4.8 1.4 Vehicle 35.580162048339844 129.71067810058594 91 439 64.7015151977539 20.15304946899414
4.8 1.6 Vehicle 35.580162048339844 129.71067810058594 109 409 79.45663452148438 14.37713623046875
4.8 1.8 Vehicle 44.802284240722656 126.99443817138672 100 351 58.62196350097656 17.33109474182129
4.8 2.0 Vehicle 44.5352668762207 95.72578430175781 136 316 45.24859619140625 17.099761962890625
4.8 2.2 Vehicle 44.5352668762207 95.72578430175781 111 291 40.09331130981445 20.08123779296875
4.8 2.4 Vehicle 43.72254943847656 87.70165252685547 103 281 33.64739990234375 12.537565231323242
4.8 2.6 Vehicle 43.72254943847656 87.70165252685547 137 234 44.76725769042969 14.817944526672363
4.8 2.8 Vehicle 43.61440658569336 75.55048370361328 133 223 31.8836612701416 14.424927711486816
4.8 3.0 Vehicle 46.66558837890625 59.85182189941406 116 214 19.427501678466797 16.82879638671875
4.8 3.2 Vehicle 46.66558837890625 59.85182189941406 113 182 22.161897659301758 15.112150192260742
4.8 3.4 Vehicle 53.835166931152344 80.96497344970703 121 197 33.26351547241211 16.140666961669922
4.8 3.6 Vehicle 53.835166931152344 80.96497344970703 133 178 33.84707260131836 18.565948486328125
4.8 3.8 Vehicle 69.2087631225586 77.24249267578125 143 149 26.02556037902832 21.0716495513916
4.8 4.0 Vehicle 63.126808166503906 48.361637115478516 117 155 11.173450469970703 33.15106201171875
4.8 4.2 Vehicle 63.126808166503906 48.361637115478516 105 160 12.780168533325195 30.943471908569336
4.8 4.4 Vehicle 61.76111602783203 41.4133415222168 120 154 13.122265815734863 29.721872329711914
4.8 4.6 Vehicle 61.76111602783203 41.4133415222168 115 138 10.51904582977295 29.595069885253906
4.8 4.8 Vehicle 72.24796295166016 40.8933219909668 139 130 7.484555721282959 34.17784118652344
4.8 5.0 Vehicle 83.87419128417969 63.50941467285156 140 123 15.9927978515625 31.04310417175293
4.8 5.2 Vehicle 83.87419128417969 63.50941467285156 160 112 15.3604097366333 31.80318260192871
4.8 5.4 Vehicle 74.40887451171875 42.51530838012695 141 89 9.708977699279785 33.927555084228516
4.8 5.6 Vehicle 74.40887451171875 42.51530838012695 134 118 13.441215515136719 37.960811614990234
4.8 5.8 Vehicle 52.077335357666016 30.89956283569336 116 95 6.808755397796631 23.754533767700195
4.8 6.0 Vehicle 79.3703384399414 34.66205596923828 125 79 7.444990158081055 36.66926956176758
4.8 6.2 Vehicle 79.3703384399414 34.66205596923828 109 86 6.825541019439697 36.4537467956543
4.8 6.4 Vehicle 63.24418640136719 44.77904510498047 130 94 9.926240921020508 22.469505310058594
4.8 6.6 Vehicle 63.24418640136719 44.77904510498047 134 107 14.095744132995605 23.706470489501953
4.8 6.8 Vehicle 81.92011260986328 79.8177719116211 107 81 19.22753143310547 25.565616607666016
4.8 7.0 Vehicle 95.5652847290039 77.80763244628906 135 94 18.85807228088379 35.066192626953125
4.8 7.2 Vehicle 95.5652847290039 77.80763244628906 113 96 20.011611938476562 35.620384216308594
4.8 7.4 Vehicle 131.76112365722656 91.83673858642578 102 97 18.217334747314453 59.95047378540039
4.8 7.6 Vehicle 131.76112365722656 91.83673858642578 126 91 19.1334228515625 41.957672119140625
4.8 7.8 Vehicle 80.32422637939453 49.19723129272461 126 91 10.656197547912598 29.35451889038086
4.8 8.0 Vehicle 78.54959106445312 44.28750991821289 127 70 13.871024131774902 36.03849792480469
4.8 8.2 Vehicle 78.54959106445312 44.28750991821289 117 64 14.174674034118652 38.407894134521484
4.8 8.4 Vehicle 78.54792785644531 49.4503173828125 100 83 9.83391284942627 25.279996871948242
4.8 8.6 Vehicle 78.54792785644531 49.4503173828125 139 93 12.736396789550781 31.03643035888672
4.8 8.8 Vehicle 104.66449737548828 55.73012161254883 111 66 11.985817909240723 33.674922943115234
4.8 9.0 Vehicle 50.85984420776367 52.753822326660156 141 74 18.565401077270508 19.494461059570312
4.8 9.2 Vehicle 50.85984420776367 52.753822326660156 140 47 21.050668716430664 15.616132736206055
4.8 9.4 Vehicle 71.9293212890625 56.10719299316406 123 78 19.514753341674805 25.774051666259766
4.8 9.6 Vehicle 71.9293212890625 56.10719299316406 114 67 16.069801330566406 28.06475067138672
4.8 9.8 Vehicle 76.3691177368164 62.23674774169922 143 71 18.927244186401367 30.604637145996094
4.8 10.0 Vehicle 68.86229705810547 83.60543823242188 140 73 32.37397766113281 20.275503158569336
5.0 0.2 Vehicle 20.260223388671875 151.1663360595703 58 550 134.90850830078125 273.25128173828125
5.0 0.4 Vehicle 20.260223388671875 151.1663360595703 60 550 154.6234588623047 215.59364318847656
5.0 0.6 Vehicle 20.260223388671875 151.1663360595703 59 550 190.3734588623047 167.364501953125
5.0 0.8 Vehicle 20.75324058532715 151.92727661132812 58 546 183.26007080078125 120.34188842773438
5.0 1.0 Vehicle 20.486190795898438 151.92727661132812 61 547 167.54168701171875 45.526153564453125
5.0 1.2 Vehicle 20.486190795898438 151.92727661132812 57 544 176.66075134277344 25.95918083190918
5.0 1.4 Vehicle 31.69761085510254 132.5514373779297 98 476 90.96917724609375 18.766313552856445
5.0 1.6 Vehicle 31.69761085510254 132.5514373779297 92 421 64.79338073730469 11.800701141357422
5.0 1.8 Vehicle 39.28173828125 122.81951904296875 114 363 67.74656677246094 15.612415313720703
5.0 2.0 Vehicle 39.01472091674805 88.54985809326172 114 329 37.236934661865234 15.650921821594238
5.0 2.2 Vehicle 39.01472091674805 88.54985809326172 118 290 40.019630432128906 14.50102710723877
5.0 2.4 Vehicle 39.01472091674805 86.57991027832031 144 264 44.88473892211914 14.706497192382812
5.0 2.6 Vehicle 39.01472091674805 86.57991027832031 129 240 45.28584671020508 13.144112586975098
5.0 2.8 Vehicle 38.46411895751953 74.07427215576172 121 223 31.05583381652832 13.35045337677002
5.0 3.0 Vehicle 41.51530075073242 65.3978500366211 100 219 21.952836990356445 13.501646995544434
5.0 3.2 Vehicle 41.51530075073242 65.3978500366211 109 203 28.051786422729492 14.406351089477539
5.0 3.4 Vehicle 46.40019607543945 90.83182525634766 137 172 35.73146057128906 12.537307739257812
5.0 3.6 Vehicle 46.40019607543945 90.83182525634766 117 179 34.64951705932617 11.612353324890137
5.0 3.8 Vehicle 53.95137023925781 74.02295684814453 97 171 21.814971923828125 20.336116790771484
5.0 4.0 Vehicle 52.519039154052734 57.60423278808594 126 154 19.921606063842773 17.730756759643555
5.0 4.2 Vehicle 52.519039154052734 57.60423278808594 111 153 21.10259437561035 22.0971736907959
5.0 4.4 Vehicle 51.15334701538086 44.94565200805664 126 133 14.140070915222168 19.193462371826172
5.0 4.6 Vehicle 51.15334701538086 44.94565200805664 133 132 13.427225112915039 21.772586822509766
5.0 4.8 Vehicle 60.55176544189453 47.96762466430664 121 132 13.65955638885498 23.82862091064453
5.0 5.0 Vehicle 73.31147766113281 47.088829040527344 117 143 13.970104217529297 35.293983459472656
5.0 5.2 Vehicle 73.31147766113281 47.088829040527344 128 119 10.871003150939941 30.160547256469727
5.0 5.4 Vehicle 66.49610137939453 49.444515228271484 125 107 9.229375839233398 26.154296875
5.0 5.6 Vehicle 66.49610137939453 49.444515228271484 131 103 12.974074363708496 26.5498046875
5.0 5.8 Vehicle 47.86023712158203 33.20738983154297 141 113 10.160151481628418 21.075693130493164
5.0 6.0 Vehicle 57.528629302978516 52.272239685058594 104 109 9.336974143981934 20.001426696777344
5.0 6.2 Vehicle 57.528629302978516 52.272239685058594 131 116 16.27737808227539 23.87406349182129
5.0 6.4 Vehicle 49.475582122802734 53.150596618652344 132 118 17.62559700012207 19.675657272338867
5.0 6.6 Vehicle 49.475582122802734 53.150596618652344 116 81 17.08562469482422 13.477739334106445
5.0 6.8 Vehicle 68.15156555175781 83.62318420410156 138 82 26.09537696838379 15.260055541992188
5.0 7.0 Vehicle 74.31114959716797 53.611820220947266 130 100 17.569854736328125 27.169652938842773
5.0 7.2 Vehicle 74.31114959716797 53.611820220947266 117 92 14.539143562316895 29.82170867919922
5.0 7.4 Vehicle 109.4375991821289 64.88243103027344 129 69 14.51484489440918 42.81260681152344
5.0 7.6 Vehicle 109.4375991821289 64.88243103027344 125 71 12.332310676574707 53.796268463134766
5.0 7.8 Vehicle 58.00068664550781 71.5732421875 108 78 28.260181427001953 19.834394454956055
5.0 8.0 Vehicle 62.97323989868164 50.229736328125 144 75 15.815549850463867 24.165517807006836
5.0 8.2 Vehicle 62.97323989868164 50.229736328125 122 76 13.059371948242188 24.504995346069336
5.0 8.4 Vehicle 59.53025817871094 60.590965270996094 119 62 18.35049819946289 17.623889923095703
5.0 8.6 Vehicle 59.53025817871094 60.590965270996094 140 62 22.017303466796875 18.984127044677734
5.0 8.8 Vehicle 85.11628723144531 55.117069244384766 130 73 11.53052806854248 31.56378173828125
5.0 9.0 Vehicle 64.91961669921875 41.44933319091797 136 91 9.314743041992188 23.403743743896484
5.0 9.2 Vehicle 64.91961669921875 41.44933319091797 108 80 9.66016960144043 24.707082748413086
5.0 9.4 Vehicle 75.0741958618164 45.16840744018555 130 72 11.752184867858887 21.263389587402344
5.0 9.6 Vehicle 75.0741958618164 45.16840744018555 116 67 10.836884498596191 25.825223922729492
5.0 9.8 Vehicle 80.86125183105469 43.26616287231445 133 66 13.170024871826172 39.40519714355469
5.0 10.0 Vehicle 64.05656433105469 56.62206268310547 121 58 15.710185050964355 20.329484939575195
5.2 0.2 Vehicle 20.260223388671875 151.1663360595703 56 550 148.65394592285156 277.4101867675781
5.2 0.4 Vehicle 20.260223388671875 151.1663360595703 60 550 155.1553192138672 219.53643798828125
5.2 0.6 Vehicle 20.260223388671875 151.1663360595703 60 550 166.17990112304688 160.66259765625
5.2 0.8 Vehicle 20.75324058532715 151.92727661132812 58 546 166.29946899414062 104.97555541992188
5.2 1.0 Vehicle 20.486190795898438 151.92727661132812 57 547 203.56405639648438 53.117835998535156
5.2 1.2 Vehicle 20.486190795898438 151.92727661132812 58 506 204.55613708496094 8.236024856567383
5.2 1.4 Vehicle 31.69761085510254 132.5514373779297 81 452 64.73605346679688 14.63044261932373
5.2 1.6 Vehicle 31.69761085510254 132.5514373779297 97 396 114.04873657226562 12.617814064025879
5.2 1.8 Vehicle 39.28173828125 122.81951904296875 99 391 57.79770278930664 16.607912063598633
5.2 2.0 Vehicle 39.01472091674805 88.54985809326172 98 319 37.435142517089844 14.966991424560547
5.2 2.2 Vehicle 39.01472091674805 88.54985809326172 103 310 35.488189697265625 14.19921875
5.2 2.4 Vehicle 39.01472091674805 86.57991027832031 112 249 35.18309020996094 14.049234390258789
5.2 2.6 Vehicle 39.01472091674805 86.57991027832031 112 201 39.150909423828125 14.621710777282715
5.2 2.8 Vehicle 38.46411895751953 74.07427215576172 114 235 33.89994812011719 12.154573440551758
5.2 3.0 Vehicle 41.51530075073242 65.3978500366211 122 211 25.412826538085938 14.510966300964355
5.2 3.2 Vehicle 41.51530075073242 65.3978500366211 109 206 23.275108337402344 15.56132984161377
5.2 3.4 Vehicle 46.40019607543945 90.83182525634766 121 172 38.89595031738281 11.614243507385254
5.2 3.6 Vehicle 46.40019607543945 90.83182525634766 107 190 39.90890121459961 15.200061798095703
5.2 3.8 Vehicle 53.95137023925781 74.02295684814453 123 171 28.07050895690918 19.293903350830078
5.2 4.0 Vehicle 52.519039154052734 57.60423278808594 107 151 16.010356903076172 19.684873580932617
5.2 4.2 Vehicle 52.519039154052734 57.60423278808594 120 142 18.587665557861328 20.152040481567383
5.2 4.4 Vehicle 51.15334701538086 44.94565200805664 130 153 14.470470428466797 17.99547576904297
5.2 4.6 Vehicle 51.15334701538086 44.94565200805664 135 149 15.265932083129883 24.2962703704834
5.2 4.8 Vehicle 60.55176544189453 47.96762466430664 132 106 14.530695915222168 24.22751808166504
5.2 5.0 Vehicle 73.31147766113281 47.088829040527344 107 126 10.802809715270996 32.03270721435547
5.2 5.2 Vehicle 73.31147766113281 47.088829040527344 120 115 9.975522994995117 24.205486297607422
5.2 5.4 Vehicle 66.49610137939453 49.444515228271484 127 106 13.924437522888184 30.38167381286621
5.2 5.6 Vehicle 66.49610137939453 49.444515228271484 115 122 15.713330268859863 25.450464248657227
5.2 5.8 Vehicle 47.86023712158203 33.20738983154297 117 104 11.148824691772461 22.788753509521484
5.2 6.0 Vehicle 57.528629302978516 52.272239685058594 110 96 13.321391105651855 19.712942123413086
5.2 6.2 Vehicle 57.528629302978516 52.272239685058594 125 98 15.737817764282227 18.354888916015625
5.2 6.4 Vehicle 49.475582122802734 53.150596618652344 135 86 19.58363914489746 14.385077476501465
5.2 6.6 Vehicle 49.475582122802734 53.150596618652344 96 77 14.617992401123047 15.192950248718262
5.2 6.8 Vehicle 68.15156555175781 83.62318420410156 113 106 27.889057159423828 21.576684951782227
5.2 7.0 Vehicle 74.31114959716797 53.611820220947266 96 93 14.648551940917969 28.324373245239258
5.2 7.2 Vehicle 74.31114959716797 53.611820220947266 108 92 13.735918998718262 28.77499008178711
5.2 7.4 Vehicle 109.4375991821289 64.88243103027344 147 84 11.836520195007324 45.31203079223633
5.2 7.6 Vehicle 109.4375991821289 64.88243103027344 145 72 15.252976417541504 48.42873764038086
5.2 7.8 Vehicle 58.00068664550781 71.5732421875 91 97 17.57938003540039 16.893108367919922
5.2 8.0 Vehicle 62.97323989868164 50.229736328125 112 95 14.267494201660156 27.048290252685547
5.2 8.2 Vehicle 62.97323989868164 50.229736328125 135 98 11.489477157592773 27.61547088623047
5.2 8.4 Vehicle 59.53025817871094 60.590965270996094 126 68 18.203523635864258 16.830677032470703
5.2 8.6 Vehicle 59.53025817871094 60.590965270996094 110 79 13.062968254089355 19.739383697509766
5.2 8.8 Vehicle 85.11628723144531 55.117069244384766 123 66 15.120381355285645 42.197635650634766
5.2 9.0 Vehicle 64.91961669921875 41.44933319091797 115 80 11.435052871704102 28.176259994506836
5.2 9.2 Vehicle 64.91961669921875 41.44933319091797 123 85 12.376629829406738 25.04528045654297
5.2 9.4 Vehicle 75.0741958618164 45.16840744018555 121 71 11.319825172424316 23.108821868896484
5.2 9.6 Vehicle 75.0741958618164 45.16840744018555 124 55 14.192907333374023 26.694543838500977
5.2 9.8 Vehicle 80.86125183105469 43.26616287231445 129 65 9.94915771484375 32.6121940612793
5.2 10.0 Vehicle 64.05656433105469 56.62206268310547 145 44 17.871675491333008 15.186450004577637
5.4 0.2 Vehicle 20.432144165039062 150.4297637939453 58 548 187.70895385742188 272.9111328125
5.4 0.4 Vehicle 20.432144165039062 150.4297637939453 56 548 201.47401428222656 219.98269653320312
5.4 0.6 Vehicle 20.432144165039062 150.4297637939453 60 548 174.12940979003906 160.06346130371094
5.4 0.8 Vehicle 20.925161361694336 151.02609252929688 58 548 155.17019653320312 121.15879821777344
5.4 1.0 Vehicle 20.658111572265625 151.02609252929688 58 549 152.5499267578125 58.40695571899414
5.4 1.2 Vehicle 20.658111572265625 151.02609252929688 56 527 187.9125213623047 21.14232635498047
5.4 1.4 Vehicle 31.869556427001953 130.81674194335938 96 473 62.63458251953125 15.573715209960938
5.4 1.6 Vehicle 31.869556427001953 130.81674194335938 86 428 69.08042907714844 13.895914077758789
5.4 1.8 Vehicle 39.45365905761719 122.68635559082031 103 336 58.917816162109375 15.43433666229248
5.4 2.0 Vehicle 39.186641693115234 89.5953598022461 107 338 39.30357360839844 18.063264846801758
5.4 2.2 Vehicle 39.186641693115234 89.5953598022461 98 285 31.024879455566406 14.348235130310059
5.4 2.4 Vehicle 39.186641693115234 83.24324035644531 131 249 40.67629623413086 15.123542785644531
5.4 2.6 Vehicle 39.186641693115234 83.24324035644531 136 244 37.22523880004883 13.984452247619629
5.4 2.8 Vehicle 38.63603973388672 66.31103515625 115 197 30.631711959838867 13.27211856842041
5.4 3.0 Vehicle 40.74391174316406 65.24211883544922 99 229 22.569843292236328 15.542508125305176
5.4 3.2 Vehicle 40.74391174316406 65.24211883544922 108 207 26.62779998779297 12.223628044128418
5.4 3.4 Vehicle 44.41432571411133 74.29794311523438 128 174 29.486698150634766 18.042211532592773
5.4 3.6 Vehicle 44.41432571411133 74.29794311523438 118 161 26.618162155151367 16.336101531982422
5.4 3.8 Vehicle 52.21318054199219 68.44156646728516 109 155 25.25217056274414 20.221763610839844
5.4 4.0 Vehicle 50.78084945678711 52.02284622192383 120 160 18.638471603393555 21.02974510192871
5.4 4.2 Vehicle 50.78084945678711 52.02284622192383 115 134 17.850677490234375 21.436634063720703
5.4 4.4 Vehicle 49.415157318115234 44.585269927978516 93 132 16.195297241210938 20.595306396484375
5.4 4.6 Vehicle 49.415157318115234 44.585269927978516 118 119 15.059276580810547 18.459030151367188
5.4 4.8 Vehicle 58.813575744628906 43.484127044677734 123 148 15.423300743103027 23.371410369873047
5.4 5.0 Vehicle 71.57329559326172 47.70210647583008 125 122 12.897706985473633 29.476032257080078
5.4 5.2 Vehicle 71.57329559326172 47.70210647583008 140 109 17.00490379333496 30.5242977142334
5.4 5.4 Vehicle 64.75791931152344 50.40256118774414 93 106 15.391845703125 23.384923934936523
5.4 5.6 Vehicle 64.75791931152344 50.40256118774414 115 115 16.11458969116211 25.687442779541016
5.4 5.8 Vehicle 50.594932556152344 33.21860122680664 126 88 9.197739601135254 23.841785430908203
5.4 6.0 Vehicle 56.63854217529297 57.113075256347656 138 98 16.0367374420166 23.857749938964844
5.4 6.2 Vehicle 56.63854217529297 57.113075256347656 108 99 15.301493644714355 17.37091064453125
5.4 6.4 Vehicle 44.10036849975586 76.0574722290039 122 87 31.040626525878906 11.200276374816895
5.4 6.6 Vehicle 44.10036849975586 76.0574722290039 118 98 31.144330978393555 11.178466796875
5.4 6.8 Vehicle 65.61985778808594 82.93482208251953 109 81 24.582035064697266 23.238521575927734
5.4 7.0 Vehicle 64.94194793701172 60.935977935791016 99 87 22.197465896606445 23.228639602661133
5.4 7.2 Vehicle 64.94194793701172 60.935977935791016 109 85 19.036001205444336 19.7490234375
5.4 7.4 Vehicle 77.63518524169922 44.09681701660156 120 87 11.509366035461426 31.609195709228516
5.4 7.6 Vehicle 77.63518524169922 44.09681701660156 129 77 9.722105026245117 32.64868927001953
5.4 7.8 Vehicle 58.91523361206055 67.72469329833984 104 75 21.217634201049805 18.528827667236328
5.4 8.0 Vehicle 64.35942077636719 44.26674270629883 134 78 12.5249605178833 28.02461051940918
5.4 8.2 Vehicle 64.35942077636719 44.26674270629883 122 70 10.431448936462402 24.372182846069336
5.4 8.4 Vehicle 58.98006820678711 54.289451599121094 107 76 16.657163619995117 26.304553985595703
5.4 8.6 Vehicle 58.98006820678711 54.289451599121094 120 76 19.28673553466797 18.246849060058594
5.4 8.8 Vehicle 79.33332061767578 39.63131332397461 105 83 7.122674465179443 31.993955612182617
5.4 9.0 Vehicle 93.10308074951172 47.832923889160156 119 54 9.740056037902832 42.498435974121094
5.4 9.2 Vehicle 93.10308074951172 47.832923889160156 135 67 10.311898231506348 46.14418411254883
5.4 9.4 Vehicle 83.33036804199219 39.30655288696289 120 78 9.598481178283691 39.27846908569336
5.4 9.6 Vehicle 83.33036804199219 39.30655288696289 122 76 11.431070327758789 35.92560958862305
5.4 9.8 Vehicle 89.11742401123047 48.32155990600586 125 56 11.778349876403809 37.08571243286133
5.4 10.0 Vehicle 66.43424987792969 50.807857513427734 133 60 17.117008209228516 23.72674560546875
5.6 0.2 Vehicle 20.432144165039062 150.4297637939453 61 548 153.69483947753906 270.0758056640625
5.6 0.4 Vehicle 20.432144165039062 150.4297637939453 58 548 163.20970153808594 224.11746215820312
5.6 0.6 Vehicle 20.432144165039062 150.4297637939453 62 548 162.00177001953125 175.8380584716797
5.6 0.8 Vehicle 20.925161361694336 151.02609252929688 57 548 171.8542938232422 114.45040893554688
5.6 1.0 Vehicle 20.658111572265625 151.02609252929688 57 549 174.73989868164062 53.76252365112305
5.6 1.2 Vehicle 20.658111572265625 151.02609252929688 60 488 197.0551300048828 11.75856876373291
5.6 1.4 Vehicle 31.869556427001953 130.81674194335938 86 447 69.99677276611328 16.497278213500977
5.6 1.6 Vehicle 31.869556427001953 130.81674194335938 85 404 80.30256652832031 12.415058135986328
5.6 1.8 Vehicle 39.45365905761719 122.68635559082031 95 401 54.80033493041992 19.010236740112305
5.6 2.0 Vehicle 39.186641693115234 89.5953598022461 105 314 35.86081314086914 16.027406692504883
5.6 2.2 Vehicle 39.186641693115234 89.5953598022461 87 328 36.83872985839844 17.243244171142578
5.6 2.4 Vehicle 39.186641693115234 83.24324035644531 126 275 41.282222747802734 15.042489051818848
5.6 2.6 Vehicle 39.186641693115234 83.24324035644531 130 232 42.91041946411133 13.386762619018555
5.6 2.8 Vehicle 38.63603973388672 66.31103515625 118 249 28.9061336517334 14.654443740844727
5.6 3.0 Vehicle 40.74391174316406 65.24211883544922 117 189 24.91887664794922 13.812594413757324
5.6 3.2 Vehicle 40.74391174316406 65.24211883544922 103 209 22.82681655883789 14.264123916625977
5.6 3.4 Vehicle 44.41432571411133 74.29794311523438 107 173 29.069904327392578 14.263022422790527
5.6 3.6 Vehicle 44.41432571411133 74.29794311523438 111 181 27.846574783325195 13.85446834564209
5.6 3.8 Vehicle 52.21318054199219 68.44156646728516 108 160 22.510353088378906 20.23276138305664
5.6 4.0 Vehicle 50.78084945678711 52.02284622192383 131 155 20.802114486694336 19.921056747436523
5.6 4.2 Vehicle 50.78084945678711 52.02284622192383 118 137 19.522069931030273 20.53443717956543
5.6 4.4 Vehicle 49.415157318115234 44.585269927978516 116 163 14.692269325256348 19.8807373046875
5.6 4.6 Vehicle 49.415157318115234 44.585269927978516 118 129 11.28659439086914 20.40233612060547
5.6 4.8 Vehicle 58.813575744628906 43.484127044677734 106 139 12.116592407226562 32.94919967651367
5.6 5.0 Vehicle 71.57329559326172 47.70210647583008 136 117 14.680285453796387 30.768301010131836
5.6 5.2 Vehicle 71.57329559326172 47.70210647583008 116 115 10.708515167236328 29.134462356567383
5.6 5.4 Vehicle 64.75791931152344 50.40256118774414 118 92 14.03802490234375 23.80501365661621
5.6 5.6 Vehicle 64.75791931152344 50.40256118774414 123 98 18.519929885864258 24.889179229736328
5.6 5.8 Vehicle 50.594932556152344 33.21860122680664 117 97 8.987197875976562 21.215503692626953
5.6 6.0 Vehicle 56.63854217529297 57.113075256347656 97 92 19.2299747467041 17.375377655029297
5.6 6.2 Vehicle 56.63854217529297 57.113075256347656 114 96 23.593717575073242 16.633934020996094
5.6 6.4 Vehicle 44.10036849975586 76.0574722290039 113 111 28.950069427490234 9.58759593963623
5.6 6.6 Vehicle 44.10036849975586 76.0574722290039 123 80 35.04906463623047 10.32935905456543
5.6 6.8 Vehicle 65.61985778808594 82.93482208251953 113 91 29.947975158691406 21.96562957763672
5.6 7.0 Vehicle 64.94194793701172 60.935977935791016 116 99 21.016786575317383 21.43739891052246
5.6 7.2 Vehicle 64.94194793701172 60.935977935791016 131 105 19.560516357421875 21.806669235229492
5.6 7.4 Vehicle 77.63518524169922 44.09681701660156 129 74 9.474278450012207 35.38945007324219
5.6 7.6 Vehicle 77.63518524169922 44.09681701660156 116 84 11.755130767822266 33.74945831298828
5.6 7.8 Vehicle 58.91523361206055 67.72469329833984 108 70 25.698745727539062 17.02362632751465
5.6 8.0 Vehicle 64.35942077636719 44.26674270629883 108 72 13.466585159301758 27.080047607421875
5.6 8.2 Vehicle 64.35942077636719 44.26674270629883 106 66 10.191668510437012 24.90045166015625
5.6 8.4 Vehicle 58.98006820678711 54.289451599121094 115 66 20.237083435058594 21.10401725769043
5.6 8.6 Vehicle 58.98006820678711 54.289451599121094 109 79 15.524662017822266 19.885099411010742
5.6 8.8 Vehicle 79.33332061767578 39.63131332397461 125 64 6.1261887550354 32.84467697143555
5.6 9.0 Vehicle 93.10308074951172 47.832923889160156 90 57 10.281631469726562 40.88640213012695
5.6 9.2 Vehicle 93.10308074951172 47.832923889160156 103 77 11.987674713134766 35.703250885009766
5.6 9.4 Vehicle 83.33036804199219 39.30655288696289 103 61 9.487150192260742 30.77096176147461
5.6 9.6 Vehicle 83.33036804199219 39.30655288696289 122 59 8.987072944641113 33.310951232910156
5.6 9.8 Vehicle 89.11742401123047 48.32155990600586 111 59 9.539239883422852 28.95477867126465
5.6 10.0 Vehicle 66.43424987792969 50.807857513427734 127 57 13.874847412109375 22.39622688293457
5.8 0.2 Vehicle 21.788166046142578 152.44956970214844 64 543 177.29635620117188 280.7332458496094
5.8 0.4 Vehicle 21.788166046142578 152.44956970214844 61 543 127.63961029052734 217.45333862304688
5.8 0.6 Vehicle 21.788166046142578 152.44956970214844 62 543 153.45147705078125 156.2968292236328
5.8 0.8 Vehicle 22.28118324279785 152.3224334716797 63 541 152.5508575439453 102.61805725097656
5.8 1.0 Vehicle 22.01413345336914 152.3224334716797 63 542 147.85580444335938 44.357975006103516
5.8 1.2 Vehicle 22.01413345336914 152.3224334716797 67 528 154.21572875976562 16.710046768188477
5.8 1.4 Vehicle 31.678333282470703 130.9561767578125 90 433 84.30022430419922 13.55125617980957
5.8 1.6 Vehicle 31.678333282470703 130.9561767578125 88 388 79.08228302001953 10.94941234588623
5.8 1.8 Vehicle 39.262474060058594 121.91400909423828 84 394 54.30436706542969 19.5461368560791
5.8 2.0 Vehicle 38.99545669555664 93.00660705566406 86 332 38.76350402832031 15.936555862426758
5.8 2.2 Vehicle 38.99545669555664 93.00660705566406 106 272 46.25809860229492 14.619280815124512
5.8 2.4 Vehicle 38.99545669555664 83.56491088867188 101 236 33.71757888793945 12.881016731262207
5.8 2.6 Vehicle 38.99545669555664 83.56491088867188 114 214 36.77168655395508 12.072174072265625
5.8 2.8 Vehicle 41.40545654296875 84.92257690429688 116 236 37.15961456298828 12.140998840332031
5.8 3.0 Vehicle 43.86585998535156 69.45550537109375 112 210 28.23617172241211 18.264198303222656
5.8 3.2 Vehicle 43.86585998535156 69.45550537109375 135 189 31.712322235107422 15.87829875946045
5.8 3.4 Vehicle 50.038490295410156 84.97284698486328 120 179 33.758487701416016 16.51750946044922
5.8 3.6 Vehicle 50.038490295410156 84.97284698486328 109 188 38.24457931518555 16.086837768554688
5.8 3.8 Vehicle 58.292381286621094 56.48896408081055 109 144 16.031620025634766 19.9998722076416
5.8 4.0 Vehicle 62.967918395996094 60.42578125 104 148 18.24692726135254 23.195598602294922
5.8 4.2 Vehicle 62.967918395996094 60.42578125 129 150 20.216352462768555 24.657543182373047
5.8 4.4 Vehicle 64.27816772460938 45.830936431884766 112 133 11.757919311523438 28.98198127746582
5.8 4.6 Vehicle 64.27816772460938 45.830936431884766 112 146 13.41603946685791 26.605501174926758
5.8 4.8 Vehicle 73.72423553466797 50.305397033691406 101 128 15.500826835632324 33.88282775878906
5.8 5.0 Vehicle 81.89596557617188 72.39146423339844 104 136 22.46351432800293 27.522069931030273
5.8 5.2 Vehicle 81.89596557617188 72.39146423339844 118 143 22.324058532714844 31.721723556518555
5.8 5.4 Vehicle 76.88504791259766 59.24417495727539 112 108 16.66312026977539 30.918941497802734
5.8 5.6 Vehicle 76.88504791259766 59.24417495727539 95 121 16.26912498474121 27.18946075439453
5.8 5.8 Vehicle 59.31950759887695 59.247520446777344 117 106 20.776304244995117 18.10744857788086
5.8 6.0 Vehicle 75.05354309082031 48.499324798583984 108 126 13.337038040161133 29.38627052307129
5.8 6.2 Vehicle 75.05354309082031 48.499324798583984 113 95 12.996272087097168 27.490276336669922
5.8 6.4 Vehicle 44.7470588684082 82.74920654296875 89 89 33.680084228515625 12.020120620727539
5.8 6.6 Vehicle 44.7470588684082 82.74920654296875 98 106 27.057910919189453 11.247358322143555
5.8 6.8 Vehicle 58.29484939575195 103.10526275634766 77 95 38.830604553222656 12.06234073638916
5.8 7.0 Vehicle 67.46046447753906 64.83389282226562 100 84 17.156238555908203 23.410512924194336
5.8 7.2 Vehicle 67.46046447753906 64.83389282226562 104 92 16.78835105895996 27.52931022644043
5.8 7.4 Vehicle 90.32318115234375 64.70046997070312 118 82 18.497514724731445 29.98345184326172
5.8 7.6 Vehicle 90.32318115234375 64.70046997070312 106 68 16.984384536743164 36.963523864746094
5.8 7.8 Vehicle 55.58525466918945 77.86054992675781 99 80 32.53207015991211 18.05190086364746
5.8 8.0 Vehicle 42.644561767578125 42.3842887878418 99 75 14.58182144165039 12.912360191345215
5.8 8.2 Vehicle 42.644561767578125 42.3842887878418 103 69 16.393747329711914 16.717281341552734
5.8 8.4 Vehicle 37.26523971557617 41.301734924316406 114 71 15.396885871887207 12.836159706115723
5.8 8.6 Vehicle 37.26523971557617 41.301734924316406 104 87 15.915534019470215 10.830710411071777
5.8 8.8 Vehicle 53.64326477050781 51.181671142578125 98 69 20.479005813598633 20.102258682250977
5.8 9.0 Vehicle 59.350616455078125 48.27060317993164 108 67 13.48239517211914 24.16343879699707
5.8 9.2 Vehicle 59.350616455078125 48.27060317993164 109 61 14.000730514526367 18.217073440551758
5.8 9.4 Vehicle 40.28263473510742 34.095645904541016 108 66 10.193241119384766 16.934171676635742
5.8 9.6 Vehicle 40.28263473510742 34.095645904541016 106 60 9.0147123336792 13.774953842163086
5.8 9.8 Vehicle 51.2654914855957 46.71467208862305 87 56 13.86750316619873 10.240950584411621
5.8 10.0 Vehicle 78.06520080566406 40.2703742980957 121 76 7.847675800323486 34.75749206542969
6.0 0.2 Vehicle 18.62925910949707 152.65797424316406 54 555 185.2740020751953 276.95074462890625
6.0 0.4 Vehicle 18.62925910949707 152.65797424316406 52 555 158.01734924316406 222.6617889404297
6.0 0.6 Vehicle 18.62925910949707 152.65797424316406 53 555 164.5802001953125 159.91184997558594
6.0 0.8 Vehicle 17.598896026611328 152.5308380126953 48 560 189.5540313720703 105.90609741210938
6.0 1.0 Vehicle 17.331846237182617 152.5308380126953 50 561 209.83670043945312 40.95170974731445
6.0 1.2 Vehicle 17.331846237182617 152.5308380126953 46 520 198.35293579101562 10.735298156738281
6.0 1.4 Vehicle 26.28781509399414 124.96208190917969 106 433 67.99954223632812 13.690335273742676
6.0 1.6 Vehicle 26.28781509399414 124.96208190917969 103 362 99.62234497070312 7.172356605529785
6.0 1.8 Vehicle 34.16486740112305 120.46495056152344 91 373 58.80864334106445 11.470751762390137
6.0 2.0 Vehicle 33.897850036621094 93.76805877685547 87 328 38.153297424316406 12.953211784362793
6.0 2.2 Vehicle 33.897850036621094 93.76805877685547 96 296 48.55788040161133 12.759537696838379
6.0 2.4 Vehicle 33.897850036621094 83.98641204833984 99 251 37.15421676635742 12.500783920288086
6.0 2.6 Vehicle 33.897850036621094 83.98641204833984 102 217 36.558231353759766 10.196737289428711
6.0 2.8 Vehicle 36.952301025390625 69.89021301269531 108 229 32.846923828125 12.73214054107666
6.0 3.0 Vehicle 35.74905776977539 55.36703872680664 112 219 18.574384689331055 14.74744701385498
6.0 3.2 Vehicle 35.74905776977539 55.36703872680664 107 193 22.0282039642334 13.032711029052734
6.0 3.4 Vehicle 45.58533477783203 95.46068572998047 92 194 36.05485153198242 14.16277027130127
6.0 3.6 Vehicle 45.58533477783203 95.46068572998047 89 169 37.998111724853516 13.143476486206055
6.0 3.8 Vehicle 53.83922576904297 78.66297912597656 80 157 29.244190216064453 17.998706817626953
6.0 4.0 Vehicle 61.022552490234375 76.93473815917969 117 186 29.337116241455078 21.911415100097656
6.0 4.2 Vehicle 61.022552490234375 76.93473815917969 121 151 20.589757919311523 19.744340896606445
6.0 4.4 Vehicle 60.555213928222656 60.866119384765625 105 133 23.314485549926758 20.443668365478516
6.0 4.6 Vehicle 60.555213928222656 60.866119384765625 115 138 19.817689895629883 22.114398956298828
6.0 4.8 Vehicle 66.79348754882812 68.68702697753906 88 140 22.702207565307617 31.412134170532227
6.0 5.0 Vehicle 72.9989013671875 67.15248107910156 94 129 18.949726104736328 33.02978515625
6.0 5.2 Vehicle 72.9989013671875 67.15248107910156 125 113 21.23646354675293 27.841978073120117
6.0 5.4 Vehicle 72.7503662109375 71.64459991455078 107 101 20.231538772583008 25.214662551879883
6.0 5.6 Vehicle 72.7503662109375 71.64459991455078 114 103 25.16390609741211 28.463991165161133
6.0 5.8 Vehicle 57.2692756652832 69.07769012451172 106 104 26.045400619506836 15.067760467529297
6.0 6.0 Vehicle 58.80461883544922 70.23274230957031 108 108 21.413761138916016 21.74673080444336
6.0 6.2 Vehicle 58.80461883544922 70.23274230957031 93 94 27.827768325805664 19.314424514770508
6.0 6.4 Vehicle 38.05184555053711 63.7631950378418 128 98 25.199464797973633 13.085586547851562
6.0 6.6 Vehicle 38.05184555053711 63.7631950378418 113 98 29.56307601928711 9.309432029724121
6.0 6.8 Vehicle 51.599639892578125 89.83834838867188 82 89 26.458534240722656 11.614602088928223
6.0 7.0 Vehicle 73.79965209960938 56.74228286743164 100 98 13.839770317077637 29.721694946289062
6.0 7.2 Vehicle 73.79965209960938 56.74228286743164 88 84 13.904232025146484 31.1815242767334
6.0 7.4 Vehicle 97.08891296386719 93.70787811279297 91 69 36.70992660522461 27.03564453125
6.0 7.6 Vehicle 97.08891296386719 93.70787811279297 104 70 27.196537017822266 33.914825439453125
6.0 7.8 Vehicle 54.10398864746094 75.2175521850586 90 80 31.294273376464844 14.741198539733887
6.0 8.0 Vehicle 39.68302917480469 38.031829833984375 106 79 13.073143005371094 13.317398071289062
6.0 8.2 Vehicle 39.68302917480469 38.031829833984375 118 72 11.5084228515625 10.50411605834961
6.0 8.4 Vehicle 34.3037109375 41.14677047729492 114 77 18.17655372619629 12.419651985168457
6.0 8.6 Vehicle 34.3037109375 41.14677047729492 135 75 12.740619659423828 10.896883010864258
6.0 8.8 Vehicle 59.36851501464844 58.80705261230469 116 66 19.06562042236328 21.94264793395996
6.0 9.0 Vehicle 88.67282104492188 54.96433639526367 124 64 10.341288566589355 31.206222534179688
6.0 9.2 Vehicle 88.67282104492188 54.96433639526367 106 57 13.110356330871582 30.615825653076172
6.0 9.4 Vehicle 102.73809051513672 56.5006217956543 100 60 12.416390419006348 43.76588439941406
6.0 9.6 Vehicle 102.73809051513672 56.5006217956543 104 55 13.214226722717285 43.26752471923828
6.0 9.8 Vehicle 121.84927368164062 38.702369689941406 111 65 6.628643989562988 54.81495666503906
6.0 10.0 Vehicle 154.19711303710938 45.8292350769043 123 51 6.061978340148926 76.6295394897461
6.2 0.2 Vehicle 18.62925910949707 152.65797424316406 54 555 197.23703002929688 272.6651611328125
6.2 0.4 Vehicle 18.62925910949707 152.65797424316406 52 555 181.48968505859375 213.17320251464844
6.2 0.6 Vehicle 18.62925910949707 152.65797424316406 52 555 168.99000549316406 173.62142944335938
6.2 0.8 Vehicle 17.598896026611328 152.5308380126953 49 560 238.04824829101562 101.8515625
6.2 1.0 Vehicle 17.331846237182617 152.5308380126953 47 561 227.9311981201172 52.35702133178711
6.2 1.2 Vehicle 17.331846237182617 152.5308380126953 52 550 136.53016662597656 13.170149803161621
6.2 1.4 Vehicle 26.28781509399414 124.96208190917969 82 445 55.83933639526367 12.087833404541016
6.2 1.6 Vehicle 26.28781509399414 124.96208190917969 90 391 79.83667755126953 9.624772071838379
6.2 1.8 Vehicle 34.16486740112305 120.46495056152344 85 347 62.59992599487305 12.16028881072998
6.2 2.0 Vehicle 33.897850036621094 93.76805877685547 99 317 44.042762756347656 10.067839622497559
6.2 2.2 Vehicle 33.897850036621094 93.76805877685547 83 300 38.655948638916016 9.59603214263916
6.2 2.4 Vehicle 33.897850036621094 83.98641204833984 105 273 39.42313003540039 12.692272186279297
6.2 2.6 Vehicle 33.897850036621094 83.98641204833984 110 252 36.45695495605469 11.516640663146973
6.2 2.8 Vehicle 36.952301025390625 69.89021301269531 96 202 30.591995239257812 10.603117942810059
6.2 3.0 Vehicle 35.74905776977539 55.36703872680664 95 211 18.574785232543945 14.473286628723145
6.2 3.2 Vehicle 35.74905776977539 55.36703872680664 83 214 24.945497512817383 11.603973388671875
6.2 3.4 Vehicle 45.58533477783203 95.46068572998047 108 166 44.53860855102539 14.37875747680664
6.2 3.6 Vehicle 45.58533477783203 95.46068572998047 98 192 35.51848220825195 13.518921852111816
6.2 3.8 Vehicle 53.83922576904297 78.66297912597656 88 178 26.378578186035156 20.05430030822754
6.2 4.0 Vehicle 61.022552490234375 76.93473815917969 72 136 20.077301025390625 23.77698516845703
6.2 4.2 Vehicle 61.022552490234375 76.93473815917969 116 160 30.013347625732422 21.904205322265625
6.2 4.4 Vehicle 60.555213928222656 60.866119384765625 103 124 18.29715919494629 24.354598999023438
6.2 4.6 Vehicle 60.555213928222656 60.866119384765625 80 122 16.56426429748535 25.122543334960938
6.2 4.8 Vehicle 66.79348754882812 68.68702697753906 111 117 21.714351654052734 29.09148597717285
6.2 5.0 Vehicle 72.9989013671875 67.15248107910156 96 101 18.20093536376953 24.809677124023438
6.2 5.2 Vehicle 72.9989013671875 67.15248107910156 102 136 16.030946731567383 27.81165885925293
6.2 5.4 Vehicle 72.7503662109375 71.64459991455078 119 104 23.087526321411133 24.73641586303711
6.2 5.6 Vehicle 72.7503662109375 71.64459991455078 110 97 21.9505672454834 22.975725173950195
6.2 5.8 Vehicle 57.2692756652832 69.07769012451172 91 104 24.146366119384766 18.04755401611328
6.2 6.0 Vehicle 58.80461883544922 70.23274230957031 89 77 18.871614456176758 18.56666374206543
6.2 6.2 Vehicle 58.80461883544922 70.23274230957031 108 106 25.385560989379883 18.050344467163086
6.2 6.4 Vehicle 38.05184555053711 63.7631950378418 90 101 24.301267623901367 10.444478988647461
6.2 6.6 Vehicle 38.05184555053711 63.7631950378418 104 83 24.87742805480957 10.030177116394043
6.2 6.8 Vehicle 51.599639892578125 89.83834838867188 108 109 33.98381423950195 11.421285629272461
6.2 7.0 Vehicle 73.79965209960938 56.74228286743164 104 84 16.1837158203125 26.643970489501953
6.2 7.2 Vehicle 73.79965209960938 56.74228286743164 95 109 19.252628326416016 26.616918563842773
6.2 7.4 Vehicle 97.08891296386719 93.70787811279297 112 71 24.749338150024414 21.449975967407227
6.2 7.6 Vehicle 97.08891296386719 93.70787811279297 103 76 25.392921447753906 29.046161651611328
6.2 7.8 Vehicle 54.10398864746094 75.2175521850586 88 81 30.617076873779297 14.231780052185059
6.2 8.0 Vehicle 39.68302917480469 38.031829833984375 100 84 15.771306037902832 16.929088592529297
6.2 8.2 Vehicle 39.68302917480469 38.031829833984375 99 74 15.083786964416504 12.944570541381836
6.2 8.4 Vehicle 34.3037109375 41.14677047729492 104 75 13.84876823425293 14.074057579040527
6.2 8.6 Vehicle 34.3037109375 41.14677047729492 105 79 15.588330268859863 12.593094825744629
6.2 8.8 Vehicle 59.36851501464844 58.80705261230469 102 79 23.05631446838379 25.130102157592773
6.2 9.0 Vehicle 88.67282104492188 54.96433639526367 100 59 14.734938621520996 35.94598388671875
6.2 9.2 Vehicle 88.67282104492188 54.96433639526367 109 61 15.566583633422852 40.772525787353516
6.2 9.4 Vehicle 102.73809051513672 56.5006217956543 98 60 13.58528995513916 43.092308044433594
6.2 9.6 Vehicle 102.73809051513672 56.5006217956543 88 67 12.665929794311523 43.0132942199707
6.2 9.8 Vehicle 121.84927368164062 38.702369689941406 105 67 6.882959365844727 55.07012176513672
6.2 10.0 Vehicle 154.19711303710938 45.8292350769043 113 67 6.54451847076416 65.00857543945312
6.4 0.2 Vehicle 17.33625030517578 152.498291015625 50 561 180.4561004638672 267.5425720214844
6.4 0.4 Vehicle 17.33625030517578 152.498291015625 48 561 168.08660888671875 216.9732208251953
6.4 0.6 Vehicle 17.33625030517578 152.498291015625 48 561 165.73948669433594 162.17913818359375
6.4 0.8 Vehicle 16.305885314941406 152.37115478515625 50 565 171.33309936523438 93.64566802978516
6.4 1.0 Vehicle 16.038835525512695 152.37115478515625 46 566 188.59854125976562 46.72360610961914
6.4 1.2 Vehicle 16.038835525512695 152.37115478515625 47 495 180.84324645996094 7.197687149047852
6.4 1.4 Vehicle 23.672069549560547 122.32220458984375 83 460 64.6631851196289 11.576950073242188
6.4 1.6 Vehicle 23.672069549560547 122.32220458984375 90 395 84.79643249511719 7.835297107696533
6.4 1.8 Vehicle 31.814489364624023 111.5817642211914 94 343 48.730064392089844 12.611955642700195
6.4 2.0 Vehicle 31.547473907470703 105.15910339355469 91 319 54.85100555419922 9.168051719665527
6.4 2.2 Vehicle 31.547473907470703 105.15910339355469 96 276 48.29855728149414 9.460052490234375
6.4 2.4 Vehicle 31.547473907470703 88.60675811767578 97 228 37.784908294677734 9.09744644165039
6.4 2.6 Vehicle 31.547473907470703 88.60675811767578 110 239 39.0035285949707 7.358214378356934
6.4 2.8 Vehicle 34.60192108154297 71.90117645263672 108 239 30.370283126831055 12.182829856872559
6.4 3.0 Vehicle 33.798519134521484 61.18711853027344 97 199 25.597505569458008 13.87447738647461
6.4 3.2 Vehicle 33.798519134521484 61.18711853027344 85 196 26.06228256225586 10.775811195373535
6.4 3.4 Vehicle 43.03584289550781 94.63345336914062 91 188 34.748313903808594 12.209705352783203
6.4 3.6 Vehicle 43.03584289550781 94.63345336914062 106 173 37.83351516723633 12.12497329711914
6.4 3.8 Vehicle 51.28973388671875 83.37662506103516 116 185 34.8855094909668 16.882986068725586
6.4 4.0 Vehicle 57.70027160644531 78.71708679199219 96 152 25.36623191833496 20.66297149658203
6.4 4.2 Vehicle 57.70027160644531 78.71708679199219 104 161 28.402986526489258 18.662139892578125
6.4 4.4 Vehicle 57.232933044433594 61.72102355957031 106 136 18.29228973388672 17.941852569580078
6.4 4.6 Vehicle 57.232933044433594 61.72102355957031 100 118 20.676069259643555 18.776309967041016
6.4 4.8 Vehicle 96.09781646728516 131.37916564941406 79 144 50.1451530456543 32.744110107421875
6.4 5.0 Vehicle 93.41473388671875 93.92561340332031 115 116 34.78103256225586 34.01227569580078
6.4 5.2 Vehicle 93.41473388671875 93.92561340332031 120 101 31.738557815551758 32.58690643310547
6.4 5.4 Vehicle 109.13489532470703 121.31236267089844 87 118 35.46543884277344 38.39506912231445
6.4 5.6 Vehicle 109.13489532470703 121.31236267089844 96 110 35.99505615234375 38.597259521484375
6.4 5.8 Vehicle 96.36038208007812 110.3348159790039 96 110 40.86385726928711 28.57740592956543
6.4 6.0 Vehicle 94.52430725097656 67.49408721923828 91 134 12.21623706817627 42.52008056640625
6.4 6.2 Vehicle 94.52430725097656 67.49408721923828 105 102 17.096881866455078 35.00831604003906
6.4 6.4 Vehicle 53.18063735961914 52.18355941772461 93 85 15.051084518432617 21.59571075439453
6.4 6.6 Vehicle 53.18063735961914 52.18355941772461 90 101 15.731624603271484 15.072052955627441
6.4 6.8 Vehicle 65.97769927978516 88.59916687011719 94 95 33.945411682128906 21.8759765625
6.4 7.0 Vehicle 88.17772674560547 91.49281311035156 112 94 27.837724685668945 29.058385848999023
6.4 7.2 Vehicle 88.17772674560547 91.49281311035156 102 95 28.56083869934082 33.53425598144531
6.4 7.4 Vehicle 111.46697998046875 86.1873550415039 106 84 19.7728271484375 44.302886962890625
6.4 7.6 Vehicle 111.46697998046875 86.1873550415039 94 88 23.326129913330078 38.08110046386719
6.4 7.8 Vehicle 61.518028259277344 73.28485107421875 106 90 21.046998977661133 18.175596237182617
6.4 8.0 Vehicle 44.17778778076172 39.23884582519531 97 78 10.193249702453613 15.677017211914062
6.4 8.2 Vehicle 44.17778778076172 39.23884582519531 96 75 9.702275276184082 17.955575942993164
6.4 8.4 Vehicle 38.7984619140625 35.46491622924805 99 69 12.347887992858887 13.672832489013672
6.4 8.6 Vehicle 38.7984619140625 35.46491622924805 80 76 11.835715293884277 15.149513244628906
6.4 8.8 Vehicle 52.978546142578125 50.71051025390625 93 67 17.53215789794922 21.524574279785156
6.4 9.0 Vehicle 70.84371948242188 49.609954833984375 123 67 16.84795570373535 26.44634246826172
6.4 9.2 Vehicle 70.84371948242188 49.609954833984375 99 66 15.593982696533203 25.116962432861328
6.4 9.4 Vehicle 54.501617431640625 47.60655212402344 79 61 13.059211730957031 23.571489334106445
6.4 9.6 Vehicle 54.501617431640625 47.60655212402344 98 60 13.220292091369629 20.07341957092285
6.4 9.8 Vehicle 66.5699462890625 50.45161437988281 92 61 17.465272903442383 26.257619857788086
6.4 10.0 Vehicle 58.3037223815918 60.99106979370117 88 71 18.378881454467773 19.907989501953125
6.6 0.2 Vehicle 17.33625030517578 152.498291015625 48 561 194.18858337402344 277.5879821777344
6.6 0.4 Vehicle 17.33625030517578 152.498291015625 49 561 155.359375 222.03952026367188
6.6 0.6 Vehicle 17.33625030517578 152.498291015625 48 561 203.2589874267578 156.6751708984375
6.6 0.8 Vehicle 16.305885314941406 152.37115478515625 46 565 193.63259887695312 103.85395812988281
6.6 1.0 Vehicle 16.038835525512695 152.37115478515625 45 566 181.9098358154297 43.857582092285156
6.6 1.2 Vehicle 16.038835525512695 152.37115478515625 47 475 161.45762634277344 6.95341157913208
6.6 1.4 Vehicle 23.672069549560547 122.32220458984375 83 442 66.13897705078125 13.695006370544434
6.6 1.6 Vehicle 23.672069549560547 122.32220458984375 87 419 104.0987548828125 10.452284812927246
6.6 1.8 Vehicle 31.814489364624023 111.5817642211914 92 334 55.522727966308594 15.76771068572998
6.6 2.0 Vehicle 31.547473907470703 105.15910339355469 85 325 54.166221618652344 10.426180839538574
6.6 2.2 Vehicle 31.547473907470703 105.15910339355469 115 292 55.59693908691406 10.364093780517578
6.6 2.4 Vehicle 31.547473907470703 88.60675811767578 91 226 41.26567077636719 11.353464126586914
6.6 2.6 Vehicle 31.547473907470703 88.60675811767578 88 220 39.637027740478516 8.54161262512207
6.6 2.8 Vehicle 34.60192108154297 71.90117645263672 88 249 19.63112449645996 13.182842254638672
6.6 3.0 Vehicle 33.798519134521484 61.18711853027344 86 199 24.498449325561523 12.135342597961426
6.6 3.2 Vehicle 33.798519134521484 61.18711853027344 93 219 25.718204498291016 11.911852836608887
6.6 3.4 Vehicle 43.03584289550781 94.63345336914062 81 185 35.18769454956055 11.471298217773438
6.6 3.6 Vehicle 43.03584289550781 94.63345336914062 84 194 33.42974090576172 10.097021102905273
6.6 3.8 Vehicle 51.28973388671875 83.37662506103516 69 146 29.584230422973633 17.6929874420166
6.6 4.0 Vehicle 57.70027160644531 78.71708679199219 111 156 22.994821548461914 20.028457641601562
6.6 4.2 Vehicle 57.70027160644531 78.71708679199219 80 147 23.729780197143555 17.39166831970215
6.6 4.4 Vehicle 57.232933044433594 61.72102355957031 96 145 16.65058708190918 17.921579360961914
6.6 4.6 Vehicle 57.232933044433594 61.72102355957031 101 115 18.797658920288086 17.607210159301758
6.6 4.8 Vehicle 96.09781646728516 131.37916564941406 89 148 42.00244140625 28.966371536254883
6.6 5.0 Vehicle 93.41473388671875 93.92561340332031 104 123 22.996685028076172 23.278451919555664
6.6 5.2 Vehicle 93.41473388671875 93.92561340332031 102 120 27.320571899414062 44.317344665527344
6.6 5.4 Vehicle 109.13489532470703 121.31236267089844 80 95 41.6661376953125 28.719629287719727
6.6 5.6 Vehicle 109.13489532470703 121.31236267089844 85 107 24.589632034301758 35.308074951171875
6.6 5.8 Vehicle 96.36038208007812 110.3348159790039 93 134 37.4493408203125 40.42940139770508
6.6 6.0 Vehicle 94.52430725097656 67.49408721923828 97 95 17.305015563964844 38.63693618774414
6.6 6.2 Vehicle 94.52430725097656 67.49408721923828 98 133 16.88569450378418 44.9658203125
6.6 6.4 Vehicle 53.18063735961914 52.18355941772461 74 103 18.54192352294922 17.334821701049805
6.6 6.6 Vehicle 53.18063735961914 52.18355941772461 94 91 16.41909408569336 17.40451431274414
6.6 6.8 Vehicle 65.97769927978516 88.59916687011719 85 98 28.64048957824707 15.807462692260742
6.6 7.0 Vehicle 88.17772674560547 91.49281311035156 97 69 25.698413848876953 22.941600799560547
6.6 7.2 Vehicle 88.17772674560547 91.49281311035156 99 97 20.871932983398438 35.50387191772461
6.6 7.4 Vehicle 111.46697998046875 86.1873550415039 107 82 26.60678482055664 41.9171028137207
6.6 7.6 Vehicle 111.46697998046875 86.1873550415039 104 87 18.182424545288086 45.513877868652344
6.6 7.8 Vehicle 61.518028259277344 73.28485107421875 105 80 22.08453369140625 21.301427841186523
6.6 8.0 Vehicle 44.17778778076172 39.23884582519531 84 65 10.3291654586792 13.68641185760498
6.6 8.2 Vehicle 44.17778778076172 39.23884582519531 94 74 11.488678932189941 15.047422409057617
6.6 8.4 Vehicle 38.7984619140625 35.46491622924805 97 84 11.819687843322754 13.23742389678955
6.6 8.6 Vehicle 38.7984619140625 35.46491622924805 91 79 11.082358360290527 12.946718215942383
6.6 8.8 Vehicle 52.978546142578125 50.71051025390625 102 80 15.555974960327148 15.958834648132324
6.6 9.0 Vehicle 70.84371948242188 49.609954833984375 96 67 13.185046195983887 27.99065589904785
6.6 9.2 Vehicle 70.84371948242188 49.609954833984375 75 61 13.321401596069336 22.97003936767578
6.6 9.4 Vehicle 54.501617431640625 47.60655212402344 89 62 14.55915355682373 18.20199966430664
6.6 9.6 Vehicle 54.501617431640625 47.60655212402344 92 49 14.921623229980469 20.150676727294922
6.6 9.8 Vehicle 66.5699462890625 50.45161437988281 112 56 14.73066234588623 24.67973518371582
6.6 10.0 Vehicle 58.3037223815918 60.99106979370117 104 69 20.376089096069336 15.069733619689941
6.8 0.2 Vehicle 21.00316047668457 157.4342498779297 61 546 135.03558349609375 277.7225036621094
6.8 0.4 Vehicle 21.00316047668457 157.4342498779297 60 546 113.37348937988281 219.59896850585938
6.8 0.6 Vehicle 21.00316047668457 157.4342498779297 61 546 130.8163299560547 170.48460388183594
6.8 0.8 Vehicle 20.216245651245117 157.7852020263672 62 548 139.60647583007812 108.77721405029297
6.8 1.0 Vehicle 19.949195861816406 157.7852020263672 53 549 161.64686584472656 49.206268310546875
6.8 1.2 Vehicle 19.949195861816406 157.7852020263672 53 496 234.65492248535156 10.986616134643555
6.8 1.4 Vehicle 27.950517654418945 130.34912109375 76 472 73.539306640625 11.973374366760254
6.8 1.6 Vehicle 27.950517654418945 130.34912109375 78 390 67.54222869873047 9.636520385742188
6.8 1.8 Vehicle 36.09294128417969 140.98777770996094 87 333 58.63166046142578 8.144665718078613
6.8 2.0 Vehicle 35.825923919677734 133.95578002929688 76 309 55.361656188964844 9.195390701293945
6.8 2.2 Vehicle 35.825923919677734 133.95578002929688 73 278 60.11952209472656 12.95469856262207
6.8 2.4 Vehicle 35.825923919677734 115.30632019042969 104 268 56.5738525390625 11.365675926208496
6.8 2.6 Vehicle 35.825923919677734 115.30632019042969 95 232 55.5726318359375 9.095595359802246
6.8 2.8 Vehicle 38.880374908447266 95.9485092163086 85 216 42.38492202758789 11.295710563659668
6.8 3.0 Vehicle 38.290260314941406 82.571533203125 96 205 38.730960845947266 10.92609691619873
6.8 3.2 Vehicle 38.290260314941406 82.571533203125 89 180 36.1376838684082 8.852873802185059
6.8 3.4 Vehicle 48.105979919433594 105.99908447265625 89 172 40.01814270019531 12.650640487670898
6.8 3.6 Vehicle 48.105979919433594 105.99908447265625 105 159 48.63724136352539 12.28183650970459
6.8 3.8 Vehicle 56.35987091064453 85.26539611816406 103 163 35.74824142456055 18.590805053710938
6.8 4.0 Vehicle 58.47706985473633 80.00879669189453 96 163 27.21546745300293 19.304656982421875
6.8 4.2 Vehicle 58.47706985473633 80.00879669189453 77 155 25.137182235717773 22.341123580932617
6.8 4.4 Vehicle 56.58605194091797 63.01276779174805 85 131 18.493545532226562 22.328336715698242
6.8 4.6 Vehicle 56.58605194091797 63.01276779174805 82 128 23.493408203125 21.436506271362305
6.8 4.8 Vehicle 81.49580383300781 108.10890197753906 83 122 42.822669982910156 23.88147735595703
6.8 5.0 Vehicle 66.56185150146484 76.32123565673828 89 121 24.05030059814453 23.568485260009766
6.8 5.2 Vehicle 66.56185150146484 76.32123565673828 97 116 14.440245628356934 26.870559692382812
6.8 5.4 Vehicle 58.54460906982422 94.77085876464844 92 94 35.216651916503906 20.74770736694336
6.8 5.6 Vehicle 58.54460906982422 94.77085876464844 84 107 36.85848617553711 12.084321975708008
6.8 5.8 Vehicle 55.58837127685547 81.82842254638672 103 122 34.66752243041992 16.888399124145508
6.8 6.0 Vehicle 66.21449279785156 65.18091583251953 78 95 20.585073471069336 27.997737884521484
6.8 6.2 Vehicle 66.21449279785156 65.18091583251953 93 106 19.554407119750977 20.696319580078125
6.8 6.4 Vehicle 58.15645980834961 83.90408325195312 88 90 26.490222930908203 18.98488426208496
6.8 6.6 Vehicle 58.15645980834961 83.90408325195312 82 101 26.486364364624023 16.827363967895508
6.8 6.8 Vehicle 54.44429397583008 77.59742736816406 86 92 24.504253387451172 16.57818603515625
6.8 7.0 Vehicle 71.09120178222656 61.932228088378906 100 77 17.486814498901367 25.646121978759766
6.8 7.2 Vehicle 71.09120178222656 61.932228088378906 94 91 22.203140258789062 23.57697868347168
6.8 7.4 Vehicle 67.6397476196289 65.09518432617188 90 82 12.11865234375 22.440574645996094
6.8 7.6 Vehicle 67.6397476196289 65.09518432617188 80 106 23.72055435180664 20.978151321411133
6.8 7.8 Vehicle 84.89012908935547 95.51858520507812 103 75 32.23706817626953 30.370365142822266
6.8 8.0 Vehicle 73.75379180908203 71.696044921875 89 68 26.10260009765625 22.251529693603516
6.8 8.2 Vehicle 73.75379180908203 71.696044921875 94 59 20.268484115600586 27.440330505371094
6.8 8.4 Vehicle 65.09342193603516 63.995269775390625 100 77 14.53281021118164 25.947589874267578
6.8 8.6 Vehicle 65.09342193603516 63.995269775390625 92 70 20.21619987487793 22.822824478149414
6.8 8.8 Vehicle 75.84981536865234 74.70647430419922 99 55 21.844003677368164 21.594711303710938
6.8 9.0 Vehicle 82.99335479736328 86.3902359008789 79 74 27.141368865966797 26.790626525878906
6.8 9.2 Vehicle 82.99335479736328 86.3902359008789 72 63 21.273887634277344 32.88020324707031
6.8 9.4 Vehicle 64.38243865966797 70.68653106689453 90 89 28.94940948486328 23.386756896972656
6.8 9.6 Vehicle 64.38243865966797 70.68653106689453 106 73 23.140544891357422 21.50845718383789
6.8 9.8 Vehicle 83.81475830078125 84.52322387695312 98 75 19.514406204223633 27.791614532470703
6.8 10.0 Vehicle 68.6185302734375 80.00265502929688 84 53 25.71542739868164 18.933429718017578
7.0 0.2 Vehicle 19.247684478759766 152.22866821289062 53 554 122.27063751220703 271.4388732910156
7.0 0.4 Vehicle 19.247684478759766 152.22866821289062 55 554 132.553466796875 223.12081909179688
7.0 0.6 Vehicle 19.247684478759766 152.22866821289062 52 554 203.07305908203125 162.58473205566406
7.0 0.8 Vehicle 18.46076774597168 152.57962036132812 50 556 124.96334075927734 106.8038101196289
7.0 1.0 Vehicle 18.19371795654297 152.57962036132812 44 557 85.22970581054688 50.88509750366211
7.0 1.2 Vehicle 18.19371795654297 152.57962036132812 51 527 186.7130126953125 12.824469566345215
7.0 1.4 Vehicle 26.848417282104492 121.66378021240234 89 390 73.68257904052734 12.209188461303711
7.0 1.6 Vehicle 26.848417282104492 121.66378021240234 87 416 61.6015625 12.855974197387695
7.0 1.8 Vehicle 34.99082946777344 138.26954650878906 81 316 61.136356353759766 9.487950325012207
7.0 2.0 Vehicle 34.723812103271484 132.268310546875 77 362 66.11945343017578 13.120250701904297
7.0 2.2 Vehicle 34.723812103271484 132.268310546875 71 275 43.6142692565918 9.58462142944336
7.0 2.4 Vehicle 34.723812103271484 113.27886962890625 106 239 56.43291473388672 11.11384105682373
7.0 2.6 Vehicle 34.723812103271484 113.27886962890625 71 231 39.687320709228516 11.808572769165039
7.0 2.8 Vehicle 37.483280181884766 91.93548583984375 83 233 38.41446304321289 13.17668342590332
7.0 3.0 Vehicle 36.893165588378906 78.55850982666016 93 207 30.132526397705078 14.557820320129395
7.0 3.2 Vehicle 36.893165588378906 78.55850982666016 77 235 32.0312614440918 11.882896423339844
7.0 3.4 Vehicle 53.221839904785156 116.22392272949219 93 205 41.520790100097656 13.909259796142578
7.0 3.6 Vehicle 53.221839904785156 116.22392272949219 87 190 45.570743560791016 13.377585411071777
7.0 3.8 Vehicle 63.73070526123047 73.9994125366211 94 179 19.964189529418945 29.679977416992188
7.0 4.0 Vehicle 47.319610595703125 79.1819076538086 92 169 32.592864990234375 13.48755931854248
7.0 4.2 Vehicle 47.319610595703125 79.1819076538086 80 154 27.664276123046875 14.542975425720215
7.0 4.4 Vehicle 52.66987609863281 46.51701736450195 75 145 13.850268363952637 23.36681365966797
7.0 4.6 Vehicle 52.66987609863281 46.51701736450195 74 137 9.306400299072266 21.501102447509766
7.0 4.8 Vehicle 64.23470306396484 54.52714920043945 90 101 15.809274673461914 24.930072784423828
7.0 5.0 Vehicle 55.240909576416016 80.11600494384766 84 115 22.292654037475586 18.30483627319336
7.0 5.2 Vehicle 55.240909576416016 80.11600494384766 96 123 29.573320388793945 17.81941795349121
7.0 5.4 Vehicle 51.97947692871094 56.75351333618164 85 100 20.678098678588867 17.853090286254883
7.0 5.6 Vehicle 51.97947692871094 56.75351333618164 95 117 19.51419448852539 17.20911979675293
7.0 5.8 Vehicle 49.02325439453125 58.48706817626953 96 117 17.48963165283203 16.031782150268555
7.0 6.0 Vehicle 60.965858459472656 53.07465744018555 87 116 9.233217239379883 23.42354393005371
7.0 6.2 Vehicle 60.965858459472656 53.07465744018555 103 86 17.734140396118164 18.533512115478516
7.0 6.4 Vehicle 61.10358810424805 56.68882369995117 91 95 13.862849235534668 18.89909553527832
7.0 6.6 Vehicle 61.10358810424805 56.68882369995117 83 92 13.083854675292969 22.630565643310547
7.0 6.8 Vehicle 59.04667282104492 97.13552856445312 79 77 36.91450881958008 17.07672691345215
7.0 7.0 Vehicle 70.5385971069336 39.89723587036133 83 85 8.430599212646484 26.31769561767578
7.0 7.2 Vehicle 70.5385971069336 39.89723587036133 114 95 10.074681282043457 32.15745162963867
7.0 7.4 Vehicle 70.11865997314453 36.623600006103516 97 88 6.395240306854248 35.23265075683594
7.0 7.6 Vehicle 70.11865997314453 36.623600006103516 105 81 8.008612632751465 31.17409324645996
7.0 7.8 Vehicle 66.01133728027344 77.87568664550781 104 70 27.027143478393555 19.173097610473633
7.0 8.0 Vehicle 85.05557250976562 66.31160736083984 96 88 20.316116333007812 33.5148811340332
7.0 8.2 Vehicle 85.05557250976562 66.31160736083984 98 55 19.82471466064453 32.91161346435547
7.0 8.4 Vehicle 71.64688873291016 35.53062057495117 80 85 7.9034013748168945 30.499868392944336
7.0 8.6 Vehicle 71.64688873291016 35.53062057495117 66 78 5.646049499511719 28.346895217895508
7.0 8.8 Vehicle 78.81419372558594 36.77249526977539 83 71 7.789236068725586 34.57257843017578
7.0 9.0 Vehicle 83.84508514404297 41.56844711303711 97 74 10.984556198120117 35.75479507446289
7.0 9.2 Vehicle 83.84508514404297 41.56844711303711 84 67 6.7366042137146 34.49262619018555
7.0 9.4 Vehicle 62.2118034362793 49.683876037597656 105 76 13.943710327148438 26.824541091918945
7.0 9.6 Vehicle 62.2118034362793 49.683876037597656 102 62 11.09228515625 28.0682373046875
7.0 9.8 Vehicle 72.6430435180664 58.3902702331543 88 65 15.026281356811523 27.915266036987305
7.0 10.0 Vehicle 57.44685745239258 93.87225341796875 104 66 34.22275924682617 12.50165843963623
7.2 0.2 Vehicle 19.247684478759766 152.22866821289062 52 554 150.19715881347656 270.8293151855469
7.2 0.4 Vehicle 19.247684478759766 152.22866821289062 56 554 103.3341293334961 217.3986358642578
7.2 0.6 Vehicle 19.247684478759766 152.22866821289062 53 554 121.22325134277344 170.1950225830078
7.2 0.8 Vehicle 18.46076774597168 152.57962036132812 49 556 145.63717651367188 91.4703369140625
7.2 1.0 Vehicle 18.19371795654297 152.57962036132812 51 557 176.9797821044922 44.31513595581055
7.2 1.2 Vehicle 18.19371795654297 152.57962036132812 49 517 167.0679931640625 10.797393798828125
7.2 1.4 Vehicle 26.848417282104492 121.66378021240234 85 422 60.582881927490234 15.187500953674316
7.2 1.6 Vehicle 26.848417282104492 121.66378021240234 79 343 60.45627212524414 9.145814895629883
7.2 1.8 Vehicle 34.99082946777344 138.26954650878906 82 378 61.49714279174805 14.243918418884277
7.2 2.0 Vehicle 34.723812103271484 132.268310546875 61 324 57.038516998291016 10.935781478881836
7.2 2.2 Vehicle 34.723812103271484 132.268310546875 70 308 66.51258087158203 9.943647384643555
7.2 2.4 Vehicle 34.723812103271484 113.27886962890625 96 243 56.17727279663086 10.894599914550781
7.2 2.6 Vehicle 34.723812103271484 113.27886962890625 96 253 52.39875411987305 9.79619312286377
7.2 2.8 Vehicle 37.483280181884766 91.93548583984375 77 222 44.12398910522461 9.771485328674316
7.2 3.0 Vehicle 36.893165588378906 78.55850982666016 89 205 32.1745719909668 13.667359352111816
7.2 3.2 Vehicle 36.893165588378906 78.55850982666016 81 208 31.618267059326172 13.066019058227539
7.2 3.4 Vehicle 53.221839904785156 116.22392272949219 87 169 37.104000091552734 15.474298477172852
7.2 3.6 Vehicle 53.221839904785156 116.22392272949219 74 176 38.340145111083984 12.359359741210938
7.2 3.8 Vehicle 63.73070526123047 73.9994125366211 94 163 21.989299774169922 20.136945724487305
7.2 4.0 Vehicle 47.319610595703125 79.1819076538086 83 143 32.26108169555664 11.276257514953613
7.2 4.2 Vehicle 47.319610595703125 79.1819076538086 76 156 25.249826431274414 16.216367721557617
7.2 4.4 Vehicle 52.66987609863281 46.51701736450195 88 148 13.862558364868164 20.569002151489258
7.2 4.6 Vehicle 52.66987609863281 46.51701736450195 72 120 12.468771934509277 17.757322311401367
7.2 4.8 Vehicle 64.23470306396484 54.52714920043945 89 137 12.285233497619629 25.16659927368164
7.2 5.0 Vehicle 55.240909576416016 80.11600494384766 78 131 27.144561767578125 18.590686798095703
7.2 5.2 Vehicle 55.240909576416016 80.11600494384766 81 91 23.00865364074707 13.477182388305664
7.2 5.4 Vehicle 51.97947692871094 56.75351333618164 89 117 17.400772094726562 15.919928550720215
7.2 5.6 Vehicle 51.97947692871094 56.75351333618164 85 134 21.057714462280273 18.457555770874023
7.2 5.8 Vehicle 49.02325439453125 58.48706817626953 78 124 18.433696746826172 15.225300788879395
7.2 6.0 Vehicle 60.965858459472656 53.07465744018555 96 95 16.263303756713867 20.56081199645996
7.2 6.2 Vehicle 60.965858459472656 53.07465744018555 98 104 14.802664756774902 26.06868553161621
7.2 6.4 Vehicle 61.10358810424805 56.68882369995117 106 77 18.1307373046875 23.950218200683594
7.2 6.6 Vehicle 61.10358810424805 56.68882369995117 90 94 13.32052993774414 20.547161102294922
7.2 6.8 Vehicle 59.04667282104492 97.13552856445312 86 86 34.20424270629883 15.21850872039795
7.2 7.0 Vehicle 70.5385971069336 39.89723587036133 81 101 8.476643562316895 33.59858322143555
7.2 7.2 Vehicle 70.5385971069336 39.89723587036133 89 92 10.258096694946289 28.57004165649414
7.2 7.4 Vehicle 70.11865997314453 36.623600006103516 86 94 6.6849799156188965 31.270185470581055
7.2 7.6 Vehicle 70.11865997314453 36.623600006103516 84 84 6.468630790710449 27.897777557373047
7.2 7.8 Vehicle 66.01133728027344 77.87568664550781 95 64 23.23567008972168 20.24864959716797
7.2 8.0 Vehicle 85.05557250976562 66.31160736083984 97 68 22.927776336669922 32.89578628540039
7.2 8.2 Vehicle 85.05557250976562 66.31160736083984 100 80 16.60312271118164 28.786060333251953
7.2 8.4 Vehicle 71.64688873291016 35.53062057495117 83 87 6.972994327545166 31.022062301635742
7.2 8.6 Vehicle 71.64688873291016 35.53062057495117 74 82 6.89693546295166 28.66811752319336
7.2 8.8 Vehicle 78.81419372558594 36.77249526977539 72 69 5.610238552093506 27.104578018188477
7.2 9.0 Vehicle 83.84508514404297 41.56844711303711 98 78 8.406262397766113 29.00819969177246
7.2 9.2 Vehicle 83.84508514404297 41.56844711303711 96 73 9.377215385437012 27.30477523803711
7.2 9.4 Vehicle 62.2118034362793 49.683876037597656 91 61 15.057523727416992 18.19513511657715
7.2 9.6 Vehicle 62.2118034362793 49.683876037597656 108 77 14.60532283782959 22.652891159057617
7.2 9.8 Vehicle 72.6430435180664 58.3902702331543 77 66 17.941041946411133 25.44999122619629
7.2 10.0 Vehicle 57.44685745239258 93.87225341796875 96 56 31.631494522094727 14.200329780578613
7.4 0.2 Vehicle 21.016510009765625 152.91539001464844 60 545 119.91708374023438 272.4154968261719
7.4 0.4 Vehicle 21.016510009765625 152.91539001464844 61 545 89.2623291015625 214.5585479736328
7.4 0.6 Vehicle 21.016510009765625 152.91539001464844 62 545 88.95095825195312 168.30479431152344
7.4 0.8 Vehicle 20.762237548828125 153.26634216308594 56 548 130.04525756835938 123.28398895263672
7.4 1.0 Vehicle 20.495187759399414 153.26634216308594 57 549 86.10191345214844 75.5019760131836
7.4 1.2 Vehicle 20.495187759399414 153.26634216308594 59 512 154.8015594482422 9.871235847473145
7.4 1.4 Vehicle 29.149887084960938 126.17487335205078 91 487 63.155113220214844 29.84480094909668
7.4 1.6 Vehicle 29.149887084960938 126.17487335205078 76 407 62.517879486083984 11.666443824768066
7.4 1.8 Vehicle 38.35675048828125 144.97520446777344 71 338 72.44452667236328 12.84063720703125
7.4 2.0 Vehicle 38.0897331237793 135.29835510253906 67 347 58.103858947753906 15.93837833404541
7.4 2.2 Vehicle 38.0897331237793 135.29835510253906 73 301 55.84077453613281 10.274970054626465
7.4 2.4 Vehicle 38.0897331237793 116.64888763427734 82 255 57.46565246582031 8.92375659942627
7.4 2.6 Vehicle 38.0897331237793 116.64888763427734 99 241 60.34149932861328 10.641289710998535
7.4 2.8 Vehicle 39.90727233886719 100.60617065429688 100 229 42.94173812866211 12.76623821258545
7.4 3.0 Vehicle 38.35823440551758 87.22919464111328 80 227 32.67266082763672 12.06017017364502
7.4 3.2 Vehicle 38.35823440551758 87.22919464111328 99 215 39.94886016845703 9.805922508239746
7.4 3.4 Vehicle 54.68690872192383 105.54285430908203 65 187 37.801395416259766 17.197429656982422
7.4 3.6 Vehicle 54.68690872192383 105.54285430908203 75 171 50.09819030761719 14.032500267028809
7.4 3.8 Vehicle 64.97378540039062 71.79052734375 83 172 18.32896614074707 22.859769821166992
7.4 4.0 Vehicle 48.562686920166016 84.84751892089844 92 143 33.548370361328125 14.242770195007324
7.4 4.2 Vehicle 48.562686920166016 84.84751892089844 75 139 27.988056182861328 13.19434928894043
7.4 4.4 Vehicle 53.9129524230957 43.38554382324219 98 122 13.044540405273438 21.568845748901367
7.4 4.6 Vehicle 53.9129524230957 43.38554382324219 84 109 15.601434707641602 19.570894241333008
7.4 4.8 Vehicle 64.78807067871094 55.1432991027832 79 111 17.500001907348633 25.561880111694336
7.4 5.0 Vehicle 61.22249221801758 54.53435134887695 86 129 14.831905364990234 23.951053619384766
7.4 5.2 Vehicle 61.22249221801758 54.53435134887695 82 110 19.165931701660156 21.323118209838867
7.4 5.4 Vehicle 57.961063385009766 80.88660430908203 72 132 22.47910499572754 20.71095085144043
7.4 5.6 Vehicle 57.961063385009766 80.88660430908203 99 119 23.788589477539062 19.531312942504883
7.4 5.8 Vehicle 50.337406158447266 46.26926040649414 82 129 11.497262001037598 19.90589714050293
7.4 6.0 Vehicle 72.51207733154297 33.258399963378906 95 105 9.757552146911621 36.6068229675293
7.4 6.2 Vehicle 72.51207733154297 33.258399963378906 90 106 8.443587303161621 32.10896682739258
7.4 6.4 Vehicle 74.76863861083984 36.40186309814453 95 83 7.0934739112854 35.66667556762695
7.4 6.6 Vehicle 74.76863861083984 36.40186309814453 91 101 5.7558770179748535 33.90863800048828
7.4 6.8 Vehicle 85.02421569824219 68.95877838134766 96 89 19.18610382080078 28.425142288208008
7.4 7.0 Vehicle 59.604488372802734 85.36326599121094 73 56 27.920705795288086 16.822839736938477
7.4 7.2 Vehicle 59.604488372802734 85.36326599121094 79 88 25.929712295532227 16.330198287963867
7.4 7.4 Vehicle 58.22916793823242 87.44540405273438 77 78 29.500425338745117 15.9810791015625
7.4 7.6 Vehicle 58.22916793823242 87.44540405273438 91 72 29.643396377563477 12.343822479248047
7.4 7.8 Vehicle 44.63953399658203 77.33479309082031 87 80 32.225196838378906 11.4771089553833
7.4 8.0 Vehicle 63.07857894897461 68.48023223876953 98 75 19.468481063842773 16.96668815612793
7.4 8.2 Vehicle 63.07857894897461 68.48023223876953 89 82 18.53675079345703 21.48630142211914
7.4 8.4 Vehicle 52.102447509765625 57.91496658325195 76 68 17.736289978027344 18.77574920654297
7.4 8.6 Vehicle 52.102447509765625 57.91496658325195 76 78 15.047106742858887 19.038105010986328
7.4 8.8 Vehicle 48.93879699707031 58.1187629699707 94 75 17.81050682067871 15.580458641052246
7.4 9.0 Vehicle 51.82536315917969 51.477516174316406 85 72 18.978635787963867 19.944894790649414
7.4 9.2 Vehicle 51.82536315917969 51.477516174316406 112 54 17.784578323364258 15.581269264221191
7.4 9.4 Vehicle 20.39244842529297 37.295536041259766 85 63 17.709993362426758 4.885334014892578
7.4 9.6 Vehicle 20.39244842529297 37.295536041259766 84 72 16.018381118774414 5.644704818725586
7.4 9.8 Vehicle 13.623540878295898 40.06519317626953 78 63 21.998868942260742 3.790820360183716
7.4 10.0 Vehicle 17.32672119140625 21.86739730834961 86 62 9.05075740814209 8.528772354125977
7.6 0.2 Vehicle 21.016510009765625 152.91539001464844 61 545 133.17849731445312 270.96893310546875
7.6 0.4 Vehicle 21.016510009765625 152.91539001464844 60 545 108.62291717529297 226.51223754882812
7.6 0.6 Vehicle 21.016510009765625 152.91539001464844 55 545 114.63778686523438 170.60081481933594
7.6 0.8 Vehicle 20.762237548828125 153.26634216308594 57 548 116.38212585449219 104.66988372802734
7.6 1.0 Vehicle 20.495187759399414 153.26634216308594 58 549 137.22354125976562 50.79508972167969
7.6 1.2 Vehicle 20.495187759399414 153.26634216308594 57 514 125.4572525024414 12.431233406066895
7.6 1.4 Vehicle 29.149887084960938 126.17487335205078 82 483 58.06136703491211 23.164701461791992
7.6 1.6 Vehicle 29.149887084960938 126.17487335205078 77 402 63.72925567626953 11.368041038513184
7.6 1.8 Vehicle 38.35675048828125 144.97520446777344 77 395 71.58744812011719 17.110034942626953
7.6 2.0 Vehicle 38.0897331237793 135.29835510253906 82 308 57.94704055786133 12.62553596496582
7.6 2.2 Vehicle 38.0897331237793 135.29835510253906 76 282 56.634456634521484 10.819092750549316
7.6 2.4 Vehicle 38.0897331237793 116.64888763427734 76 253 51.474456787109375 9.087507247924805
7.6 2.6 Vehicle 38.0897331237793 116.64888763427734 90 214 48.446773529052734 9.688364028930664
7.6 2.8 Vehicle 39.90727233886719 100.60617065429688 93 242 39.31310272216797 16.280658721923828
7.6 3.0 Vehicle 38.35823440551758 87.22919464111328 76 207 36.56059646606445 12.943278312683105
7.6 3.2 Vehicle 38.35823440551758 87.22919464111328 70 191 39.22031784057617 10.762530326843262
7.6 3.4 Vehicle 54.68690872192383 105.54285430908203 65 180 41.33388137817383 14.415573120117188
7.6 3.6 Vehicle 54.68690872192383 105.54285430908203 80 172 41.605369567871094 14.2695894241333
7.6 3.8 Vehicle 64.97378540039062 71.79052734375 69 170 22.202640533447266 23.108144760131836
7.6 4.0 Vehicle 48.562686920166016 84.84751892089844 68 156 23.30719757080078 16.505571365356445
7.6 4.2 Vehicle 48.562686920166016 84.84751892089844 86 157 27.663726806640625 18.20315170288086
7.6 4.4 Vehicle 53.9129524230957 43.38554382324219 78 124 10.109402656555176 21.82964324951172
7.6 4.6 Vehicle 53.9129524230957 43.38554382324219 79 137 11.27133560180664 17.602771759033203
7.6 4.8 Vehicle 64.78807067871094 55.1432991027832 83 126 13.743931770324707 21.17635154724121
7.6 5.0 Vehicle 61.22249221801758 54.53435134887695 71 107 15.42074203491211 23.36377716064453
7.6 5.2 Vehicle 61.22249221801758 54.53435134887695 67 116 14.27211856842041 26.66895866394043
7.6 5.4 Vehicle 57.961063385009766 80.88660430908203 72 141 26.483409881591797 20.348947525024414
7.6 5.6 Vehicle 57.961063385009766 80.88660430908203 78 109 26.332124710083008 19.376615524291992
7.6 5.8 Vehicle 50.337406158447266 46.26926040649414 90 90 16.76466178894043 20.91208267211914
7.6 6.0 Vehicle 72.51207733154297 33.258399963378906 93 123 6.77804708480835 36.94029235839844
7.6 6.2 Vehicle 72.51207733154297 33.258399963378906 87 113 7.268623352050781 34.283607482910156
7.6 6.4 Vehicle 74.76863861083984 36.40186309814453 99 97 8.019637107849121 32.38801574707031
7.6 6.6 Vehicle 74.76863861083984 36.40186309814453 87 74 6.003369331359863 34.07075119018555
7.6 6.8 Vehicle 85.02421569824219 68.95877838134766 83 87 16.315895080566406 30.52437973022461
7.6 7.0 Vehicle 59.604488372802734 85.36326599121094 86 88 24.803102493286133 17.991968154907227
7.6 7.2 Vehicle 59.604488372802734 85.36326599121094 93 77 31.18845558166504 12.836005210876465
7.6 7.4 Vehicle 58.22916793823242 87.44540405273438 73 76 34.99700927734375 17.77734375
7.6 7.6 Vehicle 58.22916793823242 87.44540405273438 88 88 33.430912017822266 18.213632583618164
7.6 7.8 Vehicle 44.63953399658203 77.33479309082031 81 85 30.56036949157715 11.559792518615723
7.6 8.0 Vehicle 63.07857894897461 68.48023223876953 91 73 17.978248596191406 23.743511199951172
7.6 8.2 Vehicle 63.07857894897461 68.48023223876953 78 70 21.103431701660156 22.37208366394043
7.6 8.4 Vehicle 52.102447509765625 57.91496658325195 68 78 13.590200424194336 15.688346862792969
7.6 8.6 Vehicle 52.102447509765625 57.91496658325195 85 72 19.31801986694336 16.820337295532227
7.6 8.8 Vehicle 48.93879699707031 58.1187629699707 66 80 21.967195510864258 16.300472259521484
7.6 9.0 Vehicle 51.82536315917969 51.477516174316406 84 74 9.25801944732666 15.300010681152344
7.6 9.2 Vehicle 51.82536315917969 51.477516174316406 80 73 17.927974700927734 15.97401237487793
7.6 9.4 Vehicle 20.39244842529297 37.295536041259766 78 69 15.41045093536377 7.6293044090271
7.6 9.6 Vehicle 20.39244842529297 37.295536041259766 94 58 14.851950645446777 6.32804012298584
7.6 9.8 Vehicle 13.623540878295898 40.06519317626953 71 61 19.815998077392578 3.531850814819336
7.6 10.0 Vehicle 17.32672119140625 21.86739730834961 91 66 9.631134033203125 6.639079570770264
7.8 0.2 Vehicle 19.210874557495117 148.64239501953125 53 553 134.7848358154297 274.5791931152344
7.8 0.4 Vehicle 19.210874557495117 148.64239501953125 53 553 91.23951721191406 221.20762634277344
7.8 0.6 Vehicle 19.210874557495117 148.64239501953125 55 553 152.03866577148438 160.36520385742188
7.8 0.8 Vehicle 18.95660400390625 148.99334716796875 52 553 144.70860290527344 113.9390869140625
7.8 1.0 Vehicle 18.68955421447754 148.63658142089844 52 555 145.69667053222656 59.374507904052734
7.8 1.2 Vehicle 18.68955421447754 148.63658142089844 51 535 173.20877075195312 15.993961334228516
7.8 1.4 Vehicle 27.014497756958008 115.3572769165039 75 445 53.25613021850586 15.676651000976562
7.8 1.6 Vehicle 27.014497756958008 115.3572769165039 81 407 52.608680725097656 12.642476081848145
7.8 1.8 Vehicle 35.47872543334961 122.01332092285156 80 353 61.79969024658203 12.592963218688965
7.8 2.0 Vehicle 34.84778594970703 120.42935943603516 82 312 60.484832763671875 10.49596118927002
7.8 2.2 Vehicle 34.84778594970703 120.42935943603516 75 294 53.77147674560547 9.302994728088379
7.8 2.4 Vehicle 34.84778594970703 101.43992614746094 81 272 49.17694091796875 9.734122276306152
7.8 2.6 Vehicle 34.84778594970703 101.43992614746094 74 246 42.02281188964844 9.744626998901367
7.8 2.8 Vehicle 36.17530059814453 79.81996154785156 74 224 31.822772979736328 12.953659057617188
7.8 3.0 Vehicle 33.04531478881836 73.00691986083984 52 203 27.316795349121094 10.174121856689453
7.8 3.2 Vehicle 33.04531478881836 73.00691986083984 75 182 29.056760787963867 9.43907356262207
7.8 3.4 Vehicle 35.39607620239258 85.49492645263672 86 173 35.370025634765625 8.180171012878418
7.8 3.6 Vehicle 35.39607620239258 85.49492645263672 77 156 34.35776901245117 10.677748680114746
7.8 3.8 Vehicle 44.00063705444336 83.5919418334961 67 160 26.828861236572266 13.673787117004395
7.8 4.0 Vehicle 48.4959831237793 64.8165512084961 79 164 23.261995315551758 15.882200241088867
7.8 4.2 Vehicle 48.4959831237793 64.8165512084961 85 152 21.730390548706055 17.751262664794922
7.8 4.4 Vehicle 52.62715530395508 36.92164611816406 94 148 11.89670467376709 25.65845489501953
7.8 4.6 Vehicle 52.62715530395508 36.92164611816406 87 135 9.020909309387207 19.582876205444336
7.8 4.8 Vehicle 62.34990692138672 44.174564361572266 78 158 12.920748710632324 30.487390518188477
7.8 5.0 Vehicle 70.19758605957031 31.9910945892334 80 141 6.479522705078125 38.681243896484375
7.8 5.2 Vehicle 70.19758605957031 31.9910945892334 86 127 6.4424614906311035 36.43332290649414
7.8 5.4 Vehicle 78.84758758544922 53.391204833984375 79 134 13.10135269165039 35.47355270385742
7.8 5.6 Vehicle 78.84758758544922 53.391204833984375 82 120 11.738177299499512 35.83682632446289
7.8 5.8 Vehicle 81.36744689941406 77.79702758789062 69 100 19.521835327148438 27.05341339111328
7.8 6.0 Vehicle 99.17730712890625 108.8476791381836 95 104 40.200042724609375 32.63474655151367
7.8 6.2 Vehicle 99.17730712890625 108.8476791381836 77 124 31.131389617919922 30.87221908569336
7.8 6.4 Vehicle 99.44861602783203 110.06713104248047 68 113 29.51183319091797 35.49769973754883
7.8 6.6 Vehicle 99.44861602783203 110.06713104248047 92 86 39.6320686340332 33.55860900878906
7.8 6.8 Vehicle 115.43577575683594 129.35743713378906 80 97 33.20996856689453 41.916465759277344
7.8 7.0 Vehicle 67.16416931152344 59.86565017700195 73 79 13.799029350280762 22.840267181396484
7.8 7.2 Vehicle 67.16416931152344 59.86565017700195 86 77 14.71781063079834 23.772518157958984
7.8 7.4 Vehicle 66.94312286376953 54.69546890258789 87 91 15.588325500488281 23.607311248779297
7.8 7.6 Vehicle 66.94312286376953 54.69546890258789 95 81 13.550763130187988 19.638179779052734
7.8 7.8 Vehicle 65.2721176147461 80.19470977783203 85 74 27.57774543762207 22.008602142333984
7.8 8.0 Vehicle 83.79149627685547 85.49439239501953 80 82 20.304729461669922 31.920547485351562
7.8 8.2 Vehicle 83.79149627685547 85.49439239501953 97 72 24.594749450683594 35.07470703125
7.8 8.4 Vehicle 90.68367004394531 81.56199645996094 95 74 23.369138717651367 38.8583984375
7.8 8.6 Vehicle 90.68367004394531 81.56199645996094 80 86 19.989599227905273 27.04837417602539
7.8 8.8 Vehicle 102.81143951416016 89.68584442138672 89 68 23.896846771240234 40.938907623291016
7.8 9.0 Vehicle 93.62560272216797 75.1182632446289 89 80 18.77051544189453 32.488677978515625
7.8 9.2 Vehicle 93.62560272216797 75.1182632446289 59 76 14.346854209899902 38.26055908203125
7.8 9.4 Vehicle 53.44558334350586 57.42557144165039 78 71 18.920438766479492 19.94417381286621
7.8 9.6 Vehicle 53.44558334350586 57.42557144165039 82 61 18.360868453979492 18.42222785949707
7.8 9.8 Vehicle 45.06498336791992 63.07965087890625 62 49 17.003929138183594 14.752452850341797
7.8 10.0 Vehicle 56.56875991821289 80.23982238769531 85 62 20.937013626098633 18.40955352783203
8.0 0.2 Vehicle 19.647790908813477 146.8768768310547 52 550 77.97460174560547 270.7170104980469
8.0 0.4 Vehicle 19.647790908813477 146.8768768310547 49 550 67.694580078125 225.845703125
8.0 0.6 Vehicle 19.647790908813477 146.8768768310547 50 550 106.29350280761719 162.0279998779297
8.0 0.8 Vehicle 19.48250389099121 147.01673889160156 47 554 80.55277252197266 111.37454223632812
8.0 1.0 Vehicle 19.2154541015625 150.4600372314453 53 553 75.95584869384766 64.1756362915039
8.0 1.2 Vehicle 19.2154541015625 150.4600372314453 54 523 131.48899841308594 12.683409690856934
8.0 1.4 Vehicle 27.54039764404297 139.36585998535156 68 466 74.18128204345703 8.231144905090332
8.0 1.6 Vehicle 27.54039764404297 139.36585998535156 54 413 68.10800170898438 7.513028621673584
8.0 1.8 Vehicle 36.004642486572266 134.07469177246094 66 353 57.35637664794922 10.413752555847168
8.0 2.0 Vehicle 35.37370300292969 125.27774810791016 67 330 54.478023529052734 10.297922134399414
8.0 2.2 Vehicle 35.37370300292969 125.27774810791016 63 287 56.585243225097656 7.833974361419678
8.0 2.4 Vehicle 35.37370300292969 106.62826538085938 71 260 42.50043487548828 11.568697929382324
8.0 2.6 Vehicle 35.37370300292969 106.62826538085938 63 243 46.97351837158203 9.947072982788086
8.0 2.8 Vehicle 36.70121765136719 88.22795104980469 92 216 35.520999908447266 8.20332145690918
8.0 3.0 Vehicle 33.571231842041016 76.02811431884766 86 220 34.51850509643555 11.013344764709473
8.0 3.2 Vehicle 33.571231842041016 76.02811431884766 72 200 30.924747467041016 9.952873229980469
8.0 3.4 Vehicle 31.412158966064453 84.85359191894531 69 194 32.14925003051758 9.641134262084961
8.0 3.6 Vehicle 31.412158966064453 84.85359191894531 79 193 38.142547607421875 11.2708101272583
8.0 3.8 Vehicle 40.01671600341797 78.28021240234375 77 165 35.51332473754883 12.518638610839844
8.0 4.0 Vehicle 43.03165817260742 67.34910583496094 57 160 25.540891647338867 12.205659866333008
8.0 4.2 Vehicle 43.03165817260742 67.34910583496094 71 144 22.77556610107422 10.914417266845703
8.0 4.4 Vehicle 44.30430221557617 51.54339599609375 72 156 18.881778717041016 16.584686279296875
8.0 4.6 Vehicle 44.30430221557617 51.54339599609375 81 154 17.370031356811523 14.894128799438477
8.0 4.8 Vehicle 58.09815979003906 42.74627685546875 82 139 15.981376647949219 25.933000564575195
8.0 5.0 Vehicle 65.94581604003906 46.41557312011719 76 122 10.088942527770996 31.8422908782959
8.0 5.2 Vehicle 65.94581604003906 46.41557312011719 72 108 8.835386276245117 31.6453857421875
8.0 5.4 Vehicle 86.99307250976562 89.0971450805664 66 131 24.710115432739258 33.40806579589844
8.0 5.6 Vehicle 86.99307250976562 89.0971450805664 88 132 32.3154296875 27.9469051361084
8.0 5.8 Vehicle 93.17656707763672 66.9970932006836 77 125 13.101052284240723 28.167360305786133
8.0 6.0 Vehicle 110.79650115966797 99.4070053100586 69 125 33.72216796875 39.15196228027344
8.0 6.2 Vehicle 110.79650115966797 99.4070053100586 72 107 28.921125411987305 41.44734191894531
8.0 6.4 Vehicle 69.93350219726562 50.38501739501953 77 83 13.93632698059082 27.67609214782715
8.0 6.6 Vehicle 69.93350219726562 50.38501739501953 77 95 15.8035888671875 30.37232780456543
8.0 6.8 Vehicle 113.05860137939453 118.55889129638672 79 91 25.051427841186523 38.79642868041992
8.0 7.0 Vehicle 74.49745178222656 33.2580451965332 101 88 8.667351722717285 27.218873977661133
8.0 7.2 Vehicle 74.49745178222656 33.2580451965332 69 83 6.144104957580566 32.42937088012695
8.0 7.4 Vehicle 77.34750366210938 35.85252380371094 74 66 5.408313751220703 36.919189453125
8.0 7.6 Vehicle 77.34750366210938 35.85252380371094 79 62 7.97718620300293 42.2540283203125
8.0 7.8 Vehicle 50.669776916503906 84.86450958251953 82 76 32.86956787109375 12.515218734741211
8.0 8.0 Vehicle 76.29196166992188 44.08815002441406 86 81 11.205033302307129 31.06380844116211
8.0 8.2 Vehicle 76.29196166992188 44.08815002441406 95 51 11.787659645080566 31.46156883239746
8.0 8.4 Vehicle 82.25688934326172 56.022064208984375 92 62 14.39597225189209 28.756568908691406
8.0 8.6 Vehicle 82.25688934326172 56.022064208984375 69 61 11.957348823547363 33.13077926635742
8.0 8.8 Vehicle 85.3923110961914 66.93721008300781 76 72 18.602205276489258 34.50236129760742
8.0 9.0 Vehicle 93.09092712402344 72.05838775634766 74 83 18.67891502380371 31.113876342773438
8.0 9.2 Vehicle 93.09092712402344 72.05838775634766 66 77 21.415740966796875 30.673542022705078
8.0 9.4 Vehicle 40.739288330078125 39.81476593017578 77 71 11.352716445922852 15.373957633972168
8.0 9.6 Vehicle 40.739288330078125 39.81476593017578 80 75 8.300193786621094 14.509944915771484
8.0 9.8 Vehicle 31.43496322631836 52.26515197753906 91 59 19.911853790283203 8.812917709350586
8.0 10.0 Vehicle 84.92155456542969 54.35667037963867 86 56 11.123808860778809 37.97663116455078
8.2 0.2 Vehicle 19.647790908813477 146.8768768310547 54 550 114.44363403320312 278.8487548828125
8.2 0.4 Vehicle 19.647790908813477 146.8768768310547 52 550 84.06758880615234 209.78150939941406
8.2 0.6 Vehicle 19.647790908813477 146.8768768310547 55 550 125.13237762451172 164.32102966308594
8.2 0.8 Vehicle 19.48250389099121 147.01673889160156 55 554 93.02442932128906 109.6175765991211
8.2 1.0 Vehicle 19.2154541015625 150.4600372314453 53 553 105.52733612060547 54.863197326660156
8.2 1.2 Vehicle 19.2154541015625 150.4600372314453 53 527 109.72576904296875 15.782537460327148
8.2 1.4 Vehicle 27.54039764404297 139.36585998535156 74 492 67.23574829101562 21.854036331176758
8.2 1.6 Vehicle 27.54039764404297 139.36585998535156 64 397 62.792537689208984 8.41769027709961
8.2 1.8 Vehicle 36.004642486572266 134.07469177246094 58 360 61.99724578857422 12.220060348510742
8.2 2.0 Vehicle 35.37370300292969 125.27774810791016 60 334 55.6407356262207 11.15003490447998
8.2 2.2 Vehicle 35.37370300292969 125.27774810791016 64 329 54.29738998413086 12.515630722045898
8.2 2.4 Vehicle 35.37370300292969 106.62826538085938 51 280 30.96054458618164 8.485447883605957
8.2 2.6 Vehicle 35.37370300292969 106.62826538085938 89 274 41.87443161010742 9.858945846557617
8.2 2.8 Vehicle 36.70121765136719 88.22795104980469 81 223 44.96384811401367 12.251724243164062
8.2 3.0 Vehicle 33.571231842041016 76.02811431884766 79 205 30.400928497314453 10.203126907348633
8.2 3.2 Vehicle 33.571231842041016 76.02811431884766 63 211 31.688236236572266 10.73898696899414
8.2 3.4 Vehicle 31.412158966064453 84.85359191894531 70 185 31.228731155395508 8.405020713806152
8.2 3.6 Vehicle 31.412158966064453 84.85359191894531 58 167 32.75554656982422 9.804006576538086
8.2 3.8 Vehicle 40.01671600341797 78.28021240234375 67 145 31.056785583496094 12.573037147521973
8.2 4.0 Vehicle 43.03165817260742 67.34910583496094 69 145 20.324657440185547 15.365368843078613
8.2 4.2 Vehicle 43.03165817260742 67.34910583496094 57 139 29.337491989135742 13.691347122192383
8.2 4.4 Vehicle 44.30430221557617 51.54339599609375 73 159 20.716625213623047 20.426828384399414
8.2 4.6 Vehicle 44.30430221557617 51.54339599609375 74 134 18.56084632873535 18.292083740234375
8.2 4.8 Vehicle 58.09815979003906 42.74627685546875 88 122 11.997875213623047 25.82244110107422
8.2 5.0 Vehicle 65.94581604003906 46.41557312011719 71 129 13.233863830566406 25.69540023803711
8.2 5.2 Vehicle 65.94581604003906 46.41557312011719 63 120 9.805319786071777 24.394804000854492
8.2 5.4 Vehicle 86.99307250976562 89.0971450805664 73 112 21.28560447692871 33.8603630065918
8.2 5.6 Vehicle 86.99307250976562 89.0971450805664 79 114 16.868120193481445 30.931015014648438
8.2 5.8 Vehicle 93.17656707763672 66.9970932006836 81 117 16.698383331298828 32.74644470214844
8.2 6.0 Vehicle 110.79650115966797 99.4070053100586 79 119 33.527076721191406 47.73012924194336
8.2 6.2 Vehicle 110.79650115966797 99.4070053100586 92 95 23.240520477294922 30.992822647094727
8.2 6.4 Vehicle 69.93350219726562 50.38501739501953 75 103 13.753457069396973 30.73920249938965
8.2 6.6 Vehicle 69.93350219726562 50.38501739501953 59 91 16.988754272460938 30.52781105041504
8.2 6.8 Vehicle 113.05860137939453 118.55889129638672 73 85 24.304851531982422 39.29239273071289
8.2 7.0 Vehicle 74.49745178222656 33.2580451965332 63 99 4.979508876800537 35.04685974121094
8.2 7.2 Vehicle 74.49745178222656 33.2580451965332 77 90 5.7018513679504395 34.996925354003906
8.2 7.4 Vehicle 77.34750366210938 35.85252380371094 71 73 9.163368225097656 38.75724411010742
8.2 7.6 Vehicle 77.34750366210938 35.85252380371094 92 74 8.93665885925293 37.02510070800781
8.2 7.8 Vehicle 50.669776916503906 84.86450958251953 78 84 28.06632423400879 13.462698936462402
8.2 8.0 Vehicle 76.29196166992188 44.08815002441406 75 92 11.095593452453613 27.0396671295166
8.2 8.2 Vehicle 76.29196166992188 44.08815002441406 84 62 9.618597984313965 31.13349723815918
8.2 8.4 Vehicle 82.25688934326172 56.022064208984375 84 58 14.124722480773926 34.420188903808594
8.2 8.6 Vehicle 82.25688934326172 56.022064208984375 78 77 11.059041023254395 33.226802825927734
8.2 8.8 Vehicle 85.3923110961914 66.93721008300781 72 62 15.469417572021484 21.918819427490234
8.2 9.0 Vehicle 93.09092712402344 72.05838775634766 74 77 11.924695014953613 31.630821228027344
8.2 9.2 Vehicle 93.09092712402344 72.05838775634766 73 70 19.27346420288086 37.8037223815918
8.2 9.4 Vehicle 40.739288330078125 39.81476593017578 86 68 13.834903717041016 12.244363784790039
8.2 9.6 Vehicle 40.739288330078125 39.81476593017578 88 62 14.079273223876953 9.621955871582031
8.2 9.8 Vehicle 31.43496322631836 52.26515197753906 74 70 21.230987548828125 7.12223482131958
8.2 10.0 Vehicle 84.92155456542969 54.35667037963867 76 69 12.212611198425293 31.058713912963867
8.4 0.2 Vehicle 19.839399337768555 153.27297973632812 54 551 141.9492645263672 270.9573669433594
8.4 0.4 Vehicle 19.839399337768555 153.27297973632812 45 551 94.66151428222656 210.3426055908203
8.4 0.6 Vehicle 19.839399337768555 153.27297973632812 55 551 113.24333190917969 176.9253692626953
8.4 0.8 Vehicle 19.674114227294922 153.412841796875 51 552 93.5777816772461 95.61579895019531
8.4 1.0 Vehicle 19.40706443786621 153.412841796875 53 553 189.69654846191406 58.890228271484375
8.4 1.2 Vehicle 19.40706443786621 153.412841796875 53 537 78.14061737060547 11.907357215881348
8.4 1.4 Vehicle 27.73200798034668 145.2832489013672 70 465 70.82215118408203 11.201577186584473
8.4 1.6 Vehicle 27.73200798034668 145.2832489013672 72 390 87.65280151367188 10.89108943939209
8.4 1.8 Vehicle 36.19623947143555 135.01292419433594 67 353 57.31731414794922 9.268694877624512
8.4 2.0 Vehicle 35.56529998779297 127.24858093261719 56 330 54.74665069580078 9.995396614074707
8.4 2.2 Vehicle 35.56529998779297 127.24858093261719 67 275 51.53739547729492 8.607678413391113
8.4 2.4 Vehicle 35.56529998779297 108.44397735595703 79 236 49.3778190612793 9.997655868530273
8.4 2.6 Vehicle 35.56529998779297 108.44397735595703 68 261 43.87504196166992 7.846287727355957
8.4 2.8 Vehicle 36.606300354003906 90.30853271484375 77 245 39.19499206542969 10.804234504699707
8.4 3.0 Vehicle 34.67627716064453 82.39722442626953 64 222 31.966102600097656 9.778942108154297
8.4 3.2 Vehicle 34.67627716064453 82.39722442626953 82 191 35.36954116821289 11.844943046569824
8.4 3.4 Vehicle 38.06676483154297 102.94163513183594 81 196 46.20047378540039 10.047754287719727
8.4 3.6 Vehicle 38.06676483154297 102.94163513183594 59 186 32.18313980102539 9.757568359375
8.4 3.8 Vehicle 47.11983108520508 116.36096954345703 64 158 42.481040954589844 11.21292781829834
8.4 4.0 Vehicle 47.85865783691406 105.98794555664062 62 154 34.913204193115234 13.209864616394043
8.4 4.2 Vehicle 47.85865783691406 105.98794555664062 73 145 47.96332550048828 11.931550025939941
8.4 4.4 Vehicle 34.9540901184082 97.57654571533203 55 159 32.5755729675293 6.552870273590088
8.4 4.6 Vehicle 34.9540901184082 97.57654571533203 60 152 32.20927047729492 9.715590476989746
8.4 4.8 Vehicle 30.968008041381836 91.68018341064453 66 138 35.020301818847656 7.737557888031006
8.4 5.0 Vehicle 35.85821533203125 71.72895812988281 71 135 31.42701530456543 13.163006782531738
8.4 5.2 Vehicle 35.85821533203125 71.72895812988281 79 108 29.911052703857422 11.296868324279785
8.4 5.4 Vehicle 34.376163482666016 68.76020050048828 72 132 27.58183479309082 9.212435722351074
8.4 5.6 Vehicle 34.376163482666016 68.76020050048828 73 93 25.25845718383789 10.044919967651367
8.4 5.8 Vehicle 35.758155822753906 53.70030212402344 82 116 18.724056243896484 10.209176063537598
8.4 6.0 Vehicle 55.838985443115234 112.45040130615234 79 105 37.772186279296875 14.012811660766602
8.4 6.2 Vehicle 55.838985443115234 112.45040130615234 63 102 39.062095642089844 14.835744857788086
8.4 6.4 Vehicle 50.41121292114258 86.4121322631836 87 93 32.409175872802734 14.574024200439453
8.4 6.6 Vehicle 50.41121292114258 86.4121322631836 66 91 30.963171005249023 16.048599243164062
8.4 6.8 Vehicle 99.47956848144531 144.56080627441406 66 101 35.26972198486328 27.484373092651367
8.4 7.0 Vehicle 64.22177124023438 77.17371368408203 79 96 28.645103454589844 22.889694213867188
8.4 7.2 Vehicle 64.22177124023438 77.17371368408203 73 90 29.63861846923828 21.70252799987793
8.4 7.4 Vehicle 74.14688873291016 48.678558349609375 69 85 8.336564064025879 31.21521759033203
8.4 7.6 Vehicle 74.14688873291016 48.678558349609375 91 94 13.737483978271484 29.718162536621094
8.4 7.8 Vehicle 57.687435150146484 138.23733520507812 89 76 49.78802490234375 8.796595573425293
8.4 8.0 Vehicle 79.2956771850586 61.76579666137695 72 75 14.30986499786377 24.31703758239746
8.4 8.2 Vehicle 79.2956771850586 61.76579666137695 75 49 16.198915481567383 28.645387649536133
8.4 8.4 Vehicle 81.06173706054688 67.66888427734375 56 55 19.461605072021484 29.779340744018555
8.4 8.6 Vehicle 81.06173706054688 67.66888427734375 88 64 17.016368865966797 31.848278045654297
8.4 8.8 Vehicle 79.7923812866211 44.594688415527344 82 63 14.10351848602295 36.83375549316406
8.4 9.0 Vehicle 88.61784362792969 80.92440795898438 65 78 11.932914733886719 29.6400146484375
8.4 9.2 Vehicle 88.61784362792969 80.92440795898438 67 63 14.585087776184082 28.402767181396484
8.4 9.4 Vehicle 43.497169494628906 61.821754455566406 82 75 19.995567321777344 13.736712455749512
8.4 9.6 Vehicle 43.497169494628906 61.821754455566406 74 78 21.708127975463867 16.307470321655273
8.4 9.8 Vehicle 30.43617820739746 71.19065856933594 66 52 28.62114906311035 6.591066360473633
8.4 10.0 Vehicle 43.869964599609375 57.731834411621094 80 54 16.833694458007812 11.632233619689941
8.6 0.2 Vehicle 19.839399337768555 153.27297973632812 53 551 100.45431518554688 270.7820129394531
8.6 0.4 Vehicle 19.839399337768555 153.27297973632812 52 551 138.14161682128906 207.3513946533203
8.6 0.6 Vehicle 19.839399337768555 153.27297973632812 53 551 150.80059814453125 169.48687744140625
8.6 0.8 Vehicle 19.674114227294922 153.412841796875 51 552 75.4259033203125 106.71258544921875
8.6 1.0 Vehicle 19.40706443786621 153.412841796875 55 553 65.04132080078125 39.40351867675781
8.6 1.2 Vehicle 19.40706443786621 153.412841796875 54 519 97.87635040283203 13.097495079040527
8.6 1.4 Vehicle 27.73200798034668 145.2832489013672 54 422 75.17408752441406 11.376007080078125
8.6 1.6 Vehicle 27.73200798034668 145.2832489013672 50 420 66.92228698730469 7.214328765869141
8.6 1.8 Vehicle 36.19623947143555 135.01292419433594 70 357 52.35316848754883 13.573824882507324
8.6 2.0 Vehicle 35.56529998779297 127.24858093261719 60 324 50.91420364379883 9.845165252685547
8.6 2.2 Vehicle 35.56529998779297 127.24858093261719 68 292 62.15833282470703 9.552010536193848
8.6 2.4 Vehicle 35.56529998779297 108.44397735595703 56 268 44.39325714111328 9.707761764526367
8.6 2.6 Vehicle 35.56529998779297 108.44397735595703 69 238 54.173736572265625 10.459654808044434
8.6 2.8 Vehicle 36.606300354003906 90.30853271484375 62 222 42.65424728393555 9.416167259216309
8.6 3.0 Vehicle 34.67627716064453 82.39722442626953 79 200 39.92961502075195 10.299896240234375
8.6 3.2 Vehicle 34.67627716064453 82.39722442626953 67 188 34.93592834472656 8.200510025024414
8.6 3.4 Vehicle 38.06676483154297 102.94163513183594 73 184 45.79837417602539 11.212516784667969
8.6 3.6 Vehicle 38.06676483154297 102.94163513183594 73 179 41.93026351928711 8.88546371459961
8.6 3.8 Vehicle 47.11983108520508 116.36096954345703 68 147 37.49551010131836 11.986543655395508
8.6 4.0 Vehicle 47.85865783691406 105.98794555664062 70 154 53.016395568847656 12.002965927124023
8.6 4.2 Vehicle 47.85865783691406 105.98794555664062 89 144 44.63018035888672 12.631739616394043
8.6 4.4 Vehicle 34.9540901184082 97.57654571533203 60 143 44.074886322021484 9.947945594787598
8.6 4.6 Vehicle 34.9540901184082 97.57654571533203 85 132 53.957191467285156 9.125330924987793
8.6 4.8 Vehicle 30.968008041381836 91.68018341064453 77 129 37.47946548461914 6.703248977661133
8.6 5.0 Vehicle 35.85821533203125 71.72895812988281 82 115 28.565387725830078 9.873760223388672
8.6 5.2 Vehicle 35.85821533203125 71.72895812988281 75 134 30.05507469177246 8.296304702758789
8.6 5.4 Vehicle 34.376163482666016 68.76020050048828 70 99 26.545381546020508 7.226749897003174
8.6 5.6 Vehicle 34.376163482666016 68.76020050048828 76 104 30.514732360839844 9.764114379882812
8.6 5.8 Vehicle 35.758155822753906 53.70030212402344 70 97 17.29225730895996 12.036766052246094
8.6 6.0 Vehicle 55.838985443115234 112.45040130615234 72 118 43.69709777832031 13.227551460266113
8.6 6.2 Vehicle 55.838985443115234 112.45040130615234 73 113 47.8060302734375 15.538934707641602
8.6 6.4 Vehicle 50.41121292114258 86.4121322631836 68 115 32.49269104003906 17.979785919189453
8.6 6.6 Vehicle 50.41121292114258 86.4121322631836 72 91 35.16842269897461 14.234305381774902
8.6 6.8 Vehicle 99.47956848144531 144.56080627441406 66 104 45.04871368408203 31.687273025512695
8.6 7.0 Vehicle 64.22177124023438 77.17371368408203 63 79 20.862598419189453 21.62822914123535
8.6 7.2 Vehicle 64.22177124023438 77.17371368408203 82 83 20.875410079956055 15.332084655761719
8.6 7.4 Vehicle 74.14688873291016 48.678558349609375 77 94 12.959056854248047 26.251995086669922
8.6 7.6 Vehicle 74.14688873291016 48.678558349609375 67 86 10.873880386352539 30.57267189025879
8.6 7.8 Vehicle 57.687435150146484 138.23733520507812 63 76 59.42974090576172 10.673201560974121
8.6 8.0 Vehicle 79.2956771850586 61.76579666137695 62 64 13.938033103942871 36.62432861328125
8.6 8.2 Vehicle 79.2956771850586 61.76579666137695 69 77 9.954350471496582 30.63811683654785
8.6 8.4 Vehicle 81.06173706054688 67.66888427734375 66 66 15.41175365447998 24.26549530029297
8.6 8.6 Vehicle 81.06173706054688 67.66888427734375 84 78 17.08707618713379 24.64134407043457
8.6 8.8 Vehicle 79.7923812866211 44.594688415527344 83 53 12.873332023620605 23.827116012573242
8.6 9.0 Vehicle 88.61784362792969 80.92440795898438 69 75 17.098756790161133 26.334766387939453
8.6 9.2 Vehicle 88.61784362792969 80.92440795898438 84 58 19.57853889465332 31.67377281188965
8.6 9.4 Vehicle 43.497169494628906 61.821754455566406 68 61 25.03107452392578 14.323177337646484
8.6 9.6 Vehicle 43.497169494628906 61.821754455566406 78 66 15.665388107299805 12.36599349975586
8.6 9.8 Vehicle 30.43617820739746 71.19065856933594 61 67 32.026710510253906 5.316339492797852
8.6 10.0 Vehicle 43.869964599609375 57.731834411621094 74 53 17.263317108154297 12.72307014465332
8.8 0.2 Vehicle 21.456851959228516 151.7841033935547 53 543 76.41488647460938 270.0131530761719
8.8 0.4 Vehicle 21.456851959228516 151.7841033935547 53 543 67.70331573486328 213.85621643066406
8.8 0.6 Vehicle 21.456851959228516 151.7841033935547 60 543 90.50741577148438 170.39077758789062
8.8 0.8 Vehicle 21.29156494140625 151.92396545410156 54 544 70.02081298828125 122.54039764404297
8.8 1.0 Vehicle 21.02451515197754 151.92396545410156 60 545 84.2400894165039 52.3868293762207
8.8 1.2 Vehicle 21.02451515197754 151.92396545410156 59 496 117.89440155029297 9.115681648254395
8.8 1.4 Vehicle 28.061662673950195 144.0368194580078 66 480 59.84343338012695 12.800809860229492
8.8 1.6 Vehicle 28.061662673950195 144.0368194580078 59 395 62.42144012451172 8.059160232543945
8.8 1.8 Vehicle 38.259376525878906 132.31150817871094 69 338 66.34232330322266 12.609886169433594
8.8 2.0 Vehicle 37.62843704223633 102.74286651611328 82 321 35.018245697021484 17.338098526000977
8.8 2.2 Vehicle 37.62843704223633 102.74286651611328 69 292 41.811275482177734 13.29493236541748
8.8 2.4 Vehicle 37.62843704223633 105.74261474609375 69 251 40.17078399658203 13.746659278869629
8.8 2.6 Vehicle 37.62843704223633 105.74261474609375 82 246 48.19209289550781 12.30131721496582
8.8 2.8 Vehicle 38.669437408447266 102.143798828125 67 237 41.78633499145508 14.020715713500977
8.8 3.0 Vehicle 36.73941421508789 82.05406951904297 66 236 37.16387939453125 9.78329849243164
8.8 3.2 Vehicle 36.73941421508789 82.05406951904297 76 195 30.520328521728516 12.258657455444336
8.8 3.4 Vehicle 40.12990188598633 120.10693359375 60 184 43.79254913330078 7.25832986831665
8.8 3.6 Vehicle 40.12990188598633 120.10693359375 60 183 51.16261291503906 7.2350006103515625
8.8 3.8 Vehicle 49.358299255371094 107.61732482910156 61 188 46.55657958984375 11.76999568939209
8.8 4.0 Vehicle 51.44703674316406 87.90669250488281 74 171 24.228801727294922 16.957210540771484
8.8 4.2 Vehicle 51.44703674316406 87.90669250488281 87 172 30.983325958251953 17.744016647338867
8.8 4.4 Vehicle 35.660865783691406 74.1858901977539 80 156 31.761653900146484 9.941277503967285
8.8 4.6 Vehicle 35.660865783691406 74.1858901977539 70 120 29.651535034179688 10.373285293579102
8.8 4.8 Vehicle 32.873329162597656 92.77793884277344 58 119 34.52721405029297 7.627500534057617
8.8 5.0 Vehicle 37.76354217529297 73.76509857177734 73 137 24.8236026763916 10.940500259399414
8.8 5.2 Vehicle 37.76354217529297 73.76509857177734 66 125 23.29532241821289 11.392431259155273
8.8 5.4 Vehicle 36.281494140625 60.44599151611328 77 108 24.016464233398438 13.38064956665039
8.8 5.6 Vehicle 36.281494140625 60.44599151611328 71 104 23.287023544311523 12.10640811920166
8.8 5.8 Vehicle 36.71324920654297 52.739166259765625 73 107 22.41761589050293 12.535557746887207
8.8 6.0 Vehicle 63.78011703491211 73.91929626464844 64 110 27.133602142333984 24.409276962280273
8.8 6.2 Vehicle 63.78011703491211 73.91929626464844 88 96 21.505645751953125 18.95673942565918
8.8 6.4 Vehicle 58.59434127807617 124.49320983886719 59 96 45.36708068847656 14.800323486328125
8.8 6.6 Vehicle 58.59434127807617 124.49320983886719 71 94 42.233612060546875 13.947915077209473
8.8 6.8 Vehicle 111.15523529052734 139.39085388183594 60 86 37.0318489074707 36.93960189819336
8.8 7.0 Vehicle 75.89742279052734 66.7625961303711 71 71 16.973102569580078 27.036603927612305
8.8 7.2 Vehicle 75.89742279052734 66.7625961303711 84 84 21.13332176208496 26.081315994262695
8.8 7.4 Vehicle 89.52134704589844 90.6353759765625 79 71 17.807003021240234 32.83597183227539
8.8 7.6 Vehicle 89.52134704589844 90.6353759765625 58 81 24.397846221923828 32.20127868652344
8.8 7.8 Vehicle 73.06188201904297 61.178043365478516 61 90 11.816868782043457 27.525510787963867
8.8 8.0 Vehicle 97.49427795410156 143.7040252685547 81 91 39.84769058227539 23.504289627075195
8.8 8.2 Vehicle 97.49427795410156 143.7040252685547 60 86 49.02904510498047 27.137649536132812
8.8 8.4 Vehicle 98.07647705078125 126.69624328613281 66 71 29.738773345947266 27.827083587646484
8.8 8.6 Vehicle 98.07647705078125 126.69624328613281 81 79 36.27777862548828 29.290706634521484
8.8 8.8 Vehicle 76.84416961669922 39.206607818603516 70 58 10.173310279846191 33.8316535949707
8.8 9.0 Vehicle 84.6178970336914 79.67865753173828 90 73 24.33608627319336 24.438222885131836
8.8 9.2 Vehicle 84.6178970336914 79.67865753173828 64 59 19.453128814697266 27.326200485229492
8.8 9.4 Vehicle 40.99454116821289 91.93797302246094 68 66 29.55342674255371 9.720728874206543
8.8 9.6 Vehicle 40.99454116821289 91.93797302246094 70 61 34.96551513671875 8.602200508117676
8.8 9.8 Vehicle 27.93355369567871 130.02529907226562 53 55 59.85826873779297 5.487782001495361
8.8 10.0 Vehicle 48.393531799316406 94.54654693603516 80 76 35.10584259033203 11.51390552520752
9.0 0.2 Vehicle 20.963254928588867 153.97723388671875 49 545 83.75344848632812 276.59759521484375
9.0 0.4 Vehicle 20.963254928588867 153.97723388671875 57 545 124.20264434814453 217.351806640625
9.0 0.6 Vehicle 20.963254928588867 153.97723388671875 56 545 95.2343521118164 145.60345458984375
9.0 0.8 Vehicle 20.7979679107666 154.11709594726562 58 548 146.2330780029297 108.62933349609375
9.0 1.0 Vehicle 20.53091812133789 153.3671417236328 59 548 109.10538482666016 58.65623092651367
9.0 1.2 Vehicle 20.53091812133789 153.3671417236328 56 520 95.61363983154297 15.016477584838867
9.0 1.4 Vehicle 27.568073272705078 147.1559295654297 56 468 61.98882293701172 15.444792747497559
9.0 1.6 Vehicle 27.568073272705078 147.1559295654297 59 389 72.73838806152344 10.784345626831055
9.0 1.8 Vehicle 37.188419342041016 133.77146911621094 58 381 50.405418395996094 13.327303886413574
9.0 2.0 Vehicle 36.55747985839844 103.09957885742188 67 326 40.77628707885742 15.3236722946167
9.0 2.2 Vehicle 36.55747985839844 103.09957885742188 70 305 40.411441802978516 12.706732749938965
9.0 2.4 Vehicle 33.76723098754883 115.92667388916016 80 282 49.4184684753418 9.891305923461914
9.0 2.6 Vehicle 33.76723098754883 115.92667388916016 76 237 46.187801361083984 8.310208320617676
9.0 2.8 Vehicle 41.569557189941406 127.23123168945312 67 226 53.94495391845703 14.039580345153809
9.0 3.0 Vehicle 54.967777252197266 94.82039642333984 88 199 36.469661712646484 17.550464630126953
9.0 3.2 Vehicle 54.967777252197266 94.82039642333984 96 185 30.947738647460938 17.20682716369629
9.0 3.4 Vehicle 60.11149215698242 101.01348876953125 51 183 35.3784065246582 18.462648391723633
9.0 3.6 Vehicle 60.11149215698242 101.01348876953125 66 185 30.264589309692383 16.489025115966797
9.0 3.8 Vehicle 70.36084747314453 78.14326477050781 89 165 19.682754516601562 30.637319564819336
9.0 4.0 Vehicle 79.8824691772461 93.48026275634766 70 162 30.334257125854492 31.325557708740234
9.0 4.2 Vehicle 79.8824691772461 93.48026275634766 60 136 25.18012237548828 22.11809539794922
9.0 4.4 Vehicle 40.92488479614258 82.46417999267578 78 133 32.44784927368164 8.087118148803711
9.0 4.6 Vehicle 40.92488479614258 82.46417999267578 57 147 21.70125389099121 12.271796226501465
9.0 4.8 Vehicle 37.72314453125 84.92658233642578 73 132 28.38799285888672 9.475244522094727
9.0 5.0 Vehicle 40.86384201049805 91.06217193603516 68 115 32.957611083984375 14.242104530334473
9.0 5.2 Vehicle 40.86384201049805 91.06217193603516 62 118 43.41161346435547 10.699549674987793
9.0 5.4 Vehicle 41.92822265625 77.74310302734375 76 100 22.685340881347656 6.275508880615234
9.0 5.6 Vehicle 41.92822265625 77.74310302734375 73 112 30.93907928466797 11.495600700378418
9.0 5.8 Vehicle 46.87783432006836 50.5639533996582 58 120 14.406952857971191 14.715208053588867
9.0 6.0 Vehicle 75.897705078125 41.87311553955078 74 105 9.014193534851074 31.405189514160156
9.0 6.2 Vehicle 75.897705078125 41.87311553955078 78 98 11.925681114196777 40.07526779174805
9.0 6.4 Vehicle 69.63097381591797 53.49093246459961 59 93 14.141155242919922 25.570423126220703
9.0 6.6 Vehicle 69.63097381591797 53.49093246459961 67 92 16.805255889892578 25.04282569885254
9.0 6.8 Vehicle 71.2497329711914 41.290557861328125 63 93 6.268117427825928 35.355873107910156
9.0 7.0 Vehicle 53.542320251464844 76.9380111694336 56 91 24.09697914123535 15.651199340820312
9.0 7.2 Vehicle 53.542320251464844 76.9380111694336 77 76 21.89111328125 9.985488891601562
9.0 7.4 Vehicle 64.95419311523438 45.14905548095703 66 100 11.352553367614746 30.127660751342773
9.0 7.6 Vehicle 64.95419311523438 45.14905548095703 75 83 9.245122909545898 28.84687042236328
9.0 7.8 Vehicle 52.546382904052734 66.91343688964844 77 84 27.359416961669922 14.82713508605957
9.0 8.0 Vehicle 106.61978149414062 94.89554595947266 69 72 22.211999893188477 40.18977355957031
9.0 8.2 Vehicle 106.61978149414062 94.89554595947266 66 76 22.452226638793945 34.01824188232422
9.0 8.4 Vehicle 111.60799407958984 99.17476654052734 69 84 23.51219940185547 39.729637145996094
9.0 8.6 Vehicle 111.60799407958984 99.17476654052734 59 82 28.635696411132812 33.17329406738281
9.0 8.8 Vehicle 97.84332275390625 103.9638671875 57 65 25.961536407470703 28.30108642578125
9.0 9.0 Vehicle 113.24500274658203 130.8951416015625 76 69 27.51605796813965 41.44196319580078
9.0 9.2 Vehicle 113.24500274658203 130.8951416015625 80 64 40.744232177734375 32.88543701171875
9.0 9.4 Vehicle 54.24461364746094 87.09979248046875 70 56 31.75313949584961 13.238141059875488
9.0 9.6 Vehicle 54.24461364746094 87.09979248046875 72 63 26.048744201660156 14.724246978759766
9.0 9.8 Vehicle 40.598236083984375 115.29423522949219 76 77 50.01206588745117 6.940319538116455
9.0 10.0 Vehicle 58.68834686279297 111.18933868408203 65 77 45.66565704345703 13.392436981201172
9.2 0.2 Vehicle 20.963254928588867 153.97723388671875 50 545 80.3325424194336 272.8673400878906
9.2 0.4 Vehicle 20.963254928588867 153.97723388671875 56 545 102.16844177246094 223.099365234375
9.2 0.6 Vehicle 20.963254928588867 153.97723388671875 52 545 67.01448059082031 171.0322723388672
9.2 0.8 Vehicle 20.7979679107666 154.11709594726562 53 548 103.89198303222656 117.53060913085938
9.2 1.0 Vehicle 20.53091812133789 153.3671417236328 56 548 98.45671844482422 85.7361831665039
9.2 1.2 Vehicle 20.53091812133789 153.3671417236328 51 538 85.5433120727539 15.490588188171387
9.2 1.4 Vehicle 27.568073272705078 147.1559295654297 60 423 68.02478790283203 10.949121475219727
9.2 1.6 Vehicle 27.568073272705078 147.1559295654297 50 395 69.86812591552734 8.487509727478027
9.2 1.8 Vehicle 37.188419342041016 133.77146911621094 59 353 57.269535064697266 12.568193435668945
9.2 2.0 Vehicle 36.55747985839844 103.09957885742188 77 294 48.401893615722656 14.319963455200195
9.2 2.2 Vehicle 36.55747985839844 103.09957885742188 73 298 43.98963165283203 10.954989433288574
9.2 2.4 Vehicle 33.76723098754883 115.92667388916016 58 252 52.840518951416016 10.046366691589355
9.2 2.6 Vehicle 33.76723098754883 115.92667388916016 61 248 40.74583435058594 7.246281623840332
9.2 2.8 Vehicle 41.569557189941406 127.23123168945312 52 263 64.6803970336914 9.249466896057129
9.2 3.0 Vehicle 54.967777252197266 94.82039642333984 77 190 37.928672790527344 16.901554107666016
9.2 3.2 Vehicle 54.967777252197266 94.82039642333984 77 184 34.157875061035156 18.093276977539062
9.2 3.4 Vehicle 60.11149215698242 101.01348876953125 59 199 29.568540573120117 17.555837631225586
9.2 3.6 Vehicle 60.11149215698242 101.01348876953125 58 162 39.71095275878906 21.621145248413086
9.2 3.8 Vehicle 70.36084747314453 78.14326477050781 62 152 17.60519790649414 26.34423065185547
9.2 4.0 Vehicle 79.8824691772461 93.48026275634766 64 168 31.322481155395508 28.611988067626953
9.2 4.2 Vehicle 79.8824691772461 93.48026275634766 61 164 18.15264320373535 28.07644271850586
9.2 4.4 Vehicle 40.92488479614258 82.46417999267578 75 152 30.902482986450195 9.819236755371094
9.2 4.6 Vehicle 40.92488479614258 82.46417999267578 68 129 28.580385208129883 11.387908935546875
9.2 4.8 Vehicle 37.72314453125 84.92658233642578 83 125 36.61055374145508 12.92785358428955
9.2 5.0 Vehicle 40.86384201049805 91.06217193603516 43 128 35.34553909301758 12.967693328857422
9.2 5.2 Vehicle 40.86384201049805 91.06217193603516 64 126 33.858177185058594 11.82911205291748
9.2 5.4 Vehicle 41.92822265625 77.74310302734375 76 127 32.56884765625 10.186514854431152
9.2 5.6 Vehicle 41.92822265625 77.74310302734375 67 108 31.332395553588867 12.684998512268066
9.2 5.8 Vehicle 46.87783432006836 50.5639533996582 65 103 18.319028854370117 16.126590728759766
9.2 6.0 Vehicle 75.897705078125 41.87311553955078 65 106 10.99193286895752 33.17390060424805
9.2 6.2 Vehicle 75.897705078125 41.87311553955078 63 113 14.09316635131836 39.36498260498047
9.2 6.4 Vehicle 69.63097381591797 53.49093246459961 85 109 16.871423721313477 24.724008560180664
9.2 6.6 Vehicle 69.63097381591797 53.49093246459961 74 98 15.721885681152344 27.134912490844727
9.2 6.8 Vehicle 71.2497329711914 41.290557861328125 77 74 9.798613548278809 23.95221710205078
9.2 7.0 Vehicle 53.542320251464844 76.9380111694336 56 107 27.875059127807617 15.16403579711914
9.2 7.2 Vehicle 53.542320251464844 76.9380111694336 66 91 28.12157440185547 17.667442321777344
9.2 7.4 Vehicle 64.95419311523438 45.14905548095703 66 87 7.604691982269287 25.394174575805664
9.2 7.6 Vehicle 64.95419311523438 45.14905548095703 62 86 9.158334732055664 27.948225021362305
9.2 7.8 Vehicle 52.546382904052734 66.91343688964844 89 75 20.321979522705078 15.566143035888672
9.2 8.0 Vehicle 106.61978149414062 94.89554595947266 82 80 29.386098861694336 34.42271041870117
9.2 8.2 Vehicle 106.61978149414062 94.89554595947266 75 76 23.199264526367188 31.798301696777344
9.2 8.4 Vehicle 111.60799407958984 99.17476654052734 66 85 26.789024353027344 42.60266876220703
9.2 8.6 Vehicle 111.60799407958984 99.17476654052734 64 82 19.02853012084961 44.36198425292969
9.2 8.8 Vehicle 97.84332275390625 103.9638671875 58 68 22.77520179748535 29.5379695892334
9.2 9.0 Vehicle 113.24500274658203 130.8951416015625 62 71 25.368515014648438 31.073688507080078
9.2 9.2 Vehicle 113.24500274658203 130.8951416015625 73 67 30.111053466796875 37.02183532714844
9.2 9.4 Vehicle 54.24461364746094 87.09979248046875 66 66 33.99369430541992 20.151214599609375
9.2 9.6 Vehicle 54.24461364746094 87.09979248046875 69 65 30.630441665649414 14.3507080078125
9.2 9.8 Vehicle 40.598236083984375 115.29423522949219 79 68 58.09347915649414 8.238592147827148
9.2 10.0 Vehicle 58.68834686279297 111.18933868408203 73 60 45.308013916015625 16.17835807800293
9.4 0.2 Vehicle 20.082502365112305 154.3699188232422 51 550 65.76168060302734 271.9986877441406
9.4 0.4 Vehicle 20.082502365112305 154.3699188232422 50 550 73.81175994873047 220.99490356445312
9.4 0.6 Vehicle 20.082502365112305 154.3699188232422 47 550 69.01576232910156 168.44888305664062
9.4 0.8 Vehicle 19.91721534729004 154.50978088378906 53 550 100.75921630859375 121.51300811767578
9.4 1.0 Vehicle 19.650165557861328 153.75982666015625 50 551 72.91973114013672 72.22891998291016
9.4 1.2 Vehicle 19.650165557861328 153.75982666015625 50 507 79.52716064453125 14.181076049804688
9.4 1.4 Vehicle 26.687313079833984 147.54861450195312 60 486 73.69467163085938 15.083949089050293
9.4 1.6 Vehicle 26.687313079833984 147.54861450195312 67 406 69.22266387939453 9.843605041503906
9.4 1.8 Vehicle 36.30767822265625 133.79791259765625 67 383 48.49717712402344 15.663073539733887
9.4 2.0 Vehicle 35.67673873901367 113.58834075927734 62 316 47.14635467529297 14.738861083984375
9.4 2.2 Vehicle 35.67673873901367 113.58834075927734 70 267 51.68660354614258 10.991207122802734
9.4 2.4 Vehicle 36.134273529052734 109.84748077392578 59 272 41.52140808105469 12.028660774230957
9.4 2.6 Vehicle 36.134273529052734 109.84748077392578 54 255 49.921321868896484 8.06930160522461
9.4 2.8 Vehicle 37.681724548339844 105.0044937133789 51 224 38.22597885131836 9.058881759643555
9.4 3.0 Vehicle 34.18783950805664 88.31089782714844 68 206 42.02375411987305 10.834223747253418
9.4 3.2 Vehicle 34.18783950805664 88.31089782714844 72 174 38.19304656982422 8.53943920135498
9.4 3.4 Vehicle 36.18075942993164 93.55240631103516 62 169 30.952341079711914 10.327268600463867
9.4 3.6 Vehicle 36.18075942993164 93.55240631103516 75 195 39.83928680419922 11.583532333374023
9.4 3.8 Vehicle 41.179725646972656 102.95160675048828 68 171 42.495914459228516 11.444634437561035
9.4 4.0 Vehicle 49.980369567871094 85.94309997558594 69 173 35.59304428100586 16.289461135864258
9.4 4.2 Vehicle 49.980369567871094 85.94309997558594 73 143 32.10377883911133 15.213536262512207
9.4 4.4 Vehicle 28.919593811035156 58.85213851928711 65 113 26.304109573364258 8.37673282623291
9.4 4.6 Vehicle 28.919593811035156 58.85213851928711 67 138 22.400678634643555 8.840980529785156
9.4 4.8 Vehicle 25.299890518188477 69.20044708251953 80 135 25.041616439819336 6.834028244018555
9.4 5.0 Vehicle 26.226552963256836 50.33153533935547 62 132 17.32794189453125 7.463224411010742
9.4 5.2 Vehicle 26.226552963256836 50.33153533935547 71 117 21.58973503112793 7.073967933654785
9.4 5.4 Vehicle 40.38386154174805 70.79243469238281 70 124 22.300464630126953 12.22049617767334
9.4 5.6 Vehicle 40.38386154174805 70.79243469238281 60 120 25.9032039642334 9.662174224853516
9.4 5.8 Vehicle 45.33348083496094 43.61328125 77 113 11.89442253112793 15.53406047821045
9.4 6.0 Vehicle 68.85599517822266 47.188167572021484 72 97 14.265528678894043 23.05005645751953
9.4 6.2 Vehicle 68.85599517822266 47.188167572021484 73 85 10.489547729492188 23.341156005859375
9.4 6.4 Vehicle 69.14168548583984 48.16899108886719 65 93 14.640840530395508 31.40348243713379
9.4 6.6 Vehicle 69.14168548583984 48.16899108886719 67 99 8.057295799255371 29.831981658935547
9.4 6.8 Vehicle 67.41110229492188 57.009498596191406 70 70 21.245981216430664 20.857818603515625
9.4 7.0 Vehicle 49.7037353515625 86.67049407958984 70 92 26.10303497314453 15.38826847076416
9.4 7.2 Vehicle 49.7037353515625 86.67049407958984 72 75 31.78800392150879 15.037726402282715
9.4 7.4 Vehicle 37.85344314575195 56.5545539855957 65 98 19.746356964111328 10.154823303222656
9.4 7.6 Vehicle 37.85344314575195 56.5545539855957 62 72 19.395524978637695 9.281050682067871
9.4 7.8 Vehicle 25.445642471313477 49.866668701171875 75 89 22.268720626831055 7.117624282836914
9.4 8.0 Vehicle 42.569766998291016 41.90629196166992 47 72 15.426907539367676 12.795315742492676
9.4 8.2 Vehicle 42.569766998291016 41.90629196166992 68 76 15.488972663879395 12.099440574645996
9.4 8.4 Vehicle 41.893733978271484 52.32905960083008 61 75 12.134960174560547 13.378352165222168
9.4 8.6 Vehicle 41.893733978271484 52.32905960083008 59 71 16.984596252441406 12.412115097045898
9.4 8.8 Vehicle 29.282390594482422 63.493621826171875 68 70 28.043012619018555 6.514875888824463
9.4 9.0 Vehicle 47.34190368652344 78.75856018066406 67 66 26.45777130126953 10.790807723999023
9.4 9.2 Vehicle 47.34190368652344 78.75856018066406 72 67 28.395042419433594 11.682019233703613
9.4 9.4 Vehicle 53.18869400024414 97.29096221923828 62 62 31.638294219970703 18.207294464111328
9.4 9.6 Vehicle 53.18869400024414 97.29096221923828 76 54 32.16138458251953 13.633342742919922
9.4 9.8 Vehicle 32.31258010864258 132.69064331054688 54 60 48.125484466552734 4.266695499420166
9.4 10.0 Vehicle 66.05359649658203 89.97110748291016 62 69 31.175270080566406 18.082895278930664
9.6 0.2 Vehicle 20.082502365112305 154.3699188232422 55 550 85.17398834228516 276.0219421386719
9.6 0.4 Vehicle 20.082502365112305 154.3699188232422 55 550 82.00056457519531 216.2552947998047
9.6 0.6 Vehicle 20.082502365112305 154.3699188232422 64 550 107.88261413574219 173.8843994140625
9.6 0.8 Vehicle 19.91721534729004 154.50978088378906 52 550 108.97733306884766 120.90174865722656
9.6 1.0 Vehicle 19.650165557861328 153.75982666015625 53 551 162.00250244140625 42.78047561645508
9.6 1.2 Vehicle 19.650165557861328 153.75982666015625 52 519 111.61181640625 10.286791801452637
9.6 1.4 Vehicle 26.687313079833984 147.54861450195312 56 468 73.1793212890625 12.982441902160645
9.6 1.6 Vehicle 26.687313079833984 147.54861450195312 60 401 78.6085205078125 8.952120780944824
9.6 1.8 Vehicle 36.30767822265625 133.79791259765625 64 349 51.4181022644043 13.151391983032227
9.6 2.0 Vehicle 35.67673873901367 113.58834075927734 66 303 53.04094314575195 13.291777610778809
9.6 2.2 Vehicle 35.67673873901367 113.58834075927734 72 282 53.72110366821289 10.461294174194336
9.6 2.4 Vehicle 36.134273529052734 109.84748077392578 60 252 36.87776184082031 11.546493530273438
9.6 2.6 Vehicle 36.134273529052734 109.84748077392578 61 233 46.959251403808594 11.095474243164062
9.6 2.8 Vehicle 37.681724548339844 105.0044937133789 71 213 49.578975677490234 11.026334762573242
9.6 3.0 Vehicle 34.18783950805664 88.31089782714844 57 214 35.23466491699219 10.392600059509277
9.6 3.2 Vehicle 34.18783950805664 88.31089782714844 61 201 39.550804138183594 6.657519340515137
9.6 3.4 Vehicle 36.18075942993164 93.55240631103516 60 173 35.64681625366211 10.22511100769043
9.6 3.6 Vehicle 36.18075942993164 93.55240631103516 59 168 33.862648010253906 8.816276550292969
9.6 3.8 Vehicle 41.179725646972656 102.95160675048828 64 153 47.090675354003906 13.139391899108887
9.6 4.0 Vehicle 49.980369567871094 85.94309997558594 70 151 30.72327995300293 15.847037315368652
9.6 4.2 Vehicle 49.980369567871094 85.94309997558594 70 163 32.33396530151367 15.356712341308594
9.6 4.4 Vehicle 28.919593811035156 58.85213851928711 73 145 27.54346466064453 8.403914451599121
9.6 4.6 Vehicle 28.919593811035156 58.85213851928711 63 147 23.270463943481445 8.102928161621094
9.6 4.8 Vehicle 25.299890518188477 69.20044708251953 57 126 28.49881362915039 6.792716979980469
9.6 5.0 Vehicle 26.226552963256836 50.33153533935547 67 114 23.820465087890625 6.901888847351074
9.6 5.2 Vehicle 26.226552963256836 50.33153533935547 80 114 16.857418060302734 8.524534225463867
9.6 5.4 Vehicle 40.38386154174805 70.79243469238281 64 125 21.02281379699707 8.68338394165039
9.6 5.6 Vehicle 40.38386154174805 70.79243469238281 53 124 26.118648529052734 12.242156028747559
9.6 5.8 Vehicle 45.33348083496094 43.61328125 70 110 12.070328712463379 16.620437622070312
9.6 6.0 Vehicle 68.85599517822266 47.188167572021484 66 96 12.578137397766113 28.35162353515625
9.6 6.2 Vehicle 68.85599517822266 47.188167572021484 57 87 13.73653507232666 28.412616729736328
9.6 6.4 Vehicle 69.14168548583984 48.16899108886719 63 87 7.851155757904053 29.707109451293945
9.6 6.6 Vehicle 69.14168548583984 48.16899108886719 66 93 13.291594505310059 28.787321090698242
9.6 6.8 Vehicle 67.41110229492188 57.009498596191406 73 99 17.162290573120117 24.71634292602539
9.6 7.0 Vehicle 49.7037353515625 86.67049407958984 77 106 31.73014259338379 13.19405460357666
9.6 7.2 Vehicle 49.7037353515625 86.67049407958984 63 85 28.51869010925293 13.616006851196289
9.6 7.4 Vehicle 37.85344314575195 56.5545539855957 71 80 24.110090255737305 9.776437759399414
9.6 7.6 Vehicle 37.85344314575195 56.5545539855957 74 92 14.265120506286621 9.884291648864746
9.6 7.8 Vehicle 25.445642471313477 49.866668701171875 75 94 20.41789436340332 9.187946319580078
9.6 8.0 Vehicle 42.569766998291016 41.90629196166992 61 78 16.21270751953125 19.164443969726562
9.6 8.2 Vehicle 42.569766998291016 41.90629196166992 64 75 11.833006858825684 16.127710342407227
9.6 8.4 Vehicle 41.893733978271484 52.32905960083008 63 80 14.84066390991211 12.322948455810547
9.6 8.6 Vehicle 41.893733978271484 52.32905960083008 51 76 16.964889526367188 14.679372787475586
9.6 8.8 Vehicle 29.282390594482422 63.493621826171875 69 70 27.938928604125977 8.571413040161133
9.6 9.0 Vehicle 47.34190368652344 78.75856018066406 65 75 30.812244415283203 10.105851173400879
9.6 9.2 Vehicle 47.34190368652344 78.75856018066406 58 70 31.53999137878418 9.578125953674316
9.6 9.4 Vehicle 53.18869400024414 97.29096221923828 72 62 35.87187194824219 15.268782615661621
9.6 9.6 Vehicle 53.18869400024414 97.29096221923828 70 79 31.249399185180664 10.839795112609863
9.6 9.8 Vehicle 32.31258010864258 132.69064331054688 53 65 60.58525466918945 7.123484134674072
9.6 10.0 Vehicle 66.05359649658203 89.97110748291016 64 56 28.030420303344727 14.99920654296875
9.8 0.2 Vehicle 20.655359268188477 154.3400115966797 55 548 106.19987487792969 271.1049499511719
9.8 0.4 Vehicle 20.655359268188477 154.3400115966797 53 548 86.94904327392578 215.69264221191406
9.8 0.6 Vehicle 20.655359268188477 154.3400115966797 52 548 79.87097930908203 157.81468200683594
9.8 0.8 Vehicle 20.49007225036621 154.11622619628906 47 549 90.0383071899414 115.22413635253906
9.8 1.0 Vehicle 20.2230224609375 152.97152709960938 43 548 85.49864959716797 45.768157958984375
9.8 1.2 Vehicle 20.2230224609375 152.97152709960938 55 548 65.95851135253906 20.280624389648438
9.8 1.4 Vehicle 27.640899658203125 133.28265380859375 69 450 62.1989860534668 15.495141983032227
9.8 1.6 Vehicle 27.640899658203125 133.28265380859375 44 423 48.4029541015625 10.415399551391602
9.8 1.8 Vehicle 37.67074203491211 101.79512786865234 82 355 40.98154830932617 13.81113052368164
9.8 2.0 Vehicle 37.0398063659668 79.02823638916016 62 294 31.44933319091797 14.583325386047363
9.8 2.2 Vehicle 37.0398063659668 79.02823638916016 60 311 33.79966735839844 14.172005653381348
9.8 2.4 Vehicle 37.49734115600586 77.74201965332031 64 278 23.466148376464844 15.369606018066406
9.8 2.6 Vehicle 37.49734115600586 77.74201965332031 66 215 25.71297264099121 14.690425872802734
9.8 2.8 Vehicle 50.95515060424805 90.92486572265625 74 208 37.34907150268555 18.55827522277832
9.8 3.0 Vehicle 37.80497360229492 63.9461784362793 64 195 18.006328582763672 13.831469535827637
9.8 3.2 Vehicle 37.80497360229492 63.9461784362793 51 180 19.059404373168945 11.795724868774414
9.8 3.4 Vehicle 42.74887466430664 102.16132354736328 77 207 44.73031997680664 13.284265518188477
9.8 3.6 Vehicle 42.74887466430664 102.16132354736328 63 164 38.744876861572266 12.637706756591797
9.8 3.8 Vehicle 38.133949279785156 59.066497802734375 50 156 23.7227783203125 11.143986701965332
9.8 4.0 Vehicle 47.935585021972656 68.94473266601562 75 148 28.71063804626465 16.439180374145508
9.8 4.2 Vehicle 47.935585021972656 68.94473266601562 50 155 29.506113052368164 17.113872528076172
9.8 4.4 Vehicle 35.8570556640625 38.22128677368164 54 143 11.676901817321777 11.248702049255371
9.8 4.6 Vehicle 35.8570556640625 38.22128677368164 63 144 11.104076385498047 14.768589973449707
9.8 4.8 Vehicle 39.998748779296875 89.26451110839844 53 135 37.828651428222656 9.251829147338867
9.8 5.0 Vehicle 45.705780029296875 83.88041687011719 70 126 29.439369201660156 12.767611503601074
9.8 5.2 Vehicle 45.705780029296875 83.88041687011719 55 118 30.647504806518555 12.464245796203613
9.8 5.4 Vehicle 102.87916564941406 100.36138153076172 67 108 31.823577880859375 43.79275894165039
9.8 5.6 Vehicle 102.87916564941406 100.36138153076172 60 113 25.985002517700195 43.694637298583984
9.8 5.8 Vehicle 55.77614974975586 78.64340209960938 58 123 23.751928329467773 16.204668045043945
9.8 6.0 Vehicle 78.05174255371094 64.92647552490234 74 106 20.69034194946289 31.16042709350586
9.8 6.2 Vehicle 78.05174255371094 64.92647552490234 79 110 18.343524932861328 29.669265747070312
9.8 6.4 Vehicle 66.92930603027344 67.34033203125 63 107 18.176422119140625 25.448545455932617
9.8 6.6 Vehicle 66.92930603027344 67.34033203125 57 88 18.494413375854492 13.517605781555176
9.8 6.8 Vehicle 106.08586883544922 102.26048278808594 65 84 31.77817726135254 24.00359535217285
9.8 7.0 Vehicle 94.86569213867188 107.83007049560547 76 85 37.92441177368164 28.998916625976562
9.8 7.2 Vehicle 94.86569213867188 107.83007049560547 78 87 36.25192642211914 32.94075393676758
9.8 7.4 Vehicle 72.80038452148438 24.08566665649414 56 76 3.8219990730285645 36.436431884765625
9.8 7.6 Vehicle 72.80038452148438 24.08566665649414 72 81 5.0708794593811035 34.34071731567383
9.8 7.8 Vehicle 35.26940155029297 45.062774658203125 50 82 13.536624908447266 13.425837516784668
9.8 8.0 Vehicle 41.71121597290039 34.64480972290039 81 70 12.236612319946289 14.991747856140137
9.8 8.2 Vehicle 41.71121597290039 34.64480972290039 58 84 10.156998634338379 18.452102661132812
9.8 8.4 Vehicle 40.7752685546875 51.51729202270508 65 71 21.6743221282959 14.453582763671875
9.8 8.6 Vehicle 40.7752685546875 51.51729202270508 63 64 23.07003402709961 11.359609603881836
9.8 8.8 Vehicle 32.36668395996094 63.54463577270508 70 67 23.71245765686035 7.657854080200195
9.8 9.0 Vehicle 45.594844818115234 80.47242736816406 53 65 25.773128509521484 11.478672981262207
9.8 9.2 Vehicle 45.594844818115234 80.47242736816406 61 69 24.92816734313965 9.92678451538086
9.8 9.4 Vehicle 74.40851593017578 79.42391204833984 59 68 28.873258590698242 22.44164276123047
9.8 9.6 Vehicle 74.40851593017578 79.42391204833984 63 74 21.268117904663086 26.533294677734375
9.8 9.8 Vehicle 63.83877182006836 58.84617614746094 63 56 10.652259826660156 22.763185501098633
9.8 10.0 Vehicle 38.86545944213867 61.91014862060547 66 58 19.536754608154297 11.030633926391602
10.0 0.2 Vehicle 17.920583724975586 159.27577209472656 45 559 82.25469207763672 271.6240234375
10.0 0.4 Vehicle 17.920583724975586 159.27577209472656 49 559 84.67265319824219 213.6136474609375
10.0 0.6 Vehicle 17.920583724975586 159.27577209472656 46 559 133.49542236328125 155.5243377685547
10.0 0.8 Vehicle 17.785186767578125 159.05198669433594 46 560 106.0280532836914 88.8097152709961
10.0 1.0 Vehicle 17.518136978149414 155.73184204101562 40 559 114.3131332397461 60.351417541503906
10.0 1.2 Vehicle 17.518136978149414 155.73184204101562 49 547 116.9013671875 16.38404083251953
10.0 1.4 Vehicle 24.065731048583984 145.4868621826172 47 479 63.51041030883789 9.516401290893555
10.0 1.6 Vehicle 24.065731048583984 145.4868621826172 54 392 89.61420440673828 6.381854057312012
10.0 1.8 Vehicle 22.64000701904297 97.34060668945312 70 324 52.18551254272461 7.27305793762207
10.0 2.0 Vehicle 22.009069442749023 82.01661682128906 73 273 39.801971435546875 7.456753253936768
10.0 2.2 Vehicle 22.009069442749023 82.01661682128906 64 274 31.547847747802734 5.069507122039795
10.0 2.4 Vehicle 22.466604232788086 89.093505859375 52 253 47.78186798095703 5.471512794494629
10.0 2.6 Vehicle 22.466604232788086 89.093505859375 76 225 45.88656234741211 5.828884601593018
10.0 2.8 Vehicle 30.724573135375977 86.73240661621094 72 227 30.22206687927246 9.614555358886719
10.0 3.0 Vehicle 23.81481170654297 67.78450775146484 58 209 28.003149032592773 6.299609661102295
10.0 3.2 Vehicle 23.81481170654297 67.78450775146484 53 184 28.79338264465332 7.4356303215026855
10.0 3.4 Vehicle 49.52188491821289 92.606689453125 74 202 31.711610794067383 14.902962684631348
10.0 3.6 Vehicle 49.52188491821289 92.606689453125 74 188 31.829313278198242 17.838354110717773
10.0 3.8 Vehicle 31.590129852294922 48.77903747558594 60 155 19.172462463378906 9.536524772644043
10.0 4.0 Vehicle 35.52276611328125 38.344200134277344 64 173 11.412919044494629 18.467830657958984
10.0 4.2 Vehicle 35.52276611328125 38.344200134277344 61 150 8.863965034484863 17.07171630859375
10.0 4.4 Vehicle 32.62587356567383 28.63433074951172 70 142 7.12949275970459 15.72773551940918
10.0 4.6 Vehicle 32.62587356567383 28.63433074951172 69 141 8.795289039611816 15.145268440246582
10.0 4.8 Vehicle 36.97522735595703 68.5458755493164 59 124 24.571189880371094 9.028767585754395
10.0 5.0 Vehicle 42.06040573120117 89.56449890136719 60 108 32.024967193603516 7.453389644622803
10.0 5.2 Vehicle 42.06040573120117 89.56449890136719 62 111 31.945682525634766 9.881532669067383
10.0 5.4 Vehicle 82.58045196533203 87.97157287597656 67 119 21.025068283081055 31.305341720581055
10.0 5.6 Vehicle 82.58045196533203 87.97157287597656 64 124 23.357891082763672 26.144153594970703
10.0 5.8 Vehicle 39.80524444580078 57.13639831542969 77 109 24.949907302856445 11.553970336914062
10.0 6.0 Vehicle 48.647464752197266 96.90679931640625 70 110 33.73904037475586 14.038806915283203
10.0 6.2 Vehicle 48.647464752197266 96.90679931640625 71 99 39.146514892578125 12.963085174560547
10.0 6.4 Vehicle 38.041587829589844 101.57830047607422 56 76 35.51451873779297 9.576744079589844
10.0 6.6 Vehicle 38.041587829589844 101.57830047607422 69 106 36.91884994506836 11.07424545288086
10.0 6.8 Vehicle 49.164093017578125 101.68047332763672 62 85 38.423526763916016 11.814346313476562
10.0 7.0 Vehicle 48.77384567260742 98.41521453857422 54 82 41.08891296386719 12.263565063476562
10.0 7.2 Vehicle 48.77384567260742 98.41521453857422 82 78 30.959062576293945 15.46936321258545
10.0 7.4 Vehicle 58.21861267089844 91.2530746459961 57 77 29.837966918945312 18.394899368286133
10.0 7.6 Vehicle 58.21861267089844 91.2530746459961 59 89 31.648305892944336 13.125592231750488
10.0 7.8 Vehicle 54.51632308959961 54.677005767822266 68 79 17.705181121826172 21.137704849243164
10.0 8.0 Vehicle 55.16959762573242 70.31499481201172 59 83 22.9962215423584 16.30929946899414
10.0 8.2 Vehicle 55.16959762573242 70.31499481201172 55 70 25.303728103637695 19.427139282226562
10.0 8.4 Vehicle 79.11590576171875 39.37739181518555 66 73 9.769750595092773 28.513845443725586
10.0 8.6 Vehicle 79.11590576171875 39.37739181518555 59 56 6.911324501037598 30.720197677612305
10.0 8.8 Vehicle 113.0506362915039 118.5071792602539 68 75 25.072826385498047 41.59687423706055
10.0 9.0 Vehicle 137.97799682617188 119.73664855957031 73 55 29.40321922302246 55.895328521728516
10.0 9.2 Vehicle 137.97799682617188 119.73664855957031 65 51 17.26778221130371 51.29237365722656
10.0 9.4 Vehicle 81.21561431884766 128.11062622070312 61 60 50.50823211669922 21.59876251220703
10.0 9.6 Vehicle 81.21561431884766 128.11062622070312 60 62 36.85615921020508 18.12491226196289
10.0 9.8 Vehicle 69.94689178466797 73.3875503540039 71 52 15.917977333068848 17.792463302612305
10.0 10.0 Vehicle 119.50100708007812 115.02629089355469 62 56 17.37690544128418 33.83031463623047
