0.2 0.2 Waiting 30.69624900817871 25.553672790527344 327 253 283.0626525878906 300.0056457519531
0.2 0.4 Waiting 30.69624900817871 25.553672790527344 327 253 286.61004638671875 277.99359130859375
0.2 0.6 Waiting 30.69624900817871 25.553672790527344 327 253 284.7159423828125 254.01174926757812
0.2 0.8 Waiting 58.66343307495117 32.1381721496582 394 210 267.85357666015625 276.71490478515625
0.2 1.0 Waiting 54.79471969604492 18.115705490112305 468 128 270.82373046875 265.67620849609375
0.2 1.2 Waiting 54.79471969604492 18.115705490112305 468 128 275.8370056152344 246.5697021484375
0.2 1.4 Waiting 88.63497924804688 18.464078903198242 516 93 260.7049255371094 290.7568359375
0.2 1.6 Waiting 88.63497924804688 18.464078903198242 516 93 262.62310791015625 283.1470642089844
0.2 1.8 Waiting 90.46598815917969 28.833343505859375 481 130 262.0642395019531 228.72933959960938
0.2 2.0 Waiting 53.042572021484375 18.344167709350586 459 141 266.4120788574219 187.56446838378906
0.2 2.2 Waiting 53.042572021484375 18.344167709350586 459 141 268.0295104980469 152.1546173095703
0.2 2.4 Waiting 92.28102111816406 24.52937889099121 503 110 263.4381103515625 189.78750610351562
0.2 2.6 Waiting 92.28102111816406 24.52937889099121 503 110 265.6373291015625 209.80020141601562
0.2 2.8 Waiting 147.90560913085938 31.14639663696289 535 87 263.1834411621094 247.28672790527344
0.2 3.0 Waiting 120.4021987915039 25.158300399780273 527 92 262.6694641113281 246.33128356933594
0.2 3.2 Waiting 120.4021987915039 25.158300399780273 527 92 263.2203063964844 195.70693969726562
0.2 3.4 Waiting 152.02297973632812 28.937950134277344 545 78 265.2656555175781 199.36276245117188
0.2 3.6 Waiting 152.02297973632812 28.937950134277344 545 78 264.6534118652344 217.66871643066406
0.2 3.8 Waiting 142.15953063964844 23.538097381591797 560 63 264.97930908203125 216.23365783691406
0.2 4.0 Waiting 144.5023956298828 20.34449577331543 568 54 262.423828125 229.61729431152344
0.2 4.2 Waiting 144.5023956298828 20.34449577331543 568 54 261.09637451171875 211.16555786132812
0.2 4.4 Waiting 151.60780334472656 20.973405838012695 567 54 264.1950988769531 214.8077850341797
0.2 4.6 Waiting 151.60780334472656 20.973405838012695 567 54 261.46075439453125 196.66160583496094
0.2 4.8 Waiting 143.48883056640625 20.37917137145996 564 56 262.6300354003906 210.3621063232422
0.2 5.0 Waiting 160.38473510742188 20.39521026611328 569 54 256.7306823730469 229.05313110351562
0.2 5.2 Waiting 160.38473510742188 20.39521026611328 569 54 264.2401428222656 219.6438751220703
0.2 5.4 Waiting 135.80648803710938 19.59479331970215 548 68 260.3601989746094 164.36956787109375
0.2 5.6 Waiting 135.80648803710938 19.59479331970215 548 68 254.9423828125 250.30247497558594
0.2 5.8 Waiting 159.12356567382812 20.951019287109375 568 54 254.8430938720703 187.17604064941406
0.2 6.0 Waiting 158.1571044921875 21.013774871826172 568 57 262.6524963378906 194.978271484375
0.2 6.2 Waiting 158.1571044921875 21.013774871826172 568 57 264.9198913574219 140.41070556640625
0.2 6.4 Waiting 131.58131408691406 19.62151336669922 549 68 255.485595703125 129.3858184814453
0.2 6.6 Waiting 131.58131408691406 19.62151336669922 549 68 254.11427307128906 85.63983154296875
0.2 6.8 Waiting 130.60765075683594 19.62151336669922 549 68 259.3325500488281 118.58892822265625
0.2 7.0 Waiting 162.1410675048828 20.506425857543945 570 54 260.72784423828125 188.31863403320312
0.2 7.2 Waiting 162.1410675048828 20.506425857543945 570 54 265.1009826660156 162.05711364746094
0.2 7.4 Waiting 158.3975067138672 20.34368896484375 569 54 258.5498352050781 121.23371124267578
0.2 7.6 Waiting 158.3975067138672 20.34368896484375 569 54 264.7150573730469 138.3079376220703
0.2 7.8 Waiting 154.77456665039062 19.704689025878906 570 50 262.5324401855469 140.40249633789062
0.2 8.0 Waiting 155.63412475585938 19.68538475036621 571 51 259.2368469238281 144.78671264648438
0.2 8.2 Waiting 155.63412475585938 19.68538475036621 571 51 263.7383117675781 212.0915069580078
0.2 8.4 Waiting 154.59103393554688 19.460540771484375 571 50 263.17010498046875 102.92166137695312
0.2 8.6 Waiting 154.59103393554688 19.460540771484375 571 51 266.19537353515625 119.05471801757812
0.2 8.8 Waiting 145.5430908203125 19.327604293823242 572 50 264.2684020996094 86.0707778930664
0.2 9.0 Waiting 159.6453399658203 20.0784969329834 569 54 260.0953063964844 130.15969848632812
0.2 9.2 Waiting 159.6453399658203 20.0784969329834 569 53 256.6470031738281 112.44700622558594
0.2 9.4 Waiting 161.44615173339844 19.775789260864258 571 51 262.1939392089844 128.22171020507812
0.2 9.6 Waiting 161.44615173339844 19.775789260864258 571 51 262.013916015625 158.17835998535156
0.2 9.8 Waiting 137.2615509033203 19.56003761291504 550 45 259.0174865722656 77.4345703125
0.2 10.0 Waiting 149.95375061035156 19.106590270996094 571 47 258.9927978515625 84.76734161376953
0.4 0.2 Waiting 30.69624900817871 25.553672790527344 327 253 261.5888671875 302.2903137207031
0.4 0.4 Waiting 30.69624900817871 25.553672790527344 327 253 257.2017517089844 274.047607421875
0.4 0.6 Waiting 30.69624900817871 25.553672790527344 327 253 245.5470733642578 259.5177307128906
0.4 0.8 Waiting 58.66343307495117 32.1381721496582 394 210 226.2414093017578 280.9659729003906
0.4 1.0 Waiting 54.79471969604492 18.115705490112305 468 128 220.9854278564453 263.1025695800781
0.4 1.2 Waiting 54.79471969604492 18.115705490112305 468 128 227.26010131835938 239.29490661621094
0.4 1.4 Waiting 88.63497924804688 18.464078903198242 516 93 214.99044799804688 292.83294677734375
0.4 1.6 Waiting 88.63497924804688 18.464078903198242 516 93 213.9398651123047 286.8962707519531
0.4 1.8 Waiting 90.46598815917969 28.833343505859375 481 130 228.4265594482422 231.0683135986328
0.4 2.0 Waiting 53.042572021484375 18.344167709350586 459 141 228.5757293701172 198.9346923828125
0.4 2.2 Waiting 53.042572021484375 18.344167709350586 459 141 219.87181091308594 178.40496826171875
0.4 2.4 Waiting 92.28102111816406 24.52937889099121 503 110 216.08798217773438 211.3983917236328
0.4 2.6 Waiting 92.28102111816406 24.52937889099121 503 110 208.07577514648438 198.6542510986328
0.4 2.8 Waiting 147.90560913085938 31.14639663696289 535 87 214.61770629882812 238.31292724609375
0.4 3.0 Waiting 120.4021987915039 25.158300399780273 527 92 202.52615356445312 211.36912536621094
0.4 3.2 Waiting 120.4021987915039 25.158300399780273 527 92 209.475830078125 171.4298553466797
0.4 3.4 Waiting 152.02297973632812 28.937950134277344 545 78 207.44480895996094 232.17665100097656
0.4 3.6 Waiting 152.02297973632812 28.937950134277344 545 78 203.82069396972656 179.54949951171875
0.4 3.8 Waiting 142.15953063964844 23.538097381591797 560 63 203.9948272705078 206.69866943359375
0.4 4.0 Waiting 144.5023956298828 20.34449577331543 568 54 205.27581787109375 227.72793579101562
0.4 4.2 Waiting 144.5023956298828 20.34449577331543 568 54 201.07379150390625 131.97604370117188
0.4 4.4 Waiting 151.60780334472656 20.973405838012695 567 54 208.16453552246094 247.30517578125
0.4 4.6 Waiting 151.60780334472656 20.973405838012695 567 54 208.5188751220703 210.78573608398438
0.4 4.8 Waiting 143.48883056640625 20.37917137145996 564 56 210.545654296875 192.15061950683594
0.4 5.0 Waiting 160.38473510742188 20.39521026611328 569 54 203.34593200683594 235.76483154296875
0.4 5.2 Waiting 160.38473510742188 20.39521026611328 569 54 204.49290466308594 182.36083984375
0.4 5.4 Waiting 135.80648803710938 19.59479331970215 548 68 199.54928588867188 201.1719970703125
0.4 5.6 Waiting 135.80648803710938 19.59479331970215 548 68 216.65048217773438 204.68112182617188
0.4 5.8 Waiting 159.12356567382812 20.951019287109375 568 54 200.467041015625 215.52029418945312
0.4 6.0 Waiting 158.1571044921875 21.013774871826172 568 57 200.75550842285156 202.68081665039062
0.4 6.2 Waiting 158.1571044921875 21.013774871826172 568 57 207.98057556152344 188.4073486328125
0.4 6.4 Waiting 131.58131408691406 19.62151336669922 549 68 209.91293334960938 166.3308563232422
0.4 6.6 Waiting 131.58131408691406 19.62151336669922 549 68 211.58799743652344 169.46104431152344
0.4 6.8 Waiting 130.60765075683594 19.62151336669922 549 68 209.77926635742188 143.07630920410156
0.4 7.0 Waiting 162.1410675048828 20.506425857543945 570 54 197.27354431152344 201.16441345214844
0.4 7.2 Waiting 162.1410675048828 20.506425857543945 570 54 200.32054138183594 186.77186584472656
0.4 7.4 Waiting 158.3975067138672 20.34368896484375 569 54 208.4184112548828 117.84673309326172
0.4 7.6 Waiting 158.3975067138672 20.34368896484375 569 54 200.04544067382812 167.1458740234375
0.4 7.8 Waiting 154.77456665039062 19.704689025878906 570 51 205.6464080810547 126.82962036132812
0.4 8.0 Waiting 155.63412475585938 19.68538475036621 571 51 200.12269592285156 157.28550720214844
0.4 8.2 Waiting 155.63412475585938 19.68538475036621 571 50 209.9651336669922 104.38646697998047
0.4 8.4 Waiting 154.59103393554688 19.460540771484375 571 51 188.57069396972656 145.04283142089844
0.4 8.6 Waiting 154.59103393554688 19.460540771484375 571 51 204.63087463378906 136.90618896484375
0.4 8.8 Waiting 145.5430908203125 19.327604293823242 572 45 206.9344482421875 63.79047775268555
0.4 9.0 Waiting 159.6453399658203 20.0784969329834 569 54 209.1005096435547 131.28709411621094
0.4 9.2 Waiting 159.6453399658203 20.0784969329834 569 50 204.12034606933594 93.33645629882812
0.4 9.4 Waiting 161.44615173339844 19.775789260864258 571 51 201.4730224609375 194.79652404785156
0.4 9.6 Waiting 161.44615173339844 19.775789260864258 571 44 198.2756805419922 86.5606918334961
0.4 9.8 Waiting 137.2615509033203 19.56003761291504 550 64 199.72853088378906 82.59339141845703
0.4 10.0 Waiting 149.95375061035156 19.106590270996094 571 51 208.21128845214844 151.19361877441406
0.6 0.2 Waiting 30.69624900817871 25.553672790527344 327 253 216.2407989501953 299.8082275390625
0.6 0.4 Waiting 30.69624900817871 25.553672790527344 327 253 213.86962890625 272.31884765625
0.6 0.6 Waiting 30.69624900817871 25.553672790527344 327 253 216.80592346191406 245.0399169921875
0.6 0.8 Waiting 58.66343307495117 32.1381721496582 394 210 183.38650512695312 267.25335693359375
0.6 1.0 Waiting 54.79471969604492 18.115705490112305 468 128 187.4705810546875 254.7598114013672
0.6 1.2 Waiting 54.79471969604492 18.115705490112305 468 128 174.8401336669922 246.96640014648438
0.6 1.4 Waiting 88.63497924804688 18.464078903198242 516 93 167.62733459472656 296.2554626464844
0.6 1.6 Waiting 88.63497924804688 18.464078903198242 516 93 152.33584594726562 293.24310302734375
0.6 1.8 Waiting 90.46598815917969 28.833343505859375 481 130 167.29212951660156 234.09266662597656
0.6 2.0 Waiting 53.042572021484375 18.344167709350586 459 141 183.9822540283203 184.62001037597656
0.6 2.2 Waiting 53.042572021484375 18.344167709350586 459 141 190.64105224609375 192.47439575195312
0.6 2.4 Waiting 92.28102111816406 24.52937889099121 503 110 169.9936065673828 208.91220092773438
0.6 2.6 Waiting 92.28102111816406 24.52937889099121 503 110 154.14205932617188 205.5183563232422
0.6 2.8 Waiting 147.90560913085938 31.14639663696289 535 87 144.38180541992188 224.90505981445312
0.6 3.0 Waiting 120.4021987915039 25.158300399780273 527 92 163.31417846679688 206.26426696777344
0.6 3.2 Waiting 120.4021987915039 25.158300399780273 527 92 153.49305725097656 194.4215850830078
0.6 3.4 Waiting 152.02297973632812 28.937950134277344 545 78 152.1139678955078 223.38528442382812
0.6 3.6 Waiting 152.02297973632812 28.937950134277344 545 78 155.78656005859375 185.56668090820312
0.6 3.8 Waiting 142.15953063964844 23.538097381591797 560 63 156.58677673339844 188.8994903564453
0.6 4.0 Waiting 144.5023956298828 20.34449577331543 568 54 147.1522979736328 229.36468505859375
0.6 4.2 Waiting 144.5023956298828 20.34449577331543 568 54 165.05604553222656 206.22256469726562
0.6 4.4 Waiting 151.60780334472656 20.973405838012695 567 54 158.09848022460938 222.76268005371094
0.6 4.6 Waiting 151.60780334472656 20.973405838012695 567 54 156.58856201171875 222.77713012695312
0.6 4.8 Waiting 143.48883056640625 20.37917137145996 564 56 143.04489135742188 201.176025390625
0.6 5.0 Waiting 160.38473510742188 20.39521026611328 569 54 157.82395935058594 232.34478759765625
0.6 5.2 Waiting 160.38473510742188 20.39521026611328 569 54 159.5203399658203 191.74671936035156
0.6 5.4 Waiting 135.80648803710938 19.59479331970215 548 68 144.9434356689453 133.2533416748047
0.6 5.6 Waiting 135.80648803710938 19.59479331970215 548 68 146.20579528808594 224.36151123046875
0.6 5.8 Waiting 159.12356567382812 20.951019287109375 568 54 148.9897003173828 166.53868103027344
0.6 6.0 Waiting 158.1571044921875 21.013774871826172 568 57 139.0372772216797 190.86004638671875
0.6 6.2 Waiting 158.1571044921875 21.013774871826172 568 57 148.05601501464844 158.2068328857422
0.6 6.4 Waiting 131.58131408691406 19.62151336669922 549 68 146.0930633544922 147.4694061279297
0.6 6.6 Waiting 131.58131408691406 19.62151336669922 549 68 135.56459045410156 144.18324279785156
0.6 6.8 Waiting 130.60765075683594 19.62151336669922 549 68 137.37039184570312 105.25164794921875
0.6 7.0 Waiting 162.1410675048828 20.506425857543945 570 54 155.68328857421875 172.87648010253906
0.6 7.2 Waiting 162.1410675048828 20.506425857543945 570 54 146.09278869628906 216.19973754882812
0.6 7.4 Waiting 158.3975067138672 20.34368896484375 569 54 156.70285034179688 133.27940368652344
0.6 7.6 Waiting 158.3975067138672 20.34368896484375 569 54 140.21734619140625 213.7141571044922
0.6 7.8 Waiting 154.77456665039062 19.704689025878906 570 51 161.9810791015625 148.4664764404297
0.6 8.0 Waiting 155.63412475585938 19.68538475036621 571 51 136.30613708496094 192.8025665283203
0.6 8.2 Waiting 155.63412475585938 19.68538475036621 571 51 140.32659912109375 189.08908081054688
0.6 8.4 Waiting 154.59103393554688 19.460540771484375 571 50 132.082275390625 114.90451049804688
0.6 8.6 Waiting 154.59103393554688 19.460540771484375 571 51 161.52735900878906 204.47308349609375
0.6 8.8 Waiting 145.5430908203125 19.327604293823242 572 43 145.23190307617188 132.13377380371094
0.6 9.0 Waiting 159.6453399658203 20.0784969329834 569 47 140.59988403320312 71.77300262451172
0.6 9.2 Waiting 159.6453399658203 20.0784969329834 569 54 145.8724365234375 136.25582885742188
0.6 9.4 Waiting 161.44615173339844 19.775789260864258 571 47 154.7584686279297 90.76062774658203
0.6 9.6 Waiting 161.44615173339844 19.775789260864258 571 51 147.0557098388672 126.4782943725586
0.6 9.8 Waiting 137.2615509033203 19.56003761291504 550 63 150.62985229492188 114.61629486083984
0.6 10.0 Waiting 149.95375061035156 19.106590270996094 571 49 151.43341064453125 93.21200561523438
0.8 0.2 Waiting 36.014137268066406 54.814510345458984 240 364 216.10772705078125 300.0706481933594
0.8 0.4 Waiting 36.014137268066406 54.814510345458984 240 364 198.35592651367188 268.6915283203125
0.8 0.6 Waiting 36.014137268066406 54.814510345458984 240 364 204.35655212402344 226.0629119873047
0.8 0.8 Waiting 48.32398986816406 41.15616226196289 333 273 174.5677032470703 236.0673828125
0.8 1.0 Waiting 47.39719009399414 29.420578002929688 383 216 170.5567626953125 209.7496337890625
0.8 1.2 Waiting 47.39719009399414 29.420578002929688 383 216 173.6314697265625 199.88766479492188
0.8 1.4 Waiting 89.5036392211914 44.04240036010742 435 182 132.7122344970703 203.80030822753906
0.8 1.6 Waiting 89.5036392211914 44.04240036010742 435 182 142.2477264404297 195.36212158203125
0.8 1.8 Waiting 95.0068359375 43.30453872680664 455 164 130.9903106689453 209.8477783203125
0.8 2.0 Waiting 75.02867126464844 25.552513122558594 472 138 108.63811492919922 186.4807586669922
0.8 2.2 Waiting 75.02867126464844 25.552513122558594 472 138 117.51373291015625 187.25782775878906
0.8 2.4 Waiting 119.42901611328125 42.8800048828125 468 151 126.67623901367188 210.49179077148438
0.8 2.6 Waiting 119.42901611328125 42.8800048828125 468 151 128.21109008789062 174.41807556152344
0.8 2.8 Waiting 116.14192199707031 38.48030090332031 475 144 122.4123764038086 183.20172119140625
0.8 3.0 Waiting 97.62417602539062 29.0926570892334 479 135 134.9385986328125 159.4563751220703
0.8 3.2 Waiting 97.62417602539062 29.0926570892334 479 135 105.05646514892578 136.12266540527344
0.8 3.4 Waiting 141.7422332763672 40.06867980957031 509 114 107.77932739257812 158.56910705566406
0.8 3.6 Waiting 141.7422332763672 40.06867980957031 509 114 102.45711517333984 124.79667663574219
0.8 3.8 Waiting 140.30047607421875 37.302818298339844 518 105 106.06753540039062 138.64952087402344
0.8 4.0 Waiting 135.34426879882812 30.5570011138916 532 88 124.44915771484375 141.80169677734375
0.8 4.2 Waiting 135.34426879882812 30.5570011138916 529 88 112.17086029052734 156.3597412109375
0.8 4.4 Waiting 131.9944305419922 29.69740867614746 516 101 105.8758544921875 170.64476013183594
0.8 4.6 Waiting 131.9944305419922 29.69740867614746 516 101 103.3717041015625 115.98849487304688
0.8 4.8 Waiting 150.460693359375 33.483001708984375 530 93 92.3326416015625 132.21739196777344
0.8 5.0 Waiting 175.11782836914062 28.89373779296875 541 78 87.69771575927734 241.66136169433594
0.8 5.2 Waiting 175.11782836914062 28.89373779296875 544 78 87.483642578125 174.8999481201172
0.8 5.4 Waiting 132.71705627441406 24.34849739074707 529 88 110.00563049316406 141.81790161132812
0.8 5.6 Waiting 132.71705627441406 24.34849739074707 525 88 97.45177459716797 118.18914031982422
0.8 5.8 Waiting 154.5486602783203 24.24018096923828 557 66 75.25003814697266 169.03607177734375
0.8 6.0 Waiting 153.2634735107422 24.016511917114258 559 66 99.90235137939453 193.982177734375
0.8 6.2 Waiting 153.2634735107422 24.016511917114258 558 66 84.24577331542969 158.6386260986328
0.8 6.4 Waiting 133.2748565673828 21.30952262878418 543 75 107.07494354248047 120.83551025390625
0.8 6.6 Waiting 133.2748565673828 21.30952262878418 543 73 118.68728637695312 104.64479064941406
0.8 6.8 Waiting 131.26980590820312 21.30952262878418 543 76 74.72073364257812 146.75900268554688
0.8 7.0 Waiting 154.78529357910156 22.813764572143555 561 60 92.73482513427734 149.7488250732422
0.8 7.2 Waiting 154.78529357910156 22.813764572143555 561 57 79.00785064697266 90.04645538330078
0.8 7.4 Waiting 145.56874084472656 21.2536563873291 566 57 87.42301177978516 125.87771606445312
0.8 7.6 Waiting 145.56874084472656 21.2536563873291 566 57 113.49634552001953 129.32940673828125
0.8 7.8 Waiting 137.23236083984375 20.490367889404297 547 72 98.64764404296875 108.32076263427734
0.8 8.0 Waiting 142.00987243652344 20.070751190185547 560 63 105.55460357666016 114.9823989868164
0.8 8.2 Waiting 142.00987243652344 20.070751190185547 560 63 81.95429992675781 133.03358459472656
0.8 8.4 Waiting 141.6470489501953 20.303939819335938 556 55 105.61312103271484 106.70491790771484
0.8 8.6 Waiting 141.6470489501953 20.303939819335938 556 64 95.65565490722656 102.14981079101562
0.8 8.8 Waiting 130.9828643798828 19.98574447631836 546 63 104.81049346923828 92.5333480834961
0.8 9.0 Waiting 145.53001403808594 20.019742965698242 570 52 100.52021026611328 94.21223449707031
0.8 9.2 Waiting 145.53001403808594 20.019742965698242 570 49 110.95027923583984 84.29615783691406
0.8 9.4 Waiting 156.1064910888672 20.880714416503906 569 48 102.47113800048828 76.1880874633789
0.8 9.6 Waiting 156.1064910888672 20.880714416503906 569 51 78.69176483154297 106.51920318603516
0.8 9.8 Waiting 147.40684509277344 20.077560424804688 570 53 99.00808715820312 86.05589294433594
0.8 10.0 Waiting 158.93336486816406 19.972951889038086 569 51 101.68675994873047 124.1487808227539
1.0 0.2 Waiting 28.24991226196289 73.89576721191406 178 426 234.91751098632812 278.4756774902344
1.0 0.4 Waiting 28.24991226196289 73.89576721191406 181 426 229.05880737304688 239.8248291015625
1.0 0.6 Waiting 28.24991226196289 73.89576721191406 181 426 233.39639282226562 202.56729125976562
1.0 0.8 Waiting 35.3127326965332 49.46703338623047 259 338 186.96986389160156 193.12741088867188
1.0 1.0 Waiting 36.2593994140625 35.06834030151367 306 295 162.42198181152344 194.81625366210938
1.0 1.2 Waiting 36.2593994140625 35.06834030151367 305 295 162.9086456298828 161.0907745361328
1.0 1.4 Waiting 67.79574584960938 53.372684478759766 351 255 123.06827545166016 140.1397705078125
1.0 1.6 Waiting 67.79574584960938 53.372684478759766 350 255 125.0253677368164 164.38198852539062
1.0 1.8 Waiting 74.08329772949219 50.269012451171875 366 240 125.24922943115234 129.29495239257812
1.0 2.0 Waiting 66.36322021484375 42.37168884277344 383 227 116.3104476928711 118.62332916259766
1.0 2.2 Waiting 66.36322021484375 42.37168884277344 381 227 118.16153717041016 68.38807678222656
1.0 2.4 Waiting 93.93598937988281 46.05564880371094 437 176 118.82207489013672 117.3460464477539
1.0 2.6 Waiting 93.93598937988281 46.05564880371094 437 176 103.97430419921875 82.19779968261719
1.0 2.8 Waiting 97.02908325195312 39.49354553222656 465 148 84.22462463378906 109.66605377197266
1.0 3.0 Waiting 97.73881530761719 35.59184265136719 474 138 81.3934097290039 122.38088989257812
1.0 3.2 Waiting 97.73881530761719 35.59184265136719 474 138 85.41985321044922 97.47274780273438
1.0 3.4 Waiting 100.86058807373047 37.10419845581055 475 140 83.27546691894531 111.44293975830078
1.0 3.6 Waiting 100.86058807373047 37.10419845581055 475 140 80.16577911376953 107.19987487792969
1.0 3.8 Waiting 92.77478790283203 31.909738540649414 464 144 90.2436752319336 60.63376998901367
1.0 4.0 Waiting 75.95258331298828 24.7691707611084 471 123 81.65948486328125 40.697696685791016
1.0 4.2 Waiting 75.95258331298828 24.7691707611084 471 128 94.56211853027344 70.24150848388672
1.0 4.4 Waiting 100.27942657470703 31.155475616455078 487 127 87.93197631835938 96.10821533203125
1.0 4.6 Waiting 100.27942657470703 31.155475616455078 488 119 75.36626434326172 57.52137756347656
1.0 4.8 Waiting 117.32288360595703 34.78266906738281 489 128 68.54987335205078 92.4858169555664
1.0 5.0 Waiting 151.31265258789062 47.091712951660156 480 118 65.30502319335938 80.0493392944336
1.0 5.2 Waiting 151.31265258789062 47.091712951660156 482 122 63.49852752685547 70.23300170898438
1.0 5.4 Waiting 112.1925277709961 25.67045021057129 526 90 68.833740234375 78.68412780761719
1.0 5.6 Waiting 112.1925277709961 25.67045021057129 526 92 62.198204040527344 115.37068939208984
1.0 5.8 Waiting 123.61275482177734 32.89854431152344 495 108 66.35212707519531 59.54043960571289
1.0 6.0 Waiting 121.47889709472656 32.86970138549805 496 118 64.81746673583984 71.95594024658203
1.0 6.2 Waiting 121.47889709472656 32.86970138549805 485 86 67.7848892211914 60.90996170043945
1.0 6.4 Waiting 111.61263275146484 22.965312957763672 535 80 65.04080963134766 127.62353515625
1.0 6.6 Waiting 111.61263275146484 22.965312957763672 533 72 55.06662368774414 89.09197998046875
1.0 6.8 Waiting 109.60755920410156 22.49739646911621 535 80 55.42182159423828 92.86746215820312
1.0 7.0 Waiting 130.46932983398438 32.47807312011719 498 80 59.74504470825195 70.04066467285156
1.0 7.2 Waiting 130.46932983398438 32.47807312011719 512 86 63.88572311401367 74.2816390991211
1.0 7.4 Waiting 110.66341400146484 22.940759658813477 535 80 69.08956146240234 72.57198333740234
1.0 7.6 Waiting 110.66341400146484 22.940759658813477 528 70 66.18083190917969 59.63014602661133
1.0 7.8 Waiting 109.76233673095703 21.726181030273438 528 60 64.38362121582031 53.52171325683594
1.0 8.0 Waiting 102.69319152832031 20.452207565307617 511 89 68.67435455322266 67.92330932617188
1.0 8.2 Waiting 102.69319152832031 20.452207565307617 516 67 36.103328704833984 66.73332977294922
1.0 8.4 Waiting 107.71858215332031 21.416912078857422 524 67 40.68022537231445 62.09912109375
1.0 8.6 Waiting 107.71858215332031 21.416912078857422 519 70 42.959686279296875 56.03276443481445
1.0 8.8 Waiting 105.49617004394531 21.486766815185547 505 69 51.53249740600586 47.80221939086914
1.0 9.0 Waiting 107.05767822265625 21.200428009033203 525 78 38.12101745605469 56.74064636230469
1.0 9.2 Waiting 107.05767822265625 21.200428009033203 502 74 58.19002151489258 58.261295318603516
1.0 9.4 Waiting 111.0701904296875 21.576780319213867 542 58 60.92207717895508 55.11835479736328
1.0 9.6 Waiting 111.0701904296875 21.576780319213867 536 50 38.253475189208984 52.6810188293457
1.0 9.8 Waiting 102.73536682128906 20.414642333984375 522 64 67.60454559326172 51.63903045654297
1.0 10.0 Waiting 109.17324829101562 20.036052703857422 532 78 39.5263786315918 50.222049713134766
1.2 0.2 Waiting 28.24991226196289 73.89576721191406 181 426 221.73915100097656 278.552734375
1.2 0.4 Waiting 28.24991226196289 73.89576721191406 166 426 229.76068115234375 237.81332397460938
1.2 0.6 Waiting 28.24991226196289 73.89576721191406 177 426 235.69613647460938 202.68516540527344
1.2 0.8 Waiting 35.3127326965332 49.46703338623047 262 338 157.3375701904297 190.6746368408203
1.2 1.0 Waiting 36.2593994140625 35.06834030151367 304 295 100.22347259521484 203.4824981689453
1.2 1.2 Waiting 36.2593994140625 35.06834030151367 303 295 126.05513763427734 153.4189453125
1.2 1.4 Waiting 67.79574584960938 53.372684478759766 342 255 117.47483825683594 143.89669799804688
1.2 1.6 Waiting 67.79574584960938 53.372684478759766 355 255 120.2152099609375 118.42631530761719
1.2 1.8 Waiting 74.08329772949219 50.269012451171875 372 240 94.48739624023438 152.30467224121094
1.2 2.0 Waiting 66.36322021484375 42.37168884277344 374 227 95.99898529052734 122.10204315185547
1.2 2.2 Waiting 66.36322021484375 42.37168884277344 382 227 99.6656494140625 91.96836853027344
1.2 2.4 Waiting 93.93598937988281 46.05564880371094 437 176 99.41458892822266 80.89189147949219
1.2 2.6 Waiting 93.93598937988281 46.05564880371094 433 176 78.26726531982422 102.38788604736328
1.2 2.8 Waiting 97.02908325195312 39.49354553222656 453 148 49.28459548950195 117.90428161621094
1.2 3.0 Waiting 97.73881530761719 35.59184265136719 447 138 55.23183059692383 118.52518463134766
1.2 3.2 Waiting 97.73881530761719 35.59184265136719 468 138 46.239479064941406 116.39810943603516
1.2 3.4 Waiting 100.86058807373047 37.10419845581055 454 140 43.17226791381836 139.76239013671875
1.2 3.6 Waiting 100.86058807373047 37.10419845581055 445 137 69.62863159179688 55.03395080566406
1.2 3.8 Waiting 92.77478790283203 31.909738540649414 461 145 36.351383209228516 129.13336181640625
1.2 4.0 Waiting 75.95258331298828 24.7691707611084 458 132 36.12588119506836 95.97442626953125
1.2 4.2 Waiting 75.95258331298828 24.7691707611084 462 132 64.92131042480469 79.88092041015625
1.2 4.4 Waiting 100.27942657470703 31.155475616455078 461 124 26.254405975341797 55.8781623840332
1.2 4.6 Waiting 100.27942657470703 31.155475616455078 468 100 50.429115295410156 48.763343811035156
1.2 4.8 Waiting 117.32288360595703 34.78266906738281 466 117 21.3143310546875 59.49003982543945
1.2 5.0 Waiting 151.31265258789062 47.091712951660156 446 110 40.265533447265625 79.1141586303711
1.2 5.2 Waiting 151.31265258789062 47.091712951660156 467 110 37.20134735107422 83.15428161621094
1.2 5.4 Waiting 112.1925277709961 25.67045021057129 506 78 24.01886749267578 64.82071685791016
1.2 5.6 Waiting 112.1925277709961 25.67045021057129 503 92 21.179500579833984 97.72093963623047
1.2 5.8 Waiting 123.61275482177734 32.89854431152344 475 94 25.514427185058594 63.980499267578125
1.2 6.0 Waiting 121.47889709472656 32.86970138549805 472 97 24.875505447387695 65.370361328125
1.2 6.2 Waiting 121.47889709472656 32.86970138549805 473 80 30.769559860229492 64.1912841796875
1.2 6.4 Waiting 111.61263275146484 22.965312957763672 502 78 21.519784927368164 81.35619354248047
1.2 6.6 Waiting 111.61263275146484 22.965312957763672 523 80 31.796539306640625 106.84765625
1.2 6.8 Waiting 109.60755920410156 22.49739646911621 494 80 13.958267211914062 70.26400756835938
1.2 7.0 Waiting 130.46932983398438 32.47807312011719 476 85 35.93208312988281 68.90779876708984
1.2 7.2 Waiting 130.46932983398438 32.47807312011719 498 86 30.519432067871094 69.33515167236328
1.2 7.4 Waiting 110.66341400146484 22.940759658813477 517 69 53.91535949707031 55.015953063964844
1.2 7.6 Waiting 110.66341400146484 22.940759658813477 511 70 38.05513000488281 57.3731803894043
1.2 7.8 Waiting 109.76233673095703 21.726181030273438 488 63 15.025896072387695 63.644073486328125
1.2 8.0 Waiting 102.69319152832031 20.452207565307617 486 87 16.246328353881836 67.62226867675781
1.2 8.2 Waiting 102.69319152832031 20.452207565307617 494 79 19.7906436920166 61.63689041137695
1.2 8.4 Waiting 107.71858215332031 21.416912078857422 503 69 22.88544273376465 51.56198501586914
1.2 8.6 Waiting 107.71858215332031 21.416912078857422 511 61 29.765369415283203 62.22614669799805
1.2 8.8 Waiting 105.49617004394531 21.486766815185547 488 71 16.960546493530273 50.4886589050293
1.2 9.0 Waiting 107.05767822265625 21.200428009033203 502 67 33.543296813964844 46.916866302490234
1.2 9.2 Waiting 107.05767822265625 21.200428009033203 464 84 13.890753746032715 60.834228515625
1.2 9.4 Waiting 111.0701904296875 21.576780319213867 529 49 16.93115997314453 51.663246154785156
1.2 9.6 Waiting 111.0701904296875 21.576780319213867 524 61 20.60694122314453 59.11284255981445
1.2 9.8 Waiting 102.73536682128906 20.414642333984375 498 55 23.343521118164062 49.21986389160156
1.2 10.0 Waiting 109.17324829101562 20.036052703857422 498 67 10.314813613891602 55.8162841796875
1.4 0.2 Waiting 34.32749557495117 85.71458435058594 185 418 202.5992431640625 279.4077453613281
1.4 0.4 Waiting 34.32749557495117 85.71458435058594 185 418 202.2040557861328 237.45668029785156
1.4 0.6 Waiting 34.32749557495117 85.71458435058594 175 418 218.1319580078125 195.6790313720703
1.4 0.8 Waiting 30.991313934326172 54.00201416015625 218 376 168.47314453125 180.6069793701172
1.4 1.0 Waiting 34.095726013183594 35.60642623901367 286 297 107.27254486083984 198.8912353515625
1.4 1.2 Waiting 34.095726013183594 35.60642623901367 298 297 106.4667739868164 158.0369110107422
1.4 1.4 Waiting 51.852210998535156 50.701744079589844 308 288 121.30778503417969 143.27609252929688
1.4 1.6 Waiting 51.852210998535156 50.701744079589844 297 288 98.26203918457031 125.60172271728516
1.4 1.8 Waiting 73.64592742919922 57.597808837890625 326 259 67.261474609375 126.43547821044922
1.4 2.0 Waiting 73.78807830810547 50.456295013427734 354 240 83.92705535888672 92.25901794433594
1.4 2.2 Waiting 73.78807830810547 50.456295013427734 349 240 59.08473587036133 92.94711303710938
1.4 2.4 Waiting 103.42990112304688 67.42988586425781 383 216 82.42092895507812 78.67398071289062
1.4 2.6 Waiting 103.42990112304688 67.42988586425781 386 214 68.75331115722656 61.093624114990234
1.4 2.8 Waiting 99.00067138671875 53.815677642822266 397 200 41.66221237182617 61.305912017822266
1.4 3.0 Waiting 106.94574737548828 53.36767578125 380 196 48.29338073730469 48.10722351074219
1.4 3.2 Waiting 106.94574737548828 53.36767578125 391 185 43.944618225097656 51.33818435668945
1.4 3.4 Waiting 92.92596435546875 44.78669357299805 409 158 50.427242279052734 78.09965515136719
1.4 3.6 Waiting 92.92596435546875 44.78669357299805 424 160 25.346656799316406 54.2238883972168
1.4 3.8 Waiting 81.83078002929688 37.79774856567383 412 153 66.16800689697266 47.556209564208984
1.4 4.0 Waiting 62.312583923339844 24.311542510986328 427 148 15.28188705444336 51.694419860839844
1.4 4.2 Waiting 62.312583923339844 24.311542510986328 415 138 14.82337474822998 41.2969970703125
1.4 4.4 Waiting 77.10503387451172 28.06923484802246 427 136 17.28179168701172 41.473541259765625
1.4 4.6 Waiting 77.10503387451172 28.06923484802246 411 120 14.095185279846191 43.331722259521484
1.4 4.8 Waiting 64.20797729492188 23.729692459106445 424 121 12.541802406311035 33.91023254394531
1.4 5.0 Waiting 62.23591995239258 21.817007064819336 454 101 30.489994049072266 31.99749755859375
1.4 5.2 Waiting 62.23591995239258 21.817007064819336 402 113 12.802539825439453 29.424848556518555
1.4 5.4 Waiting 56.0063362121582 19.767982482910156 438 129 18.212360382080078 35.34138107299805
1.4 5.6 Waiting 56.0063362121582 19.767982482910156 413 100 12.805724143981934 34.045814514160156
1.4 5.8 Waiting 62.1093635559082 20.036216735839844 421 106 10.00992488861084 37.30482864379883
1.4 6.0 Waiting 59.793052673339844 20.057842254638672 393 118 12.134178161621094 47.730064392089844
1.4 6.2 Waiting 59.793052673339844 20.057842254638672 435 121 46.92379379272461 29.897207260131836
1.4 6.4 Waiting 72.62960815429688 23.562681198120117 457 90 28.390750885009766 32.889549255371094
1.4 6.6 Waiting 72.62960815429688 23.562681198120117 452 87 21.79059600830078 35.755393981933594
1.4 6.8 Waiting 67.2764663696289 21.178693771362305 448 104 23.764469146728516 31.8238525390625
1.4 7.0 Waiting 70.6523666381836 23.89480972290039 442 66 15.49500560760498 30.887554168701172
1.4 7.2 Waiting 70.6523666381836 23.89480972290039 444 93 18.509300231933594 37.35151672363281
1.4 7.4 Waiting 69.2992935180664 21.505334854125977 440 85 14.601605415344238 34.718135833740234
1.4 7.6 Waiting 69.2992935180664 21.505334854125977 451 76 13.613478660583496 35.40380096435547
1.4 7.8 Waiting 68.53240966796875 20.7586727142334 416 72 10.515378952026367 28.01340103149414
1.4 8.0 Waiting 63.272064208984375 19.82586097717285 461 69 26.774383544921875 32.21542739868164
1.4 8.2 Waiting 63.272064208984375 19.82586097717285 434 67 10.860123634338379 33.32906723022461
1.4 8.4 Waiting 68.79685974121094 20.647464752197266 442 70 20.23172378540039 36.21601486206055
1.4 8.6 Waiting 68.79685974121094 20.647464752197266 424 58 12.057656288146973 36.67350387573242
1.4 8.8 Waiting 67.10216522216797 20.71731948852539 453 56 19.93890953063965 33.21923828125
1.4 9.0 Waiting 64.6573486328125 19.84256362915039 452 58 22.03623390197754 26.246143341064453
1.4 9.2 Waiting 64.6573486328125 19.84256362915039 458 53 15.414019584655762 26.419071197509766
1.4 9.4 Waiting 65.89207458496094 20.297630310058594 424 63 12.271865844726562 32.69228744506836
1.4 9.6 Waiting 65.89207458496094 20.297630310058594 404 57 9.721108436584473 31.965370178222656
1.4 9.8 Waiting 59.95137405395508 19.8082275390625 443 72 22.261629104614258 25.3214111328125
1.4 10.0 Waiting 65.39607238769531 19.378944396972656 455 42 19.122461318969727 30.879776000976562
1.6 0.2 Waiting 34.32749557495117 85.71458435058594 185 418 184.15255737304688 279.39788818359375
1.6 0.4 Waiting 34.32749557495117 85.71458435058594 175 418 193.2102508544922 234.69082641601562
1.6 0.6 Waiting 34.32749557495117 85.71458435058594 181 418 190.17459106445312 194.89266967773438
1.6 0.8 Waiting 30.991313934326172 54.00201416015625 224 376 175.7108917236328 167.57986450195312
1.6 1.0 Waiting 34.095726013183594 35.60642623901367 287 297 96.91806030273438 180.81777954101562
1.6 1.2 Waiting 34.095726013183594 35.60642623901367 297 297 98.01589965820312 139.56459045410156
1.6 1.4 Waiting 51.852210998535156 50.701744079589844 311 288 97.45528411865234 138.6069793701172
1.6 1.6 Waiting 51.852210998535156 50.701744079589844 293 288 84.95598602294922 98.76850891113281
1.6 1.8 Waiting 73.64592742919922 57.597808837890625 330 259 53.908843994140625 92.59239959716797
1.6 2.0 Waiting 73.78807830810547 50.456295013427734 354 240 47.51319885253906 75.22132110595703
1.6 2.2 Waiting 73.78807830810547 50.456295013427734 344 240 67.66012573242188 105.31414031982422
1.6 2.4 Waiting 103.42990112304688 67.42988586425781 371 208 58.59872055053711 86.55968475341797
1.6 2.6 Waiting 103.42990112304688 67.42988586425781 355 215 35.97787094116211 61.510318756103516
1.6 2.8 Waiting 99.00067138671875 53.815677642822266 373 200 25.700532913208008 61.191802978515625
1.6 3.0 Waiting 106.94574737548828 53.36767578125 367 203 25.906959533691406 86.09819793701172
1.6 3.2 Waiting 106.94574737548828 53.36767578125 365 171 22.063692092895508 48.80870056152344
1.6 3.4 Waiting 92.92596435546875 44.78669357299805 380 154 19.78137969970703 51.860774993896484
1.6 3.6 Waiting 92.92596435546875 44.78669357299805 412 150 24.82996940612793 51.54240417480469
1.6 3.8 Waiting 81.83078002929688 37.79774856567383 372 158 23.168357849121094 43.70714569091797
1.6 4.0 Waiting 62.312583923339844 24.311542510986328 383 134 9.521559715270996 36.99567413330078
1.6 4.2 Waiting 62.312583923339844 24.311542510986328 372 137 14.943735122680664 30.64085578918457
1.6 4.4 Waiting 77.10503387451172 28.06923484802246 375 132 13.55334758758545 41.19187927246094
1.6 4.6 Waiting 77.10503387451172 28.06923484802246 370 140 14.171819686889648 46.45941925048828
1.6 4.8 Waiting 64.20797729492188 23.729692459106445 398 139 18.023725509643555 36.7756233215332
1.6 5.0 Waiting 62.23591995239258 21.817007064819336 394 126 8.895096778869629 50.25392532348633
1.6 5.2 Waiting 62.23591995239258 21.817007064819336 390 113 9.741898536682129 32.76723861694336
1.6 5.4 Waiting 56.0063362121582 19.767982482910156 425 129 11.50723934173584 44.42338180541992
1.6 5.6 Waiting 56.0063362121582 19.767982482910156 416 101 11.024531364440918 28.351980209350586
1.6 5.8 Waiting 62.1093635559082 20.036216735839844 397 107 9.846059799194336 36.75019836425781
1.6 6.0 Waiting 59.793052673339844 20.057842254638672 371 109 9.772139549255371 32.76335906982422
1.6 6.2 Waiting 59.793052673339844 20.057842254638672 370 101 8.86257266998291 29.178627014160156
1.6 6.4 Waiting 72.62960815429688 23.562681198120117 365 98 9.28470230102539 35.476932525634766
1.6 6.6 Waiting 72.62960815429688 23.562681198120117 414 107 14.882213592529297 41.00516891479492
1.6 6.8 Waiting 67.2764663696289 21.178693771362305 379 102 11.86959171295166 35.604225158691406
1.6 7.0 Waiting 70.6523666381836 23.89480972290039 391 91 8.573017120361328 38.95319747924805
1.6 7.2 Waiting 70.6523666381836 23.89480972290039 437 70 11.305903434753418 35.00104522705078
1.6 7.4 Waiting 69.2992935180664 21.505334854125977 384 76 10.526799201965332 35.932640075683594
1.6 7.6 Waiting 69.2992935180664 21.505334854125977 405 87 11.994359016418457 33.43751525878906
1.6 7.8 Waiting 68.53240966796875 20.7586727142334 383 79 9.091046333312988 29.947309494018555
1.6 8.0 Waiting 63.272064208984375 19.82586097717285 387 68 8.858281135559082 30.761306762695312
1.6 8.2 Waiting 63.272064208984375 19.82586097717285 409 88 9.165580749511719 36.652469635009766
1.6 8.4 Waiting 68.79685974121094 20.647464752197266 377 69 8.21585464477539 34.61674880981445
1.6 8.6 Waiting 68.79685974121094 20.647464752197266 422 73 13.119507789611816 31.92972183227539
1.6 8.8 Waiting 67.10216522216797 20.71731948852539 396 72 9.493111610412598 35.64794158935547
1.6 9.0 Waiting 64.6573486328125 19.84256362915039 389 62 7.603900909423828 28.468265533447266
1.6 9.2 Waiting 64.6573486328125 19.84256362915039 400 85 10.118517875671387 37.086280822753906
1.6 9.4 Waiting 65.89207458496094 20.297630310058594 390 59 9.615456581115723 31.741910934448242
1.6 9.6 Waiting 65.89207458496094 20.297630310058594 390 57 9.68941593170166 27.806949615478516
1.6 9.8 Waiting 59.95137405395508 19.8082275390625 390 57 9.780173301696777 33.06088638305664
1.6 10.0 Waiting 65.39607238769531 19.378944396972656 420 54 9.585939407348633 34.460693359375
1.8 0.2 Waiting 43.91246795654297 128.37696838378906 146 455 170.14724731445312 287.4430847167969
1.8 0.4 Waiting 43.91246795654297 128.37696838378906 148 455 168.61354064941406 242.4928741455078
1.8 0.6 Waiting 43.91246795654297 128.37696838378906 143 455 187.5215301513672 201.48291015625
1.8 0.8 Waiting 42.319305419921875 78.2831039428711 216 380 129.79087829589844 164.72122192382812
1.8 1.0 Waiting 89.28836822509766 134.85415649414062 224 364 121.3569564819336 189.15951538085938
1.8 1.2 Waiting 89.28836822509766 134.85415649414062 211 364 126.14696502685547 155.39772033691406
1.8 1.4 Waiting 57.5643424987793 71.72725677490234 251 339 89.01756286621094 103.3037338256836
1.8 1.6 Waiting 57.5643424987793 71.72725677490234 248 339 98.7057876586914 59.35581970214844
1.8 1.8 Waiting 65.37508392333984 62.96722412109375 284 299 47.148555755615234 71.20289611816406
1.8 2.0 Waiting 71.9594497680664 60.7036247253418 321 260 45.788211822509766 54.57924270629883
1.8 2.2 Waiting 71.9594497680664 60.7036247253418 320 265 47.49311828613281 43.749794006347656
1.8 2.4 Waiting 85.89810943603516 71.14387512207031 292 237 40.12501907348633 39.77201843261719
1.8 2.6 Waiting 85.89810943603516 71.14387512207031 293 246 31.977231979370117 52.324771881103516
1.8 2.8 Waiting 70.273681640625 53.888282775878906 318 209 29.19689178466797 29.68140411376953
1.8 3.0 Waiting 67.55069732666016 41.59417724609375 330 208 19.36438751220703 40.00546646118164
1.8 3.2 Waiting 67.55069732666016 41.59417724609375 342 205 21.690067291259766 35.17507553100586
1.8 3.4 Waiting 65.64956665039062 40.55616760253906 343 190 21.165233612060547 36.48004150390625
1.8 3.6 Waiting 65.64956665039062 40.55616760253906 335 167 21.21312713623047 32.257930755615234
1.8 3.8 Waiting 58.49304962158203 36.156925201416016 347 151 20.588056564331055 31.801828384399414
1.8 4.0 Waiting 51.327667236328125 28.865285873413086 379 167 31.732162475585938 24.4193058013916
1.8 4.2 Waiting 51.327667236328125 28.865285873413086 365 130 16.057992935180664 22.383996963500977
1.8 4.4 Waiting 57.855430603027344 30.864925384521484 345 150 13.793135643005371 26.828536987304688
1.8 4.6 Waiting 57.855430603027344 30.864925384521484 345 128 17.69147491455078 27.706716537475586
1.8 4.8 Waiting 47.38746643066406 27.835861206054688 370 117 23.506576538085938 20.848825454711914
1.8 5.0 Waiting 46.00579833984375 26.76641082763672 336 122 17.007844924926758 22.979219436645508
1.8 5.2 Waiting 46.00579833984375 26.76641082763672 336 135 14.748396873474121 22.452890396118164
1.8 5.4 Waiting 41.522789001464844 21.167312622070312 346 121 12.808128356933594 19.723562240600586
1.8 5.6 Waiting 41.522789001464844 21.167312622070312 334 104 11.270318984985352 19.10856056213379
1.8 5.8 Waiting 45.39271545410156 25.026044845581055 352 94 16.150489807128906 20.180885314941406
1.8 6.0 Waiting 42.73694610595703 21.480953216552734 331 111 13.889864921569824 19.513883590698242
1.8 6.2 Waiting 42.73694610595703 21.480953216552734 368 120 10.806246757507324 20.509275436401367
1.8 6.4 Waiting 45.35579299926758 24.948001861572266 324 96 13.838550567626953 26.603761672973633
1.8 6.6 Waiting 45.35579299926758 24.948001861572266 340 110 16.263521194458008 20.181650161743164
1.8 6.8 Waiting 44.26399230957031 21.473155975341797 340 95 9.346250534057617 17.18600082397461
1.8 7.0 Waiting 47.639854431152344 25.764572143554688 328 93 14.410187721252441 24.48550033569336
1.8 7.2 Waiting 47.639854431152344 25.764572143554688 319 98 12.832924842834473 24.042194366455078
1.8 7.4 Waiting 47.09148406982422 25.83885383605957 343 96 16.45117950439453 20.582544326782227
1.8 7.6 Waiting 47.09148406982422 25.83885383605957 364 73 16.712726593017578 20.534486770629883
1.8 7.8 Waiting 47.626495361328125 25.746749877929688 366 80 15.075636863708496 22.505826950073242
1.8 8.0 Waiting 42.542808532714844 21.2020320892334 360 84 14.51750659942627 23.754627227783203
1.8 8.2 Waiting 42.542808532714844 21.2020320892334 335 81 11.28585433959961 20.319921493530273
1.8 8.4 Waiting 44.79228591918945 21.43522071838379 325 60 11.480890274047852 24.207805633544922
1.8 8.6 Waiting 44.79228591918945 21.43522071838379 346 54 11.38117790222168 21.340795516967773
1.8 8.8 Waiting 47.184993743896484 25.70539665222168 341 61 13.74561595916748 15.972732543945312
1.8 9.0 Waiting 49.638301849365234 24.6999454498291 344 74 9.639569282531738 22.942859649658203
1.8 9.2 Waiting 49.638301849365234 24.6999454498291 361 68 11.677411079406738 20.249860763549805
1.8 9.4 Waiting 43.81798553466797 21.765104293823242 370 71 14.669044494628906 20.033315658569336
1.8 9.6 Waiting 43.81798553466797 21.765104293823242 361 79 17.64203453063965 18.442655563354492
1.8 9.8 Waiting 40.19888687133789 21.802398681640625 359 70 11.418782234191895 19.238487243652344
1.8 10.0 Waiting 45.24565505981445 22.08896255493164 364 56 13.053068161010742 20.432138442993164
2.0 0.2 Waiting 28.505130767822266 126.42964935302734 111 496 223.9393310546875 281.93304443359375
2.0 0.4 Waiting 28.505130767822266 126.42964935302734 108 496 222.38584899902344 217.18943786621094
2.0 0.6 Waiting 28.505130767822266 126.42964935302734 113 496 228.86236572265625 179.4651641845703
2.0 0.8 Waiting 29.033843994140625 67.29024505615234 181 421 156.40475463867188 149.07972717285156
2.0 1.0 Waiting 51.07179260253906 94.99581146240234 222 370 141.9480438232422 128.07606506347656
2.0 1.2 Waiting 51.07179260253906 94.99581146240234 222 370 138.48611450195312 77.91244506835938
2.0 1.4 Waiting 47.336570739746094 61.747432708740234 248 340 100.28827667236328 101.30316162109375
2.0 1.6 Waiting 47.336570739746094 61.747432708740234 249 340 56.63035583496094 46.98540496826172
2.0 1.8 Waiting 46.15378952026367 51.6403923034668 284 299 66.75651550292969 57.44795227050781
2.0 2.0 Waiting 54.6093635559082 54.48821258544922 286 297 44.984703063964844 74.4925537109375
2.0 2.2 Waiting 54.6093635559082 54.48821258544922 289 242 35.377174377441406 28.46625328063965
2.0 2.4 Waiting 54.33326721191406 52.60636901855469 285 241 35.08809280395508 26.759933471679688
2.0 2.6 Waiting 54.33326721191406 52.60636901855469 280 235 58.16621780395508 27.727933883666992
2.0 2.8 Waiting 45.87747573852539 40.904624938964844 311 229 32.6446418762207 24.51369285583496
2.0 3.0 Waiting 40.49092483520508 30.199493408203125 269 199 14.519791603088379 20.7994441986084
2.0 3.2 Waiting 40.49092483520508 30.199493408203125 307 210 17.46433448791504 25.852731704711914
2.0 3.4 Waiting 39.849327087402344 29.774118423461914 316 200 24.293243408203125 22.096782684326172
2.0 3.6 Waiting 39.849327087402344 29.774118423461914 306 158 17.92633819580078 18.26567840576172
2.0 3.8 Waiting 40.781620025634766 28.595394134521484 310 156 18.3299503326416 23.265365600585938
2.0 4.0 Waiting 34.2554817199707 20.203027725219727 314 167 10.247562408447266 21.859485626220703
2.0 4.2 Waiting 34.2554817199707 20.203027725219727 313 143 11.255258560180664 19.42188262939453
2.0 4.4 Waiting 40.692840576171875 26.62494468688965 325 135 18.85894012451172 18.927410125732422
2.0 4.6 Waiting 40.692840576171875 26.62494468688965 323 136 19.1715087890625 18.63550567626953
2.0 4.8 Waiting 38.815372467041016 25.446182250976562 304 138 13.89080810546875 16.875286102294922
2.0 5.0 Waiting 34.459842681884766 19.46636390686035 300 134 11.835763931274414 19.399520874023438
2.0 5.2 Waiting 34.459842681884766 19.46636390686035 302 112 10.992545127868652 16.504695892333984
2.0 5.4 Waiting 34.277671813964844 19.605701446533203 295 115 10.14927864074707 18.68866729736328
2.0 5.6 Waiting 34.277671813964844 19.605701446533203 309 114 9.548317909240723 15.831315994262695
2.0 5.8 Waiting 36.439083099365234 23.370468139648438 308 121 12.780951499938965 19.055208206176758
2.0 6.0 Waiting 33.78330993652344 19.948184967041016 306 118 11.185073852539062 17.34115219116211
2.0 6.2 Waiting 33.78330993652344 19.948184967041016 319 108 10.91473388671875 14.606488227844238
2.0 6.4 Waiting 35.21040344238281 23.291030883789062 289 87 11.545572280883789 15.709711074829102
2.0 6.6 Waiting 35.21040344238281 23.291030883789062 309 100 13.910572052001953 16.37497329711914
2.0 6.8 Waiting 35.28152084350586 23.230852127075195 260 107 10.35141372680664 15.744884490966797
2.0 7.0 Waiting 34.71702194213867 19.757278442382812 311 78 9.102288246154785 19.20280647277832
2.0 7.2 Waiting 34.71702194213867 19.757278442382812 305 85 11.481752395629883 17.145843505859375
2.0 7.4 Waiting 35.03117752075195 23.872610092163086 292 81 13.21108341217041 13.90311050415039
2.0 7.6 Waiting 35.03117752075195 23.872610092163086 320 86 12.508460998535156 14.762431144714355
2.0 7.8 Waiting 34.82611846923828 20.20519256591797 304 56 11.015148162841797 11.489313125610352
2.0 8.0 Waiting 31.03472137451172 19.91568946838379 315 70 13.597480773925781 13.845141410827637
2.0 8.2 Waiting 31.03472137451172 19.91568946838379 298 59 11.878812789916992 14.8313627243042
2.0 8.4 Waiting 32.22256851196289 20.14887809753418 321 78 9.379233360290527 13.46561336517334
2.0 8.6 Waiting 32.22256851196289 20.14887809753418 317 72 12.486015319824219 13.242012023925781
2.0 8.8 Waiting 32.96487808227539 20.218732833862305 314 66 11.469057083129883 15.556378364562988
2.0 9.0 Waiting 36.54838180541992 24.434293746948242 308 70 13.818270683288574 15.393763542175293
2.0 9.2 Waiting 36.54838180541992 24.434293746948242 320 80 17.983108520507812 15.968426704406738
2.0 9.4 Waiting 33.20172119140625 20.36945343017578 327 64 15.532329559326172 15.055477142333984
2.0 9.6 Waiting 33.20172119140625 20.36945343017578 313 75 11.57524299621582 16.08791160583496
2.0 9.8 Waiting 30.132898330688477 20.406747817993164 312 67 15.456467628479004 11.24742317199707
2.0 10.0 Waiting 38.82750701904297 24.43915367126465 290 67 13.977437973022461 12.094534873962402
2.2 0.2 Waiting 28.505130767822266 126.42964935302734 115 496 202.5279998779297 276.7044677734375
2.2 0.4 Waiting 28.505130767822266 126.42964935302734 110 496 234.1953887939453 222.27587890625
2.2 0.6 Waiting 28.505130767822266 126.42964935302734 112 496 214.12083435058594 183.24212646484375
2.2 0.8 Waiting 29.033843994140625 67.29024505615234 176 421 131.2138214111328 158.72853088378906
2.2 1.0 Waiting 51.07179260253906 94.99581146240234 219 370 106.31219482421875 134.23204040527344
2.2 1.2 Waiting 51.07179260253906 94.99581146240234 217 370 135.20440673828125 83.60456848144531
2.2 1.4 Waiting 47.336570739746094 61.747432708740234 244 340 43.4399528503418 87.74168395996094
2.2 1.6 Waiting 47.336570739746094 61.747432708740234 244 340 76.34050750732422 69.17913055419922
2.2 1.8 Waiting 46.15378952026367 51.6403923034668 288 299 44.10227584838867 76.55803680419922
2.2 2.0 Waiting 54.6093635559082 54.48821258544922 267 294 35.72772979736328 43.64659118652344
2.2 2.2 Waiting 54.6093635559082 54.48821258544922 263 273 30.558887481689453 31.56998634338379
2.2 2.4 Waiting 54.33326721191406 52.60636901855469 280 262 42.581817626953125 26.535484313964844
2.2 2.6 Waiting 54.33326721191406 52.60636901855469 282 231 40.6247444152832 26.371017456054688
2.2 2.8 Waiting 45.87747573852539 40.904624938964844 288 232 22.214494705200195 23.31545639038086
2.2 3.0 Waiting 40.49092483520508 30.199493408203125 267 196 14.956748962402344 19.69065284729004
2.2 3.2 Waiting 40.49092483520508 30.199493408203125 279 189 17.782079696655273 20.797271728515625
2.2 3.4 Waiting 39.849327087402344 29.774118423461914 274 175 15.77502727508545 17.919185638427734
2.2 3.6 Waiting 39.849327087402344 29.774118423461914 281 175 14.501762390136719 17.340286254882812
2.2 3.8 Waiting 40.781620025634766 28.595394134521484 252 158 13.32029914855957 18.409378051757812
2.2 4.0 Waiting 34.2554817199707 20.203027725219727 267 185 9.588153839111328 21.029502868652344
2.2 4.2 Waiting 34.2554817199707 20.203027725219727 291 136 10.916657447814941 16.747745513916016
2.2 4.4 Waiting 40.692840576171875 26.62494468688965 311 131 14.840778350830078 19.041213989257812
2.2 4.6 Waiting 40.692840576171875 26.62494468688965 282 114 12.863107681274414 17.963905334472656
2.2 4.8 Waiting 38.815372467041016 25.446182250976562 268 126 11.980483055114746 15.3872709274292
2.2 5.0 Waiting 34.459842681884766 19.46636390686035 296 131 8.76571273803711 15.138215065002441
2.2 5.2 Waiting 34.459842681884766 19.46636390686035 303 125 10.136693000793457 15.18834400177002
2.2 5.4 Waiting 34.277671813964844 19.605701446533203 259 128 8.792574882507324 20.229690551757812
2.2 5.6 Waiting 34.277671813964844 19.605701446533203 275 117 8.329841613769531 18.127704620361328
2.2 5.8 Waiting 36.439083099365234 23.370468139648438 295 105 11.926361083984375 17.51874542236328
2.2 6.0 Waiting 33.78330993652344 19.948184967041016 290 105 9.983349800109863 16.799312591552734
2.2 6.2 Waiting 33.78330993652344 19.948184967041016 279 109 9.805488586425781 17.024404525756836
2.2 6.4 Waiting 35.21040344238281 23.291030883789062 284 87 12.247899055480957 16.78451156616211
2.2 6.6 Waiting 35.21040344238281 23.291030883789062 268 107 10.44395923614502 13.00367546081543
2.2 6.8 Waiting 35.28152084350586 23.230852127075195 286 82 11.780343055725098 15.765909194946289
2.2 7.0 Waiting 34.71702194213867 19.757278442382812 292 107 11.00450325012207 15.240612983703613
2.2 7.2 Waiting 34.71702194213867 19.757278442382812 341 83 14.20876693725586 17.92332649230957
2.2 7.4 Waiting 35.03117752075195 23.872610092163086 285 87 11.285585403442383 16.971172332763672
2.2 7.6 Waiting 35.03117752075195 23.872610092163086 263 83 11.01407527923584 14.831146240234375
2.2 7.8 Waiting 34.82611846923828 20.20519256591797 276 76 8.946945190429688 16.024429321289062
2.2 8.0 Waiting 31.03472137451172 19.91568946838379 288 77 10.850265502929688 14.57705307006836
2.2 8.2 Waiting 31.03472137451172 19.91568946838379 278 76 8.130912780761719 10.400303840637207
2.2 8.4 Waiting 32.22256851196289 20.14887809753418 264 80 9.322628021240234 13.865732192993164
2.2 8.6 Waiting 32.22256851196289 20.14887809753418 288 71 10.017481803894043 16.626375198364258
2.2 8.8 Waiting 32.96487808227539 20.218732833862305 298 70 10.822668075561523 13.430562973022461
2.2 9.0 Waiting 36.54838180541992 24.434293746948242 275 76 11.473698616027832 14.381014823913574
2.2 9.2 Waiting 36.54838180541992 24.434293746948242 270 66 11.023357391357422 16.518329620361328
2.2 9.4 Waiting 33.20172119140625 20.36945343017578 275 62 8.785794258117676 12.849296569824219
2.2 9.6 Waiting 33.20172119140625 20.36945343017578 277 75 10.687849044799805 16.182907104492188
2.2 9.8 Waiting 30.132898330688477 20.406747817993164 290 62 11.979854583740234 14.462013244628906
2.2 10.0 Waiting 38.82750701904297 24.43915367126465 280 75 13.436201095581055 16.782495498657227
2.4 0.2 Waiting 37.73789978027344 145.06088256835938 125 480 188.09518432617188 281.974609375
2.4 0.4 Waiting 37.73789978027344 145.06088256835938 127 480 173.73936462402344 235.61012268066406
2.4 0.6 Waiting 37.73789978027344 145.06088256835938 123 480 204.6925506591797 195.22396850585938
2.4 0.8 Waiting 39.47652053833008 95.41338348388672 166 430 109.37749481201172 175.76828002929688
2.4 1.0 Waiting 54.15742874145508 106.10903930664062 180 415 84.55355834960938 158.47210693359375
2.4 1.2 Waiting 54.15742874145508 106.10903930664062 172 415 97.87725067138672 107.45848083496094
2.4 1.4 Waiting 47.6619873046875 69.15665435791016 244 341 65.00297546386719 67.185302734375
2.4 1.6 Waiting 47.6619873046875 69.15665435791016 236 341 47.22950744628906 63.13893508911133
2.4 1.8 Waiting 35.459617614746094 46.42775344848633 245 337 34.308712005615234 60.044708251953125
2.4 2.0 Waiting 46.33293914794922 47.788002014160156 253 283 26.990259170532227 26.650339126586914
2.4 2.2 Waiting 46.33293914794922 47.788002014160156 250 280 22.465011596679688 31.749916076660156
2.4 2.4 Waiting 42.83430480957031 37.20801544189453 255 251 17.84699058532715 22.136369705200195
2.4 2.6 Waiting 42.83430480957031 37.20801544189453 252 260 19.332904815673828 28.95074462890625
2.4 2.8 Waiting 37.587158203125 33.196163177490234 256 202 17.964601516723633 18.507213592529297
2.4 3.0 Waiting 29.446611404418945 20.365764617919922 244 212 10.341764450073242 30.430561065673828
2.4 3.2 Waiting 29.446611404418945 20.365764617919922 242 202 8.505620002746582 18.532760620117188
2.4 3.4 Waiting 28.687963485717773 20.21668243408203 249 171 9.989639282226562 16.941062927246094
2.4 3.6 Waiting 28.687963485717773 20.21668243408203 281 171 12.020523071289062 15.563270568847656
2.4 3.8 Waiting 28.980571746826172 19.629375457763672 257 188 12.645598411560059 21.10811996459961
2.4 4.0 Waiting 26.538991928100586 19.919424057006836 281 164 12.070028305053711 15.09645938873291
2.4 4.2 Waiting 26.538991928100586 19.919424057006836 276 150 11.25888729095459 13.957459449768066
2.4 4.4 Waiting 30.737720489501953 21.3833065032959 258 134 10.650367736816406 14.442025184631348
2.4 4.6 Waiting 30.737720489501953 21.3833065032959 252 143 9.26736831665039 15.998726844787598
2.4 4.8 Waiting 31.639297485351562 20.54194450378418 246 123 11.193058013916016 15.330004692077637
2.4 5.0 Waiting 29.65596580505371 19.18276023864746 271 131 11.003765106201172 15.694734573364258
2.4 5.2 Waiting 29.65596580505371 19.18276023864746 257 110 10.18295669555664 11.417627334594727
2.4 5.4 Waiting 28.753910064697266 19.322097778320312 262 109 10.605293273925781 14.536134719848633
2.4 5.6 Waiting 28.753910064697266 19.322097778320312 257 120 8.579581260681152 12.423559188842773
2.4 5.8 Waiting 30.44601058959961 20.961965560913086 268 95 9.996612548828125 13.492216110229492
2.4 6.0 Waiting 27.790237426757812 19.74516487121582 275 117 11.51950454711914 13.232975006103516
2.4 6.2 Waiting 27.790237426757812 19.74516487121582 277 83 12.8491849899292 13.61143970489502
2.4 6.4 Waiting 29.217329025268555 19.38812828063965 261 108 9.989652633666992 11.8316650390625
2.4 6.6 Waiting 29.217329025268555 19.38812828063965 260 80 7.993158340454102 13.458337783813477
2.4 6.8 Waiting 29.019609451293945 19.491195678710938 241 79 8.30693531036377 12.852999687194824
2.4 7.0 Waiting 28.894697189331055 19.491195678710938 261 100 9.606016159057617 12.030010223388672
2.4 7.2 Waiting 28.894697189331055 19.491195678710938 265 88 10.628337860107422 12.752080917358398
2.4 7.4 Waiting 29.208858489990234 19.513202667236328 253 87 11.068643569946289 13.677303314208984
2.4 7.6 Waiting 29.208858489990234 19.513202667236328 279 77 10.977020263671875 10.694845199584961
2.4 7.8 Waiting 29.056482315063477 19.513202667236328 295 91 11.212754249572754 12.896132469177246
2.4 8.0 Waiting 25.265106201171875 19.982620239257812 294 79 17.523649215698242 12.338421821594238
2.4 8.2 Waiting 25.265106201171875 19.982620239257812 245 86 10.526578903198242 10.672281265258789
2.4 8.4 Waiting 26.452943801879883 19.22749900817871 256 77 10.740674018859863 11.39467716217041
2.4 8.6 Waiting 26.452943801879883 19.22749900817871 256 96 10.159391403198242 11.554221153259277
2.4 8.8 Waiting 27.195249557495117 19.291622161865234 271 67 12.604686737060547 10.518027305603027
2.4 9.0 Waiting 30.924217224121094 21.83422088623047 261 76 15.526167869567871 11.720669746398926
2.4 9.2 Waiting 30.924217224121094 21.83422088623047 228 62 10.332720756530762 12.724827766418457
2.4 9.4 Waiting 28.10594367980957 19.027673721313477 251 69 8.120593070983887 11.969076156616211
2.4 9.6 Waiting 28.10594367980957 19.027673721313477 290 51 10.380977630615234 12.263445854187012
2.4 9.8 Waiting 33.037689208984375 21.427282333374023 245 63 9.667436599731445 14.38920783996582
2.4 10.0 Waiting 33.69114685058594 21.644033432006836 265 64 10.201345443725586 13.375510215759277
2.6 0.2 Waiting 37.73789978027344 145.06088256835938 125 480 180.53465270996094 280.4812927246094
2.6 0.4 Waiting 37.73789978027344 145.06088256835938 117 480 193.8150634765625 242.21481323242188
2.6 0.6 Waiting 37.73789978027344 145.06088256835938 126 480 194.625 178.84890747070312
2.6 0.8 Waiting 39.47652053833008 95.41338348388672 166 430 95.17545318603516 173.90968322753906
2.6 1.0 Waiting 54.15742874145508 106.10903930664062 186 415 88.69747924804688 145.20547485351562
2.6 1.2 Waiting 54.15742874145508 106.10903930664062 175 415 107.20466613769531 98.75776672363281
2.6 1.4 Waiting 47.6619873046875 69.15665435791016 232 341 39.00162887573242 83.42208099365234
2.6 1.6 Waiting 47.6619873046875 69.15665435791016 225 341 34.10565185546875 62.4659538269043
2.6 1.8 Waiting 35.459617614746094 46.42775344848633 215 332 25.67324447631836 27.789066314697266
2.6 2.0 Waiting 46.33293914794922 47.788002014160156 228 296 20.834121704101562 61.9437141418457
2.6 2.2 Waiting 46.33293914794922 47.788002014160156 237 285 21.740625381469727 29.8301944732666
2.6 2.4 Waiting 42.83430480957031 37.20801544189453 242 271 18.365909576416016 26.492494583129883
2.6 2.6 Waiting 42.83430480957031 37.20801544189453 202 226 14.616903305053711 27.314376831054688
2.6 2.8 Waiting 37.587158203125 33.196163177490234 243 225 14.940261840820312 19.427228927612305
2.6 3.0 Waiting 29.446611404418945 20.365764617919922 254 194 9.846636772155762 18.49945640563965
2.6 3.2 Waiting 29.446611404418945 20.365764617919922 213 185 8.71237850189209 25.97501564025879
2.6 3.4 Waiting 28.687963485717773 20.21668243408203 246 168 9.479720115661621 17.277904510498047
2.6 3.6 Waiting 28.687963485717773 20.21668243408203 239 182 9.100228309631348 18.020708084106445
2.6 3.8 Waiting 28.980571746826172 19.629375457763672 235 169 8.901089668273926 16.793581008911133
2.6 4.0 Waiting 26.538991928100586 19.919424057006836 215 161 9.482720375061035 14.33470344543457
2.6 4.2 Waiting 26.538991928100586 19.919424057006836 272 150 11.123624801635742 12.8590669631958
2.6 4.4 Waiting 30.737720489501953 21.3833065032959 238 147 10.467076301574707 16.299949645996094
2.6 4.6 Waiting 30.737720489501953 21.3833065032959 269 136 13.065169334411621 13.845329284667969
2.6 4.8 Waiting 31.639297485351562 20.54194450378418 240 127 9.308832168579102 18.576297760009766
2.6 5.0 Waiting 29.65596580505371 19.18276023864746 247 130 9.680468559265137 16.32264518737793
2.6 5.2 Waiting 29.65596580505371 19.18276023864746 236 123 9.553303718566895 13.654884338378906
2.6 5.4 Waiting 28.753910064697266 19.322097778320312 248 125 8.134779930114746 12.095220565795898
2.6 5.6 Waiting 28.753910064697266 19.322097778320312 231 109 10.23936653137207 15.097930908203125
2.6 5.8 Waiting 30.44601058959961 20.961965560913086 276 102 11.310314178466797 13.166301727294922
2.6 6.0 Waiting 27.790237426757812 19.74516487121582 241 86 10.019462585449219 12.991804122924805
2.6 6.2 Waiting 27.790237426757812 19.74516487121582 257 97 9.664529800415039 13.341329574584961
2.6 6.4 Waiting 29.217329025268555 19.38812828063965 232 104 8.414593696594238 13.161470413208008
2.6 6.6 Waiting 29.217329025268555 19.38812828063965 227 97 8.401659965515137 12.788372039794922
2.6 6.8 Waiting 29.019609451293945 19.491195678710938 261 121 8.982522964477539 15.183279037475586
2.6 7.0 Waiting 28.894697189331055 19.491195678710938 281 91 11.586551666259766 13.405874252319336
2.6 7.2 Waiting 28.894697189331055 19.491195678710938 267 82 8.999561309814453 10.525421142578125
2.6 7.4 Waiting 29.208858489990234 19.513202667236328 235 92 7.937557220458984 12.615143775939941
2.6 7.6 Waiting 29.208858489990234 19.513202667236328 245 83 8.954475402832031 16.75299644470215
2.6 7.8 Waiting 29.056482315063477 19.513202667236328 264 84 9.670161247253418 12.382969856262207
2.6 8.0 Waiting 25.265106201171875 19.982620239257812 242 67 11.50035285949707 12.194244384765625
2.6 8.2 Waiting 25.265106201171875 19.982620239257812 232 84 10.498242378234863 11.023582458496094
2.6 8.4 Waiting 26.452943801879883 19.22749900817871 269 77 10.627422332763672 10.564083099365234
2.6 8.6 Waiting 26.452943801879883 19.22749900817871 223 73 7.623507022857666 10.496437072753906
2.6 8.8 Waiting 27.195249557495117 19.291622161865234 244 88 7.6149115562438965 13.796231269836426
2.6 9.0 Waiting 30.924217224121094 21.83422088623047 222 80 11.937929153442383 13.061617851257324
2.6 9.2 Waiting 30.924217224121094 21.83422088623047 244 85 12.812044143676758 13.802145957946777
2.6 9.4 Waiting 28.10594367980957 19.027673721313477 258 68 9.154424667358398 10.074052810668945
2.6 9.6 Waiting 28.10594367980957 19.027673721313477 244 69 7.407502174377441 11.337539672851562
2.6 9.8 Waiting 33.037689208984375 21.427282333374023 210 68 8.757658958435059 13.316061019897461
2.6 10.0 Waiting 33.69114685058594 21.644033432006836 250 64 8.93470573425293 14.4801607131958
2.8 0.2 Waiting 12.300774574279785 103.96137237548828 56 549 246.644287109375 267.2147216796875
2.8 0.4 Waiting 12.300774574279785 103.96137237548828 54 549 267.46075439453125 210.55848693847656
2.8 0.6 Waiting 12.300774574279785 103.96137237548828 54 549 258.2868957519531 166.58119201660156
2.8 0.8 Waiting 23.697338104248047 56.63127136230469 158 430 84.81971740722656 161.833251953125
2.8 1.0 Waiting 32.149986267089844 84.0242919921875 170 434 113.62837982177734 109.60245513916016
2.8 1.2 Waiting 32.149986267089844 84.0242919921875 156 434 160.80746459960938 62.829097747802734
2.8 1.4 Waiting 27.96689796447754 46.454505920410156 213 366 48.2312126159668 70.19661712646484
2.8 1.6 Waiting 27.96689796447754 46.454505920410156 212 366 48.480003356933594 32.40959930419922
2.8 1.8 Waiting 23.178091049194336 31.43111801147461 203 328 20.020044326782227 31.233823776245117
2.8 2.0 Waiting 31.462337493896484 38.357513427734375 222 324 25.008129119873047 49.4764404296875
2.8 2.2 Waiting 31.462337493896484 38.357513427734375 203 268 20.54730796813965 16.79555320739746
2.8 2.4 Waiting 28.91330337524414 28.28772735595703 229 250 13.803418159484863 17.91595458984375
2.8 2.6 Waiting 28.91330337524414 28.28772735595703 222 256 14.553336143493652 16.42209243774414
2.8 2.8 Waiting 24.516511917114258 20.477893829345703 224 247 10.399333000183105 28.080251693725586
2.8 3.0 Waiting 23.816776275634766 19.65438461303711 219 219 9.658555030822754 16.18219566345215
2.8 3.2 Waiting 23.816776275634766 19.65438461303711 241 186 11.36130428314209 14.852563858032227
2.8 3.4 Waiting 23.451047897338867 19.622718811035156 221 187 9.476882934570312 12.701448440551758
2.8 3.6 Waiting 23.451047897338867 19.622718811035156 231 167 9.752042770385742 12.716421127319336
2.8 3.8 Waiting 23.904579162597656 18.03700828552246 240 157 10.51659870147705 15.641519546508789
2.8 4.0 Waiting 24.208967208862305 18.369487762451172 232 137 8.072877883911133 10.999299049377441
2.8 4.2 Waiting 24.208967208862305 18.369487762451172 216 148 7.912749290466309 14.492441177368164
2.8 4.4 Waiting 27.41594886779785 20.997936248779297 233 148 9.075339317321777 12.954051971435547
2.8 4.6 Waiting 27.41594886779785 20.997936248779297 235 159 9.27464485168457 13.460456848144531
2.8 4.8 Waiting 28.31752586364746 20.156574249267578 253 142 9.821428298950195 13.35351276397705
2.8 5.0 Waiting 26.48655128479004 20.061199188232422 231 132 9.962239265441895 13.399279594421387
2.8 5.2 Waiting 26.48655128479004 20.061199188232422 235 127 10.046541213989258 10.597813606262207
2.8 5.4 Waiting 26.876724243164062 20.200536727905273 259 139 10.952239990234375 11.48630142211914
2.8 5.6 Waiting 26.876724243164062 20.200536727905273 216 123 9.456697463989258 13.701987266540527
2.8 5.8 Waiting 26.875131607055664 20.34088897705078 223 87 10.418676376342773 10.206013679504395
2.8 6.0 Waiting 25.104997634887695 20.34088897705078 247 88 9.69428825378418 10.94182014465332
2.8 6.2 Waiting 25.104997634887695 20.34088897705078 222 106 8.983282089233398 9.820586204528809
2.8 6.4 Waiting 26.66565704345703 19.98385238647461 210 93 10.223140716552734 11.226698875427246
2.8 6.6 Waiting 26.66565704345703 19.98385238647461 208 102 9.167792320251465 12.563538551330566
2.8 6.8 Waiting 26.467937469482422 19.98385238647461 212 83 9.593168258666992 10.268125534057617
2.8 7.0 Waiting 26.8537654876709 19.98385238647461 226 104 9.172589302062988 12.484503746032715
2.8 7.2 Waiting 26.8537654876709 19.98385238647461 255 94 9.838279724121094 12.53014087677002
2.8 7.4 Waiting 27.32364845275879 20.005859375 240 97 10.19162368774414 12.717886924743652
2.8 7.6 Waiting 27.32364845275879 20.005859375 205 83 8.289933204650879 12.08602237701416
2.8 7.8 Waiting 27.475296020507812 20.005859375 239 90 11.01679801940918 11.148816108703613
2.8 8.0 Waiting 27.54163360595703 20.47527313232422 206 80 8.966075897216797 12.365957260131836
2.8 8.2 Waiting 27.54163360595703 20.47527313232422 201 66 10.6668062210083 9.074953079223633
2.8 8.4 Waiting 26.707124710083008 19.720157623291016 253 64 11.204658508300781 12.295219421386719
2.8 8.6 Waiting 26.707124710083008 19.720157623291016 219 85 9.18913459777832 13.544818878173828
2.8 8.8 Waiting 27.449430465698242 19.639375686645508 203 74 6.872706413269043 10.910560607910156
2.8 9.0 Waiting 29.61964988708496 19.82234001159668 235 74 6.944777011871338 13.810873031616211
2.8 9.2 Waiting 29.61964988708496 19.82234001159668 204 71 7.31166934967041 13.430582046508789
2.8 9.4 Waiting 26.801374435424805 19.634342193603516 228 64 9.007373809814453 10.533315658569336
2.8 9.6 Waiting 26.801374435424805 19.634342193603516 240 70 8.712339401245117 13.581257820129395
2.8 9.8 Waiting 31.733118057250977 24.43777847290039 229 59 11.477423667907715 12.305196762084961
2.8 10.0 Waiting 32.00887680053711 24.752870559692383 236 62 11.20759391784668 12.006217002868652
3.0 0.2 Waiting 20.426973342895508 104.41353607177734 96 510 177.64427185058594 271.686279296875
3.0 0.4 Waiting 20.426973342895508 104.41353607177734 94 510 203.4989013671875 222.30018615722656
3.0 0.6 Waiting 20.426973342895508 104.41353607177734 90 510 208.56333923339844 171.62442016601562
3.0 0.8 Waiting 34.2454719543457 108.36940002441406 140 457 145.3013458251953 147.11854553222656
3.0 1.0 Waiting 41.84469223022461 91.775146484375 167 417 58.017333984375 126.09272003173828
3.0 1.2 Waiting 41.84469223022461 91.775146484375 165 417 57.817649841308594 90.79129028320312
3.0 1.4 Waiting 38.446353912353516 67.7037124633789 195 390 66.78536987304688 47.96721267700195
3.0 1.6 Waiting 38.446353912353516 67.7037124633789 164 390 30.578283309936523 49.75837326049805
3.0 1.8 Waiting 29.63939094543457 39.65509033203125 186 329 20.65582275390625 54.61128234863281
3.0 2.0 Waiting 28.514482498168945 34.598262786865234 218 308 19.351438522338867 20.44829559326172
3.0 2.2 Waiting 28.514482498168945 34.598262786865234 201 302 17.868064880371094 21.61504364013672
3.0 2.4 Waiting 25.575185775756836 29.436038970947266 203 271 16.327112197875977 16.406984329223633
3.0 2.6 Waiting 25.575185775756836 29.436038970947266 213 263 15.022355079650879 15.954482078552246
3.0 2.8 Waiting 23.607595443725586 21.37846565246582 221 216 10.681331634521484 12.832781791687012
3.0 3.0 Waiting 21.90224266052246 20.554956436157227 216 194 10.65043830871582 12.286011695861816
3.0 3.2 Waiting 21.90224266052246 20.554956436157227 199 209 10.984905242919922 11.272994995117188
3.0 3.4 Waiting 21.82876968383789 20.40841293334961 208 188 11.430399894714355 11.702393531799316
3.0 3.6 Waiting 21.82876968383789 20.40841293334961 209 176 11.176881790161133 10.676372528076172
3.0 3.8 Waiting 22.057340621948242 18.822702407836914 225 169 10.250934600830078 13.084405899047852
3.0 4.0 Waiting 21.37464714050293 19.155181884765625 230 162 10.450950622558594 10.858773231506348
3.0 4.2 Waiting 21.37464714050293 19.155181884765625 224 161 9.999849319458008 10.450956344604492
3.0 4.4 Waiting 22.466466903686523 19.647863388061523 218 147 9.572989463806152 13.451814651489258
3.0 4.6 Waiting 22.466466903686523 19.647863388061523 189 140 10.331992149353027 11.431293487548828
3.0 4.8 Waiting 24.0859317779541 19.184463500976562 209 138 10.497591018676758 12.874168395996094
3.0 5.0 Waiting 23.783916473388672 19.089088439941406 212 128 9.163432121276855 10.130098342895508
3.0 5.2 Waiting 23.783916473388672 19.089088439941406 203 122 9.655905723571777 9.224641799926758
3.0 5.4 Waiting 24.32535171508789 19.228425979614258 211 133 10.703075408935547 11.102601051330566
3.0 5.6 Waiting 24.32535171508789 19.228425979614258 197 105 8.647677421569824 11.66483211517334
3.0 5.8 Waiting 24.283222198486328 19.28819465637207 197 94 7.836976051330566 10.265137672424316
3.0 6.0 Waiting 23.872825622558594 19.35787010192871 230 114 11.93451976776123 9.929145812988281
3.0 6.2 Waiting 23.872825622558594 19.35787010192871 218 101 8.774893760681152 10.777735710144043
3.0 6.4 Waiting 24.797321319580078 19.256336212158203 227 101 11.106328964233398 11.086892127990723
3.0 6.6 Waiting 24.797321319580078 19.256336212158203 230 80 9.220877647399902 9.378525733947754
3.0 6.8 Waiting 24.382705688476562 19.256336212158203 203 85 9.622529029846191 11.110877990722656
3.0 7.0 Waiting 24.031230926513672 19.256336212158203 224 91 9.611297607421875 10.532217979431152
3.0 7.2 Waiting 24.031230926513672 19.256336212158203 215 107 8.598584175109863 10.20346736907959
3.0 7.4 Waiting 25.042579650878906 20.504985809326172 197 81 8.780488967895508 11.641109466552734
3.0 7.6 Waiting 25.042579650878906 20.504985809326172 216 86 9.708291053771973 11.603034019470215
3.0 7.8 Waiting 25.21098518371582 20.504985809326172 218 82 9.52898120880127 11.298873901367188
3.0 8.0 Waiting 25.353872299194336 20.97439956665039 195 86 10.12679672241211 12.071420669555664
3.0 8.2 Waiting 25.353872299194336 20.97439956665039 204 76 9.30107307434082 11.749154090881348
3.0 8.4 Waiting 25.289281845092773 20.219284057617188 211 71 10.123747825622559 9.487281799316406
3.0 8.6 Waiting 25.289281845092773 20.219284057617188 189 95 9.32247257232666 11.652328491210938
3.0 8.8 Waiting 25.261669158935547 20.13850212097168 196 69 8.8294095993042 10.500028610229492
3.0 9.0 Waiting 27.431888580322266 20.148876190185547 211 60 8.029838562011719 12.622041702270508
3.0 9.2 Waiting 27.431888580322266 20.148876190185547 217 60 8.558813095092773 14.577102661132812
3.0 9.4 Waiting 24.613615036010742 19.190345764160156 197 64 9.88684368133545 11.652849197387695
3.0 9.6 Waiting 24.613615036010742 19.190345764160156 214 75 8.3986234664917 9.021672248840332
3.0 9.8 Waiting 28.573463439941406 20.096904754638672 209 68 9.341633796691895 13.577177047729492
3.0 10.0 Waiting 29.82111358642578 20.719852447509766 205 96 8.756401062011719 17.12892723083496
3.2 0.2 Waiting 20.426973342895508 104.41353607177734 92 510 204.25265502929688 274.9580993652344
3.2 0.4 Waiting 20.426973342895508 104.41353607177734 89 510 209.61663818359375 214.97445678710938
3.2 0.6 Waiting 20.426973342895508 104.41353607177734 92 510 179.6949920654297 180.9174041748047
3.2 0.8 Waiting 34.2454719543457 108.36940002441406 136 457 161.46209716796875 124.81008911132812
3.2 1.0 Waiting 41.84469223022461 91.775146484375 170 417 64.59754943847656 133.67738342285156
3.2 1.2 Waiting 41.84469223022461 91.775146484375 155 417 51.182559967041016 114.9640884399414
3.2 1.4 Waiting 38.446353912353516 67.7037124633789 176 390 35.335994720458984 65.29875183105469
3.2 1.6 Waiting 38.446353912353516 67.7037124633789 177 388 40.42224884033203 31.07103729248047
3.2 1.8 Waiting 29.63939094543457 39.65509033203125 214 318 21.80440902709961 48.20602035522461
3.2 2.0 Waiting 28.514482498168945 34.598262786865234 206 298 15.037753105163574 25.41771125793457
3.2 2.2 Waiting 28.514482498168945 34.598262786865234 179 308 16.41143226623535 18.058584213256836
3.2 2.4 Waiting 25.575185775756836 29.436038970947266 180 252 13.974625587463379 14.030363082885742
3.2 2.6 Waiting 25.575185775756836 29.436038970947266 189 231 14.4436616897583 12.301094055175781
3.2 2.8 Waiting 23.607595443725586 21.37846565246582 185 222 12.348553657531738 14.640802383422852
3.2 3.0 Waiting 21.90224266052246 20.554956436157227 175 199 9.275279998779297 12.200465202331543
3.2 3.2 Waiting 21.90224266052246 20.554956436157227 187 194 9.306144714355469 11.36467170715332
3.2 3.4 Waiting 21.82876968383789 20.40841293334961 197 173 12.461363792419434 11.636004447937012
3.2 3.6 Waiting 21.82876968383789 20.40841293334961 196 179 10.810938835144043 10.890010833740234
3.2 3.8 Waiting 22.057340621948242 18.822702407836914 181 165 8.571953773498535 11.441564559936523
3.2 4.0 Waiting 21.37464714050293 19.155181884765625 184 148 10.792455673217773 11.186838150024414
3.2 4.2 Waiting 21.37464714050293 19.155181884765625 232 161 10.069594383239746 8.747359275817871
3.2 4.4 Waiting 22.466466903686523 19.647863388061523 190 147 8.005754470825195 11.33910083770752
3.2 4.6 Waiting 22.466466903686523 19.647863388061523 189 119 7.745737075805664 11.991528511047363
3.2 4.8 Waiting 24.0859317779541 19.184463500976562 180 147 8.069666862487793 11.456753730773926
3.2 5.0 Waiting 23.783916473388672 19.089088439941406 200 124 8.403471946716309 11.653390884399414
3.2 5.2 Waiting 23.783916473388672 19.089088439941406 197 116 9.90042495727539 10.872617721557617
3.2 5.4 Waiting 24.32535171508789 19.228425979614258 202 105 9.211833953857422 10.475534439086914
3.2 5.6 Waiting 24.32535171508789 19.228425979614258 180 111 6.548006057739258 9.7627592086792
3.2 5.8 Waiting 24.283222198486328 19.28819465637207 185 119 8.150644302368164 10.54242992401123
3.2 6.0 Waiting 23.872825622558594 19.35787010192871 202 118 8.789054870605469 10.884512901306152
3.2 6.2 Waiting 23.872825622558594 19.35787010192871 188 100 9.241107940673828 11.340137481689453
3.2 6.4 Waiting 24.797321319580078 19.256336212158203 195 117 7.463774681091309 10.745253562927246
3.2 6.6 Waiting 24.797321319580078 19.256336212158203 187 97 7.849271297454834 11.119978904724121
3.2 6.8 Waiting 24.382705688476562 19.256336212158203 187 99 9.340598106384277 10.258118629455566
3.2 7.0 Waiting 24.031230926513672 19.256336212158203 176 85 7.151699542999268 12.109027862548828
3.2 7.2 Waiting 24.031230926513672 19.256336212158203 202 82 8.832473754882812 9.942934036254883
3.2 7.4 Waiting 25.042579650878906 20.504985809326172 221 94 9.754191398620605 10.509481430053711
3.2 7.6 Waiting 25.042579650878906 20.504985809326172 187 75 9.995426177978516 9.741077423095703
3.2 7.8 Waiting 25.21098518371582 20.504985809326172 183 79 9.008586883544922 10.258561134338379
3.2 8.0 Waiting 25.353872299194336 20.97439956665039 179 89 8.63603687286377 12.284111022949219
3.2 8.2 Waiting 25.353872299194336 20.97439956665039 183 80 9.064950942993164 9.681884765625
3.2 8.4 Waiting 25.289281845092773 20.219284057617188 199 68 10.236769676208496 10.711433410644531
3.2 8.6 Waiting 25.289281845092773 20.219284057617188 168 73 8.193046569824219 8.432295799255371
3.2 8.8 Waiting 25.261669158935547 20.13850212097168 181 61 7.819570541381836 11.280281066894531
3.2 9.0 Waiting 27.431888580322266 20.148876190185547 205 74 9.388476371765137 11.877945899963379
3.2 9.2 Waiting 27.431888580322266 20.148876190185547 200 78 8.237704277038574 9.041223526000977
3.2 9.4 Waiting 24.613615036010742 19.190345764160156 201 78 8.74128532409668 10.447820663452148
3.2 9.6 Waiting 24.613615036010742 19.190345764160156 167 78 7.470227241516113 10.351924896240234
3.2 9.8 Waiting 28.573463439941406 20.096904754638672 192 72 8.529609680175781 10.921369552612305
3.2 10.0 Waiting 29.82111358642578 20.719852447509766 182 70 8.807547569274902 14.196282386779785
3.4 0.2 Waiting 24.304607391357422 109.00050354003906 99 508 165.0059814453125 281.0211486816406
3.4 0.4 Waiting 24.304607391357422 109.00050354003906 94 508 161.07347106933594 232.74903869628906
3.4 0.6 Waiting 24.304607391357422 109.00050354003906 98 508 175.0269012451172 175.83607482910156
3.4 0.8 Waiting 43.44552230834961 129.2899627685547 138 457 116.40679168701172 143.58865356445312
3.4 1.0 Waiting 49.42515563964844 114.68801879882812 152 432 64.53709411621094 140.7721405029297
3.4 1.2 Waiting 49.42515563964844 114.68801879882812 134 430 54.099578857421875 46.46984100341797
3.4 1.4 Waiting 34.42426681518555 65.61244201660156 200 381 73.158935546875 64.83536529541016
3.4 1.6 Waiting 34.42426681518555 65.61244201660156 166 371 32.41606140136719 21.38987922668457
3.4 1.8 Waiting 27.26738929748535 40.9256591796875 182 342 17.870941162109375 39.560577392578125
3.4 2.0 Waiting 25.879350662231445 35.51704025268555 195 301 19.40540313720703 16.52505874633789
3.4 2.2 Waiting 25.879350662231445 35.51704025268555 185 310 19.136272430419922 18.094995498657227
3.4 2.4 Waiting 22.40471839904785 24.789688110351562 187 266 12.795626640319824 18.453664779663086
3.4 2.6 Waiting 22.40471839904785 24.789688110351562 191 229 13.083516120910645 12.999798774719238
3.4 2.8 Waiting 20.531898498535156 21.830577850341797 190 209 11.41472339630127 12.310358047485352
3.4 3.0 Waiting 20.118621826171875 21.007068634033203 210 201 10.499072074890137 9.564648628234863
3.4 3.2 Waiting 20.118621826171875 21.007068634033203 220 200 12.219225883483887 10.81286907196045
3.4 3.4 Waiting 20.045148849487305 20.860525131225586 201 197 9.023077011108398 11.295782089233398
3.4 3.6 Waiting 20.045148849487305 20.860525131225586 188 180 8.71245002746582 10.925193786621094
3.4 3.8 Waiting 20.273719787597656 19.27481460571289 198 170 10.014302253723145 11.606536865234375
3.4 4.0 Waiting 19.591026306152344 19.6072940826416 196 163 9.389216423034668 8.321600914001465
3.4 4.2 Waiting 19.591026306152344 19.6072940826416 207 135 10.831602096557617 7.82264518737793
3.4 4.4 Waiting 20.756011962890625 20.0999755859375 174 148 10.159778594970703 10.183405876159668
3.4 4.6 Waiting 20.756011962890625 20.0999755859375 164 144 9.392410278320312 9.016192436218262
3.4 4.8 Waiting 21.77206039428711 19.63657569885254 181 146 10.091094017028809 11.71448802947998
3.4 5.0 Waiting 21.674278259277344 19.541200637817383 179 127 9.30044937133789 9.764742851257324
3.4 5.2 Waiting 21.674278259277344 19.541200637817383 188 114 8.974494934082031 9.836204528808594
3.4 5.4 Waiting 22.680816650390625 19.74810791015625 154 106 9.328441619873047 9.895986557006836
3.4 5.6 Waiting 22.680816650390625 19.74810791015625 180 115 9.353751182556152 10.034994125366211
3.4 5.8 Waiting 22.124723434448242 19.807876586914062 183 87 8.718167304992676 9.31822681427002
3.4 6.0 Waiting 21.646310806274414 19.877552032470703 177 113 9.060723304748535 8.819390296936035
3.4 6.2 Waiting 21.646310806274414 19.877552032470703 189 102 9.975537300109863 9.54233455657959
3.4 6.4 Waiting 22.5708065032959 19.70844841003418 164 114 9.783940315246582 10.098106384277344
3.4 6.6 Waiting 22.5708065032959 19.70844841003418 203 98 10.65721321105957 10.091460227966309
3.4 6.8 Waiting 22.156190872192383 19.70844841003418 193 86 9.253018379211426 7.214345455169678
3.4 7.0 Waiting 21.693248748779297 19.70844841003418 214 81 10.607207298278809 10.831319808959961
3.4 7.2 Waiting 21.693248748779297 19.70844841003418 171 90 8.367973327636719 11.495474815368652
3.4 7.4 Waiting 22.944149017333984 19.73045539855957 186 82 11.410788536071777 10.953512191772461
3.4 7.6 Waiting 22.944149017333984 19.73045539855957 174 85 9.725859642028809 10.816499710083008
3.4 7.8 Waiting 23.229890823364258 19.73045539855957 184 84 7.178891181945801 10.796666145324707
3.4 8.0 Waiting 22.151084899902344 19.707260131835938 190 81 9.053506851196289 10.619108200073242
3.4 8.2 Waiting 22.151084899902344 19.707260131835938 186 67 8.849736213684082 6.755604267120361
3.4 8.4 Waiting 22.08649444580078 19.707260131835938 219 81 9.053772926330566 9.767681121826172
3.4 8.6 Waiting 22.08649444580078 19.707260131835938 164 74 7.413130760192871 8.600259780883789
3.4 8.8 Waiting 22.058881759643555 19.63097381591797 181 71 8.854962348937988 9.719390869140625
3.4 9.0 Waiting 24.474306106567383 19.652610778808594 188 69 9.235861778259277 11.888544082641602
3.4 9.2 Waiting 24.474306106567383 19.652610778808594 180 83 10.545633316040039 11.617977142333984
3.4 9.4 Waiting 21.656030654907227 19.642457962036133 181 76 10.12607192993164 9.038779258728027
3.4 9.6 Waiting 21.656030654907227 19.642457962036133 174 60 8.832359313964844 6.045952796936035
3.4 9.8 Waiting 25.615882873535156 20.643238067626953 188 54 9.44431209564209 10.207097053527832
3.4 10.0 Waiting 21.000642776489258 19.814701080322266 175 63 7.833816051483154 9.636296272277832
3.6 0.2 Waiting 24.304607391357422 109.00050354003906 96 508 129.4690399169922 280.99566650390625
3.6 0.4 Waiting 24.304607391357422 109.00050354003906 95 508 150.59486389160156 224.26785278320312
3.6 0.6 Waiting 24.304607391357422 109.00050354003906 96 508 137.408447265625 177.36827087402344
3.6 0.8 Waiting 43.44552230834961 129.2899627685547 135 457 106.13168334960938 162.749267578125
3.6 1.0 Waiting 49.42515563964844 114.68801879882812 127 432 55.344478607177734 138.0477294921875
3.6 1.2 Waiting 49.42515563964844 114.68801879882812 155 432 66.45234680175781 76.91929626464844
3.6 1.4 Waiting 34.42426681518555 65.61244201660156 200 381 40.688690185546875 47.59085464477539
3.6 1.6 Waiting 34.42426681518555 65.61244201660156 169 381 31.105751037597656 42.76499557495117
3.6 1.8 Waiting 27.26738929748535 40.9256591796875 202 332 19.85984992980957 15.111412048339844
3.6 2.0 Waiting 25.879350662231445 35.51704025268555 176 305 16.614524841308594 21.882795333862305
3.6 2.2 Waiting 25.879350662231445 35.51704025268555 187 272 18.490650177001953 17.265466690063477
3.6 2.4 Waiting 22.40471839904785 24.789688110351562 179 276 11.403855323791504 22.611852645874023
3.6 2.6 Waiting 22.40471839904785 24.789688110351562 181 246 10.963221549987793 15.221485137939453
3.6 2.8 Waiting 20.531898498535156 21.830577850341797 188 215 10.25232982635498 11.629844665527344
3.6 3.0 Waiting 20.118621826171875 21.007068634033203 191 194 10.971994400024414 8.842462539672852
3.6 3.2 Waiting 20.118621826171875 21.007068634033203 205 170 11.11709213256836 10.487549781799316
3.6 3.4 Waiting 20.045148849487305 20.860525131225586 180 181 9.326733589172363 11.564074516296387
3.6 3.6 Waiting 20.045148849487305 20.860525131225586 160 174 8.283044815063477 9.935221672058105
3.6 3.8 Waiting 20.273719787597656 19.27481460571289 164 159 9.411417007446289 9.956859588623047
3.6 4.0 Waiting 19.591026306152344 19.6072940826416 189 150 9.95826244354248 8.425403594970703
3.6 4.2 Waiting 19.591026306152344 19.6072940826416 138 168 7.116709232330322 9.919462203979492
3.6 4.4 Waiting 20.756011962890625 20.0999755859375 185 143 11.409231185913086 9.294742584228516
3.6 4.6 Waiting 20.756011962890625 20.0999755859375 187 146 10.467925071716309 10.288220405578613
3.6 4.8 Waiting 21.77206039428711 19.63657569885254 182 107 9.093011856079102 9.028769493103027
3.6 5.0 Waiting 21.674278259277344 19.541200637817383 182 134 8.001551628112793 9.792448043823242
3.6 5.2 Waiting 21.674278259277344 19.541200637817383 191 98 10.39013671875 10.106157302856445
3.6 5.4 Waiting 22.680816650390625 19.74810791015625 169 106 9.322037696838379 10.138496398925781
3.6 5.6 Waiting 22.680816650390625 19.74810791015625 168 118 10.217645645141602 10.449835777282715
3.6 5.8 Waiting 22.124723434448242 19.807876586914062 189 125 8.352161407470703 11.590605735778809
3.6 6.0 Waiting 21.646310806274414 19.877552032470703 185 123 9.268041610717773 9.830126762390137
3.6 6.2 Waiting 21.646310806274414 19.877552032470703 193 114 9.315018653869629 11.230597496032715
3.6 6.4 Waiting 22.5708065032959 19.70844841003418 159 102 8.101908683776855 10.468701362609863
3.6 6.6 Waiting 22.5708065032959 19.70844841003418 166 92 8.88288402557373 10.934706687927246
3.6 6.8 Waiting 22.156190872192383 19.70844841003418 165 107 7.996002197265625 9.868216514587402
3.6 7.0 Waiting 21.693248748779297 19.70844841003418 177 89 9.75249195098877 10.853703498840332
3.6 7.2 Waiting 21.693248748779297 19.70844841003418 168 78 9.242218017578125 7.767543792724609
3.6 7.4 Waiting 22.944149017333984 19.73045539855957 173 73 8.735345840454102 12.148577690124512
3.6 7.6 Waiting 22.944149017333984 19.73045539855957 199 75 10.674749374389648 9.644708633422852
3.6 7.8 Waiting 23.229890823364258 19.73045539855957 183 78 8.378751754760742 10.85459041595459
3.6 8.0 Waiting 22.151084899902344 19.707260131835938 187 73 9.433838844299316 10.166722297668457
3.6 8.2 Waiting 22.151084899902344 19.707260131835938 145 85 8.939687728881836 8.875027656555176
3.6 8.4 Waiting 22.08649444580078 19.707260131835938 156 75 8.794343948364258 10.99223804473877
3.6 8.6 Waiting 22.08649444580078 19.707260131835938 160 76 9.580648422241211 7.693136215209961
3.6 8.8 Waiting 22.058881759643555 19.63097381591797 169 76 8.554699897766113 9.946146011352539
3.6 9.0 Waiting 24.474306106567383 19.652610778808594 171 58 7.396450042724609 8.425215721130371
3.6 9.2 Waiting 24.474306106567383 19.652610778808594 162 69 9.26146411895752 11.156075477600098
3.6 9.4 Waiting 21.656030654907227 19.642457962036133 171 53 9.26200008392334 7.335849285125732
3.6 9.6 Waiting 21.656030654907227 19.642457962036133 193 78 8.774070739746094 10.134719848632812
3.6 9.8 Waiting 25.615882873535156 20.643238067626953 192 44 8.026532173156738 9.195747375488281
3.6 10.0 Waiting 21.000642776489258 19.814701080322266 192 76 8.471833229064941 7.7978339195251465
3.8 0.2 Waiting 21.137462615966797 157.4681854248047 64 546 215.73104858398438 277.6167297363281
3.8 0.4 Waiting 21.137462615966797 157.4681854248047 61 546 205.6727294921875 208.36553955078125
3.8 0.6 Waiting 21.137462615966797 157.4681854248047 61 546 236.24636840820312 173.16973876953125
3.8 0.8 Waiting 35.464027404785156 144.6030731201172 112 488 140.87962341308594 121.7511978149414
3.8 1.0 Waiting 46.758934020996094 125.61184692382812 126 443 51.794189453125 121.80740356445312
3.8 1.2 Waiting 46.758934020996094 125.61184692382812 143 443 99.46699523925781 92.22810363769531
3.8 1.4 Waiting 31.728466033935547 68.45135498046875 178 401 44.0205192565918 56.15939712524414
3.8 1.6 Waiting 31.728466033935547 68.45135498046875 150 401 35.791481018066406 33.28057098388672
3.8 1.8 Waiting 27.098188400268555 42.012908935546875 166 347 18.65144157409668 26.328563690185547
3.8 2.0 Waiting 25.32723617553711 36.60429000854492 153 303 19.372142791748047 14.665520668029785
3.8 2.2 Waiting 25.32723617553711 36.60429000854492 191 283 21.10133934020996 13.15516185760498
3.8 2.4 Waiting 22.26253318786621 25.25759506225586 179 256 12.177888870239258 14.599906921386719
3.8 2.6 Waiting 22.26253318786621 25.25759506225586 155 207 8.311955451965332 11.861100196838379
3.8 2.8 Waiting 20.06817626953125 22.298484802246094 171 265 11.106108665466309 13.835838317871094
3.8 3.0 Waiting 20.253007888793945 21.61760902404785 165 217 9.581267356872559 11.400918006896973
3.8 3.2 Waiting 20.253007888793945 21.61760902404785 147 188 9.122960090637207 10.054960250854492
3.8 3.4 Waiting 20.52485466003418 21.315807342529297 172 170 10.214996337890625 9.13456916809082
3.8 3.6 Waiting 20.52485466003418 21.315807342529297 184 176 10.715771675109863 9.055611610412598
3.8 3.8 Waiting 20.7534236907959 19.7300968170166 151 139 8.968850135803223 11.31375503540039
3.8 4.0 Waiting 20.312318801879883 19.87773895263672 162 166 9.834192276000977 10.364684104919434
3.8 4.2 Waiting 20.312318801879883 19.87773895263672 176 158 10.111597061157227 9.759038925170898
3.8 4.4 Waiting 20.646242141723633 20.303186416625977 176 139 8.50439739227295 9.14013385772705
3.8 4.6 Waiting 20.646242141723633 20.303186416625977 165 119 9.12882137298584 7.979816436767578
3.8 4.8 Waiting 21.126096725463867 19.839786529541016 169 141 8.19019889831543 11.315349578857422
3.8 5.0 Waiting 21.0283145904541 19.74441146850586 168 104 8.891932487487793 8.308207511901855
3.8 5.2 Waiting 21.0283145904541 19.74441146850586 165 134 8.432815551757812 10.49476146697998
3.8 5.4 Waiting 21.795154571533203 19.951318740844727 186 115 10.153326034545898 10.347089767456055
3.8 5.6 Waiting 21.795154571533203 19.951318740844727 161 108 9.838581085205078 9.756444931030273
3.8 5.8 Waiting 21.407873153686523 20.01108741760254 190 106 10.630324363708496 8.949261665344238
3.8 6.0 Waiting 22.250274658203125 20.059907913208008 164 98 8.155977249145508 7.49658203125
3.8 6.2 Waiting 22.250274658203125 20.059907913208008 171 94 8.400879859924316 11.15162181854248
3.8 6.4 Waiting 22.68031883239746 19.890804290771484 159 100 9.130041122436523 10.199652671813965
3.8 6.6 Waiting 22.68031883239746 19.890804290771484 171 77 8.466742515563965 9.626630783081055
3.8 6.8 Waiting 21.54452133178711 19.890804290771484 158 99 8.391352653503418 11.440180778503418
3.8 7.0 Waiting 21.081579208374023 19.890804290771484 166 95 8.606245040893555 10.902847290039062
3.8 7.2 Waiting 21.081579208374023 19.890804290771484 165 86 9.843637466430664 9.634506225585938
3.8 7.4 Waiting 22.33247947692871 19.912811279296875 167 86 9.64650821685791 8.673115730285645
3.8 7.6 Waiting 22.33247947692871 19.912811279296875 174 88 8.364013671875 9.0161714553833
3.8 7.8 Waiting 22.618221282958984 19.912811279296875 162 74 9.156474113464355 8.340800285339355
3.8 8.0 Waiting 21.111572265625 19.889616012573242 178 84 8.7199125289917 9.256558418273926
3.8 8.2 Waiting 21.111572265625 19.889616012573242 162 76 8.403158187866211 8.240234375
3.8 8.4 Waiting 20.926145553588867 19.889616012573242 161 91 8.302018165588379 7.008752822875977
3.8 8.6 Waiting 20.926145553588867 19.889616012573242 171 83 10.67374038696289 9.882232666015625
3.8 8.8 Waiting 21.02138900756836 19.813329696655273 165 62 8.232590675354004 10.082447052001953
3.8 9.0 Waiting 21.868818283081055 19.8349666595459 179 68 8.335896492004395 9.844419479370117
3.8 9.2 Waiting 21.868818283081055 19.8349666595459 186 70 9.986063003540039 9.412922859191895
3.8 9.4 Waiting 21.276174545288086 19.824813842773438 175 71 8.774094581604004 9.75822639465332
3.8 9.6 Waiting 21.276174545288086 19.824813842773438 174 58 9.985514640808105 8.138309478759766
3.8 9.8 Waiting 25.26653480529785 21.71786117553711 149 61 8.89855670928955 11.244063377380371
3.8 10.0 Waiting 20.106021881103516 19.997058868408203 158 51 9.81875991821289 7.927977085113525
4.0 0.2 Waiting 26.092327117919922 161.9208984375 75 524 210.34732055664062 275.99957275390625
4.0 0.4 Waiting 26.092327117919922 161.9208984375 81 524 189.36428833007812 214.91513061523438
4.0 0.6 Waiting 26.092327117919922 161.9208984375 89 524 151.31814575195312 179.91226196289062
4.0 0.8 Waiting 36.02021408081055 142.16383361816406 112 487 107.15250396728516 134.90802001953125
4.0 1.0 Waiting 47.227272033691406 125.55013275146484 140 441 62.654632568359375 112.86547088623047
4.0 1.2 Waiting 47.227272033691406 125.55013275146484 144 441 68.98580932617188 72.4587173461914
4.0 1.4 Waiting 32.19679641723633 68.5685043334961 172 389 33.135650634765625 30.415895462036133
4.0 1.6 Waiting 32.19679641723633 68.5685043334961 150 361 32.006752014160156 15.34396743774414
4.0 1.8 Waiting 27.477205276489258 42.13003921508789 156 332 20.04134178161621 15.80382251739502
4.0 2.0 Waiting 25.345928192138672 36.72141647338867 172 292 15.71903133392334 15.689481735229492
4.0 2.2 Waiting 25.345928192138672 36.72141647338867 151 315 15.196005821228027 19.037092208862305
4.0 2.4 Waiting 22.281225204467773 25.429990768432617 143 262 12.215081214904785 15.133013725280762
4.0 2.6 Waiting 22.281225204467773 25.429990768432617 184 242 11.690108299255371 15.17175006866455
4.0 2.8 Waiting 20.086868286132812 22.63515281677246 159 224 9.700127601623535 12.460755348205566
4.0 3.0 Waiting 19.700634002685547 21.899017333984375 165 219 10.919788360595703 11.742147445678711
4.0 3.2 Waiting 19.700634002685547 21.899017333984375 149 205 11.644532203674316 13.243375778198242
4.0 3.4 Waiting 19.97248077392578 21.3775634765625 165 180 11.076311111450195 8.825352668762207
4.0 3.6 Waiting 19.97248077392578 21.3775634765625 183 191 12.198552131652832 11.626578330993652
4.0 3.8 Waiting 20.201051712036133 19.791852951049805 155 172 8.96524429321289 9.100676536560059
4.0 4.0 Waiting 19.759946823120117 19.939495086669922 146 191 9.184388160705566 9.98611068725586
4.0 4.2 Waiting 19.759946823120117 19.939495086669922 143 139 10.642325401306152 9.417848587036133
4.0 4.4 Waiting 20.265625 20.36494255065918 166 158 9.443571090698242 9.696712493896484
4.0 4.6 Waiting 20.265625 20.36494255065918 157 120 9.318864822387695 10.259523391723633
4.0 4.8 Waiting 20.745479583740234 19.90154266357422 176 130 8.636305809020996 9.297226905822754
4.0 5.0 Waiting 20.64769744873047 19.806167602539062 156 117 9.962180137634277 10.876391410827637
4.0 5.2 Waiting 20.64769744873047 19.806167602539062 162 123 9.069188117980957 9.260472297668457
4.0 5.4 Waiting 21.15108299255371 19.924419403076172 189 118 9.142484664916992 11.396821975708008
4.0 5.6 Waiting 21.15108299255371 19.924419403076172 154 108 10.821240425109863 8.728951454162598
4.0 5.8 Waiting 20.76380157470703 19.984188079833984 142 104 7.398965358734131 9.314146995544434
4.0 6.0 Waiting 20.77116584777832 20.06182861328125 157 113 10.29423999786377 10.156027793884277
4.0 6.2 Waiting 20.77116584777832 20.06182861328125 153 102 9.574373245239258 9.139416694641113
4.0 6.4 Waiting 21.201210021972656 19.952560424804688 153 104 8.056506156921387 9.565558433532715
4.0 6.6 Waiting 21.201210021972656 19.952560424804688 172 98 9.79418659210205 9.863912582397461
4.0 6.8 Waiting 21.024953842163086 19.952560424804688 164 91 10.016217231750488 9.961553573608398
4.0 7.0 Waiting 20.853900909423828 19.952560424804688 155 91 8.667993545532227 9.922870635986328
4.0 7.2 Waiting 20.853900909423828 19.952560424804688 153 103 8.015077590942383 10.42293930053711
4.0 7.4 Waiting 22.104801177978516 19.974567413330078 183 85 9.383752822875977 10.15750789642334
4.0 7.6 Waiting 22.104801177978516 19.974567413330078 164 76 9.019157409667969 9.33489990234375
4.0 7.8 Waiting 22.39054298400879 19.974567413330078 139 73 9.453927993774414 10.815096855163574
4.0 8.0 Waiting 21.196683883666992 19.951372146606445 161 84 9.272239685058594 9.923026084899902
4.0 8.2 Waiting 21.196683883666992 19.951372146606445 179 80 9.489668846130371 9.055055618286133
4.0 8.4 Waiting 21.056299209594727 19.951372146606445 168 77 7.898216724395752 11.404406547546387
4.0 8.6 Waiting 21.056299209594727 19.951372146606445 169 62 7.777339458465576 9.195642471313477
4.0 8.8 Waiting 21.313905715942383 19.875085830688477 134 68 8.391456604003906 8.86356258392334
4.0 9.0 Waiting 22.156646728515625 19.8967227935791 157 57 8.92750358581543 8.844222068786621
4.0 9.2 Waiting 22.156646728515625 19.8967227935791 151 60 7.447800636291504 10.309864044189453
4.0 9.4 Waiting 22.659770965576172 19.88656997680664 154 47 9.41015911102295 8.322989463806152
4.0 9.6 Waiting 22.659770965576172 19.88656997680664 152 59 9.109546661376953 8.07165813446045
4.0 9.8 Waiting 26.19498634338379 21.878454208374023 155 67 9.83208179473877 11.457274436950684
4.0 10.0 Waiting 20.74093246459961 20.058815002441406 172 72 8.771531105041504 8.413127899169922
4.2 0.2 Waiting 26.092327117919922 161.9208984375 77 524 218.75221252441406 275.07476806640625
4.2 0.4 Waiting 26.092327117919922 161.9208984375 75 524 171.83375549316406 213.34286499023438
4.2 0.6 Waiting 26.092327117919922 161.9208984375 81 524 198.40011596679688 153.38304138183594
4.2 0.8 Waiting 36.02021408081055 142.16383361816406 110 487 137.2769012451172 129.32017517089844
4.2 1.0 Waiting 47.227272033691406 125.55013275146484 144 441 72.52889251708984 116.01370239257812
4.2 1.2 Waiting 47.227272033691406 125.55013275146484 142 441 53.77370834350586 72.82896423339844
4.2 1.4 Waiting 32.19679641723633 68.5685043334961 157 373 32.60399627685547 25.337350845336914
4.2 1.6 Waiting 32.19679641723633 68.5685043334961 143 374 29.47787094116211 22.274675369262695
4.2 1.8 Waiting 27.477205276489258 42.13003921508789 150 337 20.059120178222656 24.259435653686523
4.2 2.0 Waiting 25.345928192138672 36.72141647338867 153 323 16.999181747436523 15.311946868896484
4.2 2.2 Waiting 25.345928192138672 36.72141647338867 144 293 17.434152603149414 15.083414077758789
4.2 2.4 Waiting 22.281225204467773 25.429990768432617 162 256 12.604896545410156 15.072416305541992
4.2 2.6 Waiting 22.281225204467773 25.429990768432617 176 255 12.264938354492188 15.558724403381348
4.2 2.8 Waiting 20.086868286132812 22.63515281677246 148 214 10.6622953414917 10.060015678405762
4.2 3.0 Waiting 19.700634002685547 21.899017333984375 141 210 10.794426918029785 11.337499618530273
4.2 3.2 Waiting 19.700634002685547 21.899017333984375 157 188 12.76507568359375 10.462682723999023
4.2 3.4 Waiting 19.97248077392578 21.3775634765625 165 184 12.403974533081055 9.846203804016113
4.2 3.6 Waiting 19.97248077392578 21.3775634765625 144 168 10.763504028320312 9.884822845458984
4.2 3.8 Waiting 20.201051712036133 19.791852951049805 136 183 7.549145698547363 10.854146957397461
4.2 4.0 Waiting 19.759946823120117 19.939495086669922 153 169 9.182717323303223 9.799565315246582
4.2 4.2 Waiting 19.759946823120117 19.939495086669922 152 151 9.369672775268555 9.399810791015625
4.2 4.4 Waiting 20.265625 20.36494255065918 148 135 9.438131332397461 8.757917404174805
4.2 4.6 Waiting 20.265625 20.36494255065918 159 140 9.613849639892578 9.818564414978027
4.2 4.8 Waiting 20.745479583740234 19.90154266357422 136 138 9.505091667175293 10.34272575378418
4.2 5.0 Waiting 20.64769744873047 19.806167602539062 155 117 8.773797988891602 10.366133689880371
4.2 5.2 Waiting 20.64769744873047 19.806167602539062 140 102 8.877802848815918 8.88410472869873
4.2 5.4 Waiting 21.15108299255371 19.924419403076172 123 113 9.009171485900879 9.873982429504395
4.2 5.6 Waiting 21.15108299255371 19.924419403076172 158 106 8.607196807861328 8.690014839172363
4.2 5.8 Waiting 20.76380157470703 19.984188079833984 147 99 9.925268173217773 11.342866897583008
4.2 6.0 Waiting 20.77116584777832 20.06182861328125 147 97 9.682719230651855 8.78610610961914
4.2 6.2 Waiting 20.77116584777832 20.06182861328125 163 92 8.612659454345703 7.981219291687012
4.2 6.4 Waiting 21.201210021972656 19.952560424804688 161 101 8.6920747756958 10.638468742370605
4.2 6.6 Waiting 21.201210021972656 19.952560424804688 148 100 8.438471794128418 11.412984848022461
4.2 6.8 Waiting 21.024953842163086 19.952560424804688 160 69 10.062944412231445 9.062408447265625
4.2 7.0 Waiting 20.853900909423828 19.952560424804688 165 100 9.667537689208984 8.832561492919922
4.2 7.2 Waiting 20.853900909423828 19.952560424804688 147 102 9.354028701782227 8.49556827545166
4.2 7.4 Waiting 22.104801177978516 19.974567413330078 155 90 9.016246795654297 9.31790828704834
4.2 7.6 Waiting 22.104801177978516 19.974567413330078 159 82 8.401254653930664 7.983468532562256
4.2 7.8 Waiting 22.39054298400879 19.974567413330078 158 80 8.436168670654297 8.231653213500977
4.2 8.0 Waiting 21.196683883666992 19.951372146606445 146 81 7.690277576446533 9.589432716369629
4.2 8.2 Waiting 21.196683883666992 19.951372146606445 150 78 10.681511878967285 9.802907943725586
4.2 8.4 Waiting 21.056299209594727 19.951372146606445 144 69 9.530035972595215 8.304187774658203
4.2 8.6 Waiting 21.056299209594727 19.951372146606445 135 79 9.322491645812988 10.832328796386719
4.2 8.8 Waiting 21.313905715942383 19.875085830688477 147 71 8.690528869628906 9.711763381958008
4.2 9.0 Waiting 22.156646728515625 19.8967227935791 134 68 7.887331008911133 10.192541122436523
4.2 9.2 Waiting 22.156646728515625 19.8967227935791 125 80 8.192667961120605 9.018716812133789
4.2 9.4 Waiting 22.659770965576172 19.88656997680664 158 64 10.06379508972168 10.568359375
4.2 9.6 Waiting 22.659770965576172 19.88656997680664 151 58 9.111855506896973 9.76548957824707
4.2 9.8 Waiting 26.19498634338379 21.878454208374023 158 73 8.152908325195312 11.736995697021484
4.2 10.0 Waiting 20.74093246459961 20.058815002441406 154 56 11.053220748901367 6.382065773010254
4.4 0.2 Waiting 23.120241165161133 154.3890380859375 67 538 173.27162170410156 275.3606262207031
4.4 0.4 Waiting 23.120241165161133 154.3890380859375 69 538 201.18983459472656 225.2546844482422
4.4 0.6 Waiting 23.120241165161133 154.3890380859375 70 538 184.04830932617188 164.44729614257812
4.4 0.8 Waiting 29.044010162353516 138.31973266601562 91 514 157.62879943847656 115.8938980102539
4.4 1.0 Waiting 29.90651512145996 93.3883285522461 137 455 65.72528076171875 87.90694427490234
4.4 1.2 Waiting 29.90651512145996 93.3883285522461 130 455 61.33880615234375 48.442344665527344
4.4 1.4 Waiting 28.43679428100586 58.51021194458008 135 391 25.381277084350586 30.104557037353516
4.4 1.6 Waiting 28.43679428100586 58.51021194458008 157 357 31.53199577331543 16.973140716552734
4.4 1.8 Waiting 25.84488868713379 42.59718704223633 134 346 19.133609771728516 17.552093505859375
4.4 2.0 Waiting 26.6645565032959 37.188568115234375 153 313 19.047571182250977 17.92677116394043
4.4 2.2 Waiting 26.6645565032959 37.188568115234375 141 301 21.17933464050293 12.686173439025879
4.4 2.4 Waiting 23.599853515625 25.738296508789062 125 286 10.141651153564453 35.01960754394531
4.4 2.6 Waiting 23.599853515625 25.738296508789062 143 262 12.223682403564453 16.813814163208008
4.4 2.8 Waiting 20.31852912902832 22.943458557128906 148 209 11.448144912719727 10.725253105163574
4.4 3.0 Waiting 19.932294845581055 22.20732307434082 142 221 10.610060691833496 10.853287696838379
4.4 3.2 Waiting 19.932294845581055 22.20732307434082 133 189 9.689260482788086 9.491644859313965
4.4 3.4 Waiting 20.20414161682129 21.62416648864746 154 203 9.720198631286621 11.60168170928955
4.4 3.6 Waiting 20.20414161682129 21.62416648864746 157 188 11.192049026489258 9.206560134887695
4.4 3.8 Waiting 20.43271255493164 20.038455963134766 156 177 8.426528930664062 10.991890907287598
4.4 4.0 Waiting 19.991607666015625 19.905275344848633 132 176 9.933794975280762 11.00842571258545
4.4 4.2 Waiting 19.991607666015625 19.905275344848633 138 150 9.65331745147705 10.674016952514648
4.4 4.4 Waiting 20.170536041259766 20.33072280883789 122 142 8.566143989562988 9.60595989227295
4.4 4.6 Waiting 20.170536041259766 20.33072280883789 149 141 9.712705612182617 10.214969635009766
4.4 4.8 Waiting 20.49396324157715 19.86732292175293 147 123 8.216885566711426 9.857246398925781
4.4 5.0 Waiting 20.24078941345215 19.771947860717773 159 124 8.42566204071045 10.912928581237793
4.4 5.2 Waiting 20.24078941345215 19.771947860717773 137 120 7.371372222900391 9.473523139953613
4.4 5.4 Waiting 20.74417495727539 19.82564353942871 149 121 8.042813301086426 8.713332176208496
4.4 5.6 Waiting 20.74417495727539 19.82564353942871 138 99 7.957980155944824 10.184876441955566
4.4 5.8 Waiting 20.35689353942871 19.885412216186523 174 123 9.327645301818848 9.154991149902344
4.4 6.0 Waiting 20.3642578125 19.96305274963379 136 128 8.236126899719238 8.958301544189453
4.4 6.2 Waiting 20.3642578125 19.96305274963379 129 107 8.871079444885254 10.245674133300781
4.4 6.4 Waiting 20.794301986694336 19.853784561157227 136 114 7.890206813812256 11.851106643676758
4.4 6.6 Waiting 20.794301986694336 19.853784561157227 148 103 10.904970169067383 9.490071296691895
4.4 6.8 Waiting 20.618045806884766 19.853784561157227 152 102 9.3258056640625 9.178918838500977
4.4 7.0 Waiting 20.852001190185547 19.853784561157227 148 100 9.411152839660645 9.204192161560059
4.4 7.2 Waiting 20.852001190185547 19.853784561157227 137 97 8.206633567810059 9.453147888183594
4.4 7.4 Waiting 21.697893142700195 19.875791549682617 129 73 7.521372318267822 9.735258102416992
4.4 7.6 Waiting 21.697893142700195 19.875791549682617 140 74 8.311603546142578 9.867613792419434
4.4 7.8 Waiting 21.98363494873047 19.875791549682617 141 91 8.881014823913574 9.960877418518066
4.4 8.0 Waiting 20.789775848388672 19.852596282958984 148 94 8.672916412353516 8.146577835083008
4.4 8.2 Waiting 20.789775848388672 19.852596282958984 139 65 9.54758071899414 9.042193412780762
4.4 8.4 Waiting 20.649391174316406 19.852596282958984 169 72 10.302923202514648 9.265743255615234
4.4 8.6 Waiting 20.649391174316406 19.852596282958984 135 74 8.883193969726562 9.287271499633789
4.4 8.8 Waiting 20.94582176208496 19.776309967041016 137 69 8.440694808959961 6.04738712310791
4.4 9.0 Waiting 21.788562774658203 19.79794692993164 150 62 10.080686569213867 9.81785774230957
4.4 9.2 Waiting 21.788562774658203 19.79794692993164 146 74 8.102656364440918 9.85976791381836
4.4 9.4 Waiting 22.29168701171875 19.78779411315918 139 69 9.761415481567383 9.082876205444336
4.4 9.6 Waiting 22.29168701171875 19.78779411315918 148 60 7.617956161499023 9.818528175354004
4.4 9.8 Waiting 25.44693374633789 21.077693939208984 141 67 7.790276050567627 8.983612060546875
4.4 10.0 Waiting 20.53229331970215 19.960037231445312 154 63 9.927024841308594 9.881548881530762
4.6 0.2 Waiting 23.120241165161133 154.3890380859375 71 538 203.2342071533203 275.1092834472656
4.6 0.4 Waiting 23.120241165161133 154.3890380859375 73 538 170.6066436767578 222.68299865722656
4.6 0.6 Waiting 23.120241165161133 154.3890380859375 66 538 196.0108642578125 171.6653594970703
4.6 0.8 Waiting 29.044010162353516 138.31973266601562 86 514 121.20659637451172 138.02444458007812
4.6 1.0 Waiting 29.90651512145996 93.3883285522461 124 455 48.23203659057617 102.28600311279297
4.6 1.2 Waiting 29.90651512145996 93.3883285522461 131 455 63.52749252319336 75.3330307006836
4.6 1.4 Waiting 28.43679428100586 58.51021194458008 136 392 26.02417755126953 40.927433013916016
4.6 1.6 Waiting 28.43679428100586 58.51021194458008 136 380 26.273984909057617 21.602222442626953
4.6 1.8 Waiting 25.84488868713379 42.59718704223633 122 360 20.84266471862793 21.672592163085938
4.6 2.0 Waiting 26.6645565032959 37.188568115234375 130 316 15.22999095916748 18.294069290161133
4.6 2.2 Waiting 26.6645565032959 37.188568115234375 144 301 17.29651641845703 12.467726707458496
4.6 2.4 Waiting 23.599853515625 25.738296508789062 142 281 13.444141387939453 17.098173141479492
4.6 2.6 Waiting 23.599853515625 25.738296508789062 113 227 9.84350299835205 12.577461242675781
4.6 2.8 Waiting 20.31852912902832 22.943458557128906 147 233 10.20758056640625 10.904468536376953
4.6 3.0 Waiting 19.932294845581055 22.20732307434082 118 208 9.871749877929688 10.991520881652832
4.6 3.2 Waiting 19.932294845581055 22.20732307434082 127 193 11.112150192260742 9.302927017211914
4.6 3.4 Waiting 20.20414161682129 21.62416648864746 125 170 8.603388786315918 8.39120101928711
4.6 3.6 Waiting 20.20414161682129 21.62416648864746 157 172 10.497390747070312 8.98189640045166
4.6 3.8 Waiting 20.43271255493164 20.038455963134766 129 168 8.775901794433594 13.00683879852295
4.6 4.0 Waiting 19.991607666015625 19.905275344848633 123 160 9.679679870605469 11.414236068725586
4.6 4.2 Waiting 19.991607666015625 19.905275344848633 136 143 10.050402641296387 8.405709266662598
4.6 4.4 Waiting 20.170536041259766 20.33072280883789 153 144 8.81110668182373 8.988541603088379
4.6 4.6 Waiting 20.170536041259766 20.33072280883789 142 164 9.135251998901367 11.350543022155762
4.6 4.8 Waiting 20.49396324157715 19.86732292175293 114 106 10.71590805053711 8.310457229614258
4.6 5.0 Waiting 20.24078941345215 19.771947860717773 128 137 7.976133346557617 10.487771987915039
4.6 5.2 Waiting 20.24078941345215 19.771947860717773 146 121 7.644599914550781 10.016809463500977
4.6 5.4 Waiting 20.74417495727539 19.82564353942871 162 124 7.825526714324951 8.738329887390137
4.6 5.6 Waiting 20.74417495727539 19.82564353942871 131 124 8.42593765258789 9.625602722167969
4.6 5.8 Waiting 20.35689353942871 19.885412216186523 148 117 10.5440092086792 10.202805519104004
4.6 6.0 Waiting 20.3642578125 19.96305274963379 137 107 8.146502494812012 8.678407669067383
4.6 6.2 Waiting 20.3642578125 19.96305274963379 124 118 9.508275985717773 9.294590950012207
4.6 6.4 Waiting 20.794301986694336 19.853784561157227 146 98 8.09761905670166 8.751341819763184
4.6 6.6 Waiting 20.794301986694336 19.853784561157227 134 114 9.347265243530273 9.532224655151367
4.6 6.8 Waiting 20.618045806884766 19.853784561157227 144 86 8.861088752746582 10.277251243591309
4.6 7.0 Waiting 20.852001190185547 19.853784561157227 145 88 8.869028091430664 9.222453117370605
4.6 7.2 Waiting 20.852001190185547 19.853784561157227 150 93 7.414581775665283 7.707484245300293
4.6 7.4 Waiting 21.697893142700195 19.875791549682617 137 82 9.687555313110352 10.958674430847168
4.6 7.6 Waiting 21.697893142700195 19.875791549682617 124 69 7.61937952041626 8.302621841430664
4.6 7.8 Waiting 21.98363494873047 19.875791549682617 128 89 7.350845813751221 10.671163558959961
4.6 8.0 Waiting 20.789775848388672 19.852596282958984 146 78 8.427204132080078 7.407182693481445
4.6 8.2 Waiting 20.789775848388672 19.852596282958984 120 75 7.919410228729248 7.7236247062683105
4.6 8.4 Waiting 20.649391174316406 19.852596282958984 120 87 8.98450756072998 8.076196670532227
4.6 8.6 Waiting 20.649391174316406 19.852596282958984 118 81 10.284444808959961 8.47707748413086
4.6 8.8 Waiting 20.94582176208496 19.776309967041016 135 71 8.847797393798828 10.150394439697266
4.6 9.0 Waiting 21.788562774658203 19.79794692993164 130 74 8.68917465209961 9.122077941894531
4.6 9.2 Waiting 21.788562774658203 19.79794692993164 139 74 8.424967765808105 9.805752754211426
4.6 9.4 Waiting 22.29168701171875 19.78779411315918 149 82 6.877504348754883 10.723773956298828
4.6 9.6 Waiting 22.29168701171875 19.78779411315918 113 68 7.955051422119141 11.119353294372559
4.6 9.8 Waiting 25.44693374633789 21.077693939208984 136 73 6.428948879241943 11.792229652404785
4.6 10.0 Waiting 20.53229331970215 19.960037231445312 135 74 8.138810157775879 9.172269821166992
4.8 0.2 Waiting 23.067378997802734 154.4483642578125 69 538 136.44204711914062 277.5424499511719
4.8 0.4 Waiting 23.067378997802734 154.4483642578125 66 538 190.39822387695312 223.8990936279297
4.8 0.6 Waiting 23.067378997802734 154.4483642578125 66 538 193.6683349609375 191.64520263671875
4.8 0.8 Waiting 28.991147994995117 142.29238891601562 82 515 150.98492431640625 128.62030029296875
4.8 1.0 Waiting 29.853652954101562 93.20353698730469 131 455 56.11693572998047 96.53425598144531
4.8 1.2 Waiting 29.853652954101562 93.20353698730469 107 451 43.364559173583984 33.74555587768555
4.8 1.4 Waiting 28.38393211364746 58.388797760009766 130 394 24.833053588867188 50.0328254699707
4.8 1.6 Waiting 28.38393211364746 58.388797760009766 137 370 29.991981506347656 23.936433792114258
4.8 1.8 Waiting 25.79202651977539 42.475772857666016 153 340 18.86819839477539 19.04692840576172
4.8 2.0 Waiting 26.468048095703125 37.104312896728516 122 338 15.18875503540039 19.998506546020508
4.8 2.2 Waiting 26.468048095703125 37.104312896728516 138 280 14.95970630645752 14.826826095581055
4.8 2.4 Waiting 23.403345108032227 25.90604591369629 133 250 11.109094619750977 11.610894203186035
4.8 2.6 Waiting 23.403345108032227 25.90604591369629 121 245 8.757342338562012 14.23959732055664
4.8 2.8 Waiting 20.122020721435547 23.210954666137695 133 213 8.33414363861084 10.043149948120117
4.8 3.0 Waiting 19.810314178466797 22.54326820373535 147 191 11.456101417541504 13.737713813781738
4.8 3.2 Waiting 19.810314178466797 22.54326820373535 124 212 11.03057861328125 10.485766410827637
4.8 3.4 Waiting 20.08216094970703 21.960111618041992 120 180 8.100200653076172 9.087804794311523
4.8 3.6 Waiting 20.08216094970703 21.960111618041992 113 183 7.939112186431885 9.518235206604004
4.8 3.8 Waiting 20.310731887817383 20.2376766204834 143 158 9.508143424987793 9.80780029296875
4.8 4.0 Waiting 19.869626998901367 19.959394454956055 120 169 10.393881797790527 8.709665298461914
4.8 4.2 Waiting 19.869626998901367 19.959394454956055 140 127 9.435776710510254 10.73965835571289
4.8 4.4 Waiting 20.048555374145508 20.313573837280273 122 141 9.464960098266602 10.853079795837402
4.8 4.6 Waiting 20.048555374145508 20.313573837280273 141 150 9.624497413635254 10.252985000610352
4.8 4.8 Waiting 20.37198257446289 19.850173950195312 159 134 8.684406280517578 9.534031867980957
4.8 5.0 Waiting 20.262454986572266 19.754798889160156 150 134 9.026263236999512 10.295968055725098
4.8 5.2 Waiting 20.262454986572266 19.754798889160156 126 116 9.146749496459961 8.56162166595459
4.8 5.4 Waiting 20.765840530395508 19.789216995239258 113 142 7.245815277099609 9.477273941040039
4.8 5.6 Waiting 20.765840530395508 19.789216995239258 120 126 8.060003280639648 10.108290672302246
4.8 5.8 Waiting 20.378559112548828 19.84898567199707 117 108 8.560628890991211 9.001848220825195
4.8 6.0 Waiting 20.385923385620117 19.926626205444336 132 112 8.655447006225586 9.834442138671875
4.8 6.2 Waiting 20.385923385620117 19.926626205444336 129 89 9.007547378540039 9.215070724487305
4.8 6.4 Waiting 20.815967559814453 19.817358016967773 114 83 9.225295066833496 8.098793983459473
4.8 6.6 Waiting 20.815967559814453 19.817358016967773 116 92 9.009031295776367 10.037823677062988
4.8 6.8 Waiting 20.639711380004883 19.817358016967773 147 97 9.052106857299805 7.985047817230225
4.8 7.0 Waiting 20.873666763305664 19.817358016967773 132 98 7.843898773193359 9.296171188354492
4.8 7.2 Waiting 20.873666763305664 19.817358016967773 137 104 9.450632095336914 10.328632354736328
4.8 7.4 Waiting 21.719558715820312 19.839365005493164 115 100 7.127399444580078 8.55990982055664
4.8 7.6 Waiting 21.719558715820312 19.839365005493164 119 90 8.521177291870117 10.763152122497559
4.8 7.8 Waiting 22.005300521850586 19.839365005493164 139 79 7.998944282531738 10.514137268066406
4.8 8.0 Waiting 20.81144142150879 19.81616973876953 142 67 7.504062652587891 8.712162971496582
4.8 8.2 Waiting 20.81144142150879 19.81616973876953 129 77 8.444945335388184 11.82465934753418
4.8 8.4 Waiting 20.671056747436523 19.81616973876953 134 69 8.38489818572998 6.663337707519531
4.8 8.6 Waiting 20.671056747436523 19.81616973876953 139 60 7.721980094909668 7.489171028137207
4.8 8.8 Waiting 21.091054916381836 19.739883422851562 115 77 8.459076881408691 9.763347625732422
4.8 9.0 Waiting 21.933795928955078 19.77315330505371 119 60 9.198408126831055 9.607929229736328
4.8 9.2 Waiting 21.933795928955078 19.77315330505371 129 67 10.158064842224121 9.798884391784668
4.8 9.4 Waiting 22.436920166015625 19.79959487915039 128 76 5.523406982421875 8.338321685791016
4.8 9.6 Waiting 22.436920166015625 19.79959487915039 123 65 7.184235095977783 7.6971435546875
4.8 9.8 Waiting 22.066150665283203 19.783164978027344 137 62 9.175150871276855 8.754340171813965
4.8 10.0 Waiting 20.677526473999023 19.934545516967773 145 55 10.570950508117676 10.421842575073242
5.0 0.2 Waiting 19.30513572692871 154.4483642578125 57 553 209.43702697753906 267.5362548828125
5.0 0.4 Waiting 19.30513572692871 154.4483642578125 57 553 211.0953369140625 221.18487548828125
5.0 0.6 Waiting 19.30513572692871 154.4483642578125 55 553 193.03237915039062 161.3641815185547
5.0 0.8 Waiting 23.011430740356445 107.47856903076172 89 513 99.9325180053711 130.76559448242188
5.0 1.0 Waiting 28.927513122558594 99.62168884277344 90 482 48.52428436279297 108.23329162597656
5.0 1.2 Waiting 28.927513122558594 99.62168884277344 99 474 50.74913024902344 19.394359588623047
5.0 1.4 Waiting 26.0048885345459 62.27376174926758 123 420 28.98125457763672 33.35748291015625
5.0 1.6 Waiting 26.0048885345459 62.27376174926758 133 412 30.173654556274414 29.759923934936523
5.0 1.8 Waiting 23.824188232421875 36.91767501831055 139 326 17.639799118041992 21.866436004638672
5.0 2.0 Waiting 24.48979949951172 30.1259708404541 158 294 11.820082664489746 12.723442077636719
5.0 2.2 Waiting 24.48979949951172 30.1259708404541 142 293 11.347945213317871 18.971736907958984
5.0 2.4 Waiting 22.402942657470703 26.173763275146484 122 262 10.973600387573242 13.606371879577637
5.0 2.6 Waiting 22.402942657470703 26.173763275146484 122 223 9.551557540893555 9.99136734008789
5.0 2.8 Waiting 19.687406539916992 23.47867202758789 119 245 11.048627853393555 11.102510452270508
5.0 3.0 Waiting 19.375699996948242 22.810985565185547 134 183 10.00527572631836 9.071439743041992
5.0 3.2 Waiting 19.375699996948242 22.810985565185547 138 176 10.61449146270752 7.531757831573486
5.0 3.4 Waiting 19.647546768188477 22.227828979492188 131 171 11.170646667480469 9.827933311462402
5.0 3.6 Waiting 19.647546768188477 22.227828979492188 106 190 10.468134880065918 11.248997688293457
5.0 3.8 Waiting 19.876117706298828 20.505393981933594 144 168 9.138654708862305 10.620036125183105
5.0 4.0 Waiting 19.572736740112305 20.22711181640625 115 155 7.43411111831665 9.365799903869629
5.0 4.2 Waiting 19.572736740112305 20.22711181640625 109 171 8.944893836975098 9.904305458068848
5.0 4.4 Waiting 19.61871910095215 20.58129119873047 120 141 8.90513801574707 9.276772499084473
5.0 4.6 Waiting 19.61871910095215 20.58129119873047 118 128 9.612545013427734 8.913728713989258
5.0 4.8 Waiting 19.94214630126953 20.117891311645508 149 132 9.094956398010254 8.488368034362793
5.0 5.0 Waiting 19.92889404296875 20.02251625061035 123 124 10.09898567199707 9.490723609924316
5.0 5.2 Waiting 19.92889404296875 20.02251625061035 135 119 7.23306131362915 9.308367729187012
5.0 5.4 Waiting 20.467679977416992 20.056934356689453 133 117 8.823769569396973 9.615978240966797
5.0 5.6 Waiting 20.467679977416992 20.056934356689453 120 112 9.153143882751465 10.405149459838867
5.0 5.8 Waiting 20.080398559570312 20.116703033447266 112 116 9.347467422485352 8.445727348327637
5.0 6.0 Waiting 20.012779235839844 20.173839569091797 129 121 8.592705726623535 7.931221961975098
5.0 6.2 Waiting 20.012779235839844 20.173839569091797 133 121 9.382326126098633 9.074187278747559
5.0 6.4 Waiting 20.44282341003418 20.064571380615234 117 131 8.933272361755371 9.147086143493652
5.0 6.6 Waiting 20.44282341003418 20.064571380615234 142 98 9.681605339050293 8.83102035522461
5.0 6.8 Waiting 20.26656723022461 20.064571380615234 115 88 8.43095588684082 7.262036323547363
5.0 7.0 Waiting 20.50052261352539 20.064571380615234 116 93 11.234795570373535 7.234823703765869
5.0 7.2 Waiting 20.50052261352539 20.064571380615234 125 79 7.103886127471924 9.264243125915527
5.0 7.4 Waiting 21.34641456604004 20.086578369140625 129 80 7.007996559143066 10.001855850219727
5.0 7.6 Waiting 21.34641456604004 20.086578369140625 116 80 8.456879615783691 8.304985046386719
5.0 7.8 Waiting 21.632156372070312 20.086578369140625 134 90 8.091815948486328 10.766109466552734
5.0 8.0 Waiting 20.438297271728516 20.063383102416992 114 87 7.630840301513672 9.233467102050781
5.0 8.2 Waiting 20.438297271728516 20.063383102416992 122 81 7.373092174530029 9.330607414245605
5.0 8.4 Waiting 20.350486755371094 20.063383102416992 134 71 9.483694076538086 6.995387077331543
5.0 8.6 Waiting 20.350486755371094 20.063383102416992 120 82 9.955623626708984 8.15449047088623
5.0 8.8 Waiting 20.66661834716797 19.987096786499023 134 70 7.713324069976807 8.964926719665527
5.0 9.0 Waiting 21.50935935974121 20.020366668701172 161 67 7.3213043212890625 8.24323558807373
5.0 9.2 Waiting 21.50935935974121 20.020366668701172 117 86 8.99045467376709 8.167815208435059
5.0 9.4 Waiting 21.096900939941406 20.04680824279785 130 57 8.961663246154785 8.65777587890625
5.0 9.6 Waiting 21.096900939941406 20.04680824279785 128 77 7.741009712219238 6.714465618133545
5.0 9.8 Waiting 20.761877059936523 20.030378341674805 111 64 8.492289543151855 8.773496627807617
5.0 10.0 Waiting 20.404272079467773 20.164766311645508 119 78 8.513078689575195 7.308741569519043
5.2 0.2 Waiting 19.30513572692871 154.4483642578125 54 553 185.6696014404297 275.7349853515625
5.2 0.4 Waiting 19.30513572692871 154.4483642578125 55 553 187.16920471191406 208.69845581054688
5.2 0.6 Waiting 19.30513572692871 154.4483642578125 56 553 209.5537109375 170.43771362304688
5.2 0.8 Waiting 23.011430740356445 107.47856903076172 93 513 88.6468505859375 124.57544708251953
5.2 1.0 Waiting 28.927513122558594 99.62168884277344 108 482 75.42919158935547 105.00022888183594
5.2 1.2 Waiting 28.927513122558594 99.62168884277344 105 482 61.12156295776367 52.576717376708984
5.2 1.4 Waiting 26.0048885345459 62.27376174926758 123 420 34.43252944946289 31.366430282592773
5.2 1.6 Waiting 26.0048885345459 62.27376174926758 149 365 28.957815170288086 11.902656555175781
5.2 1.8 Waiting 23.824188232421875 36.91767501831055 121 333 15.65010929107666 31.220027923583984
5.2 2.0 Waiting 24.48979949951172 30.1259708404541 112 320 12.782890319824219 25.105148315429688
5.2 2.2 Waiting 24.48979949951172 30.1259708404541 132 276 16.561458587646484 17.67359733581543
5.2 2.4 Waiting 22.402942657470703 26.173763275146484 140 276 11.256484031677246 13.92896842956543
5.2 2.6 Waiting 22.402942657470703 26.173763275146484 133 229 11.607803344726562 13.879999160766602
5.2 2.8 Waiting 19.687406539916992 23.47867202758789 148 233 11.236151695251465 10.880952835083008
5.2 3.0 Waiting 19.375699996948242 22.810985565185547 115 213 9.842085838317871 9.782022476196289
5.2 3.2 Waiting 19.375699996948242 22.810985565185547 120 203 8.99138069152832 9.40631103515625
5.2 3.4 Waiting 19.647546768188477 22.227828979492188 125 183 9.239062309265137 9.408135414123535
5.2 3.6 Waiting 19.647546768188477 22.227828979492188 132 169 9.041460990905762 8.733723640441895
5.2 3.8 Waiting 19.876117706298828 20.505393981933594 125 175 10.360599517822266 8.789473533630371
5.2 4.0 Waiting 19.572736740112305 20.22711181640625 132 140 9.677165031433105 9.275535583496094
5.2 4.2 Waiting 19.572736740112305 20.22711181640625 138 146 11.259846687316895 9.703173637390137
5.2 4.4 Waiting 19.61871910095215 20.58129119873047 97 150 8.287933349609375 10.072663307189941
5.2 4.6 Waiting 19.61871910095215 20.58129119873047 115 140 8.118291854858398 9.221819877624512
5.2 4.8 Waiting 19.94214630126953 20.117891311645508 142 129 10.421149253845215 8.613466262817383
5.2 5.0 Waiting 19.92889404296875 20.02251625061035 138 129 8.92026424407959 9.564525604248047
5.2 5.2 Waiting 19.92889404296875 20.02251625061035 123 129 11.01215934753418 9.17536735534668
5.2 5.4 Waiting 20.467679977416992 20.056934356689453 123 129 8.520696640014648 8.319581985473633
5.2 5.6 Waiting 20.467679977416992 20.056934356689453 145 99 8.138497352600098 8.365748405456543
5.2 5.8 Waiting 20.080398559570312 20.116703033447266 128 121 5.8203935623168945 8.798345565795898
5.2 6.0 Waiting 20.012779235839844 20.173839569091797 129 87 9.186894416809082 6.475039958953857
5.2 6.2 Waiting 20.012779235839844 20.173839569091797 123 106 7.1175665855407715 8.003788948059082
5.2 6.4 Waiting 20.44282341003418 20.064571380615234 137 73 7.605247974395752 8.699136734008789
5.2 6.6 Waiting 20.44282341003418 20.064571380615234 125 99 9.3312406539917 8.333464622497559
5.2 6.8 Waiting 20.26656723022461 20.064571380615234 124 80 8.534952163696289 8.532732009887695
5.2 7.0 Waiting 20.50052261352539 20.064571380615234 114 99 7.852025508880615 7.56056022644043
5.2 7.2 Waiting 20.50052261352539 20.064571380615234 120 87 8.553895950317383 8.777429580688477
5.2 7.4 Waiting 21.34641456604004 20.086578369140625 133 78 9.547333717346191 10.737312316894531
5.2 7.6 Waiting 21.34641456604004 20.086578369140625 125 67 9.26984691619873 9.207303047180176
5.2 7.8 Waiting 21.632156372070312 20.086578369140625 112 82 8.943116188049316 10.556845664978027
5.2 8.0 Waiting 20.438297271728516 20.063383102416992 114 88 9.791197776794434 9.332489967346191
5.2 8.2 Waiting 20.438297271728516 20.063383102416992 115 74 7.826862335205078 7.411787033081055
5.2 8.4 Waiting 20.350486755371094 20.063383102416992 131 103 9.203368186950684 9.642084121704102
5.2 8.6 Waiting 20.350486755371094 20.063383102416992 130 72 8.31102466583252 9.109343528747559
5.2 8.8 Waiting 20.66661834716797 19.987096786499023 110 64 7.126565933227539 8.33838176727295
5.2 9.0 Waiting 21.50935935974121 20.020366668701172 119 91 8.185461044311523 8.164482116699219
5.2 9.2 Waiting 21.50935935974121 20.020366668701172 122 59 9.692203521728516 9.139100074768066
5.2 9.4 Waiting 21.096900939941406 20.04680824279785 120 64 8.947735786437988 8.09214973449707
5.2 9.6 Waiting 21.096900939941406 20.04680824279785 136 69 6.9483819007873535 6.7306976318359375
5.2 9.8 Waiting 20.761877059936523 20.030378341674805 113 64 6.986668586730957 7.093174457550049
5.2 10.0 Waiting 20.404272079467773 20.164766311645508 110 53 8.991484642028809 7.474233150482178
5.4 0.2 Waiting 19.741777420043945 158.90257263183594 58 550 205.0226287841797 268.79803466796875
5.4 0.4 Waiting 19.741777420043945 158.90257263183594 54 550 221.52273559570312 214.1675567626953
5.4 0.6 Waiting 19.741777420043945 158.90257263183594 56 550 178.2871856689453 158.47216796875
5.4 0.8 Waiting 23.55901527404785 117.05325317382812 90 511 106.2413101196289 115.65805053710938
5.4 1.0 Waiting 28.770793914794922 99.95875549316406 103 482 49.72524642944336 106.37349700927734
5.4 1.2 Waiting 28.770793914794922 99.95875549316406 103 482 45.60126876831055 52.0614128112793
5.4 1.4 Waiting 25.75510597229004 60.83592987060547 117 395 29.952878952026367 17.625627517700195
5.4 1.6 Waiting 25.75510597229004 60.83592987060547 124 410 26.54726791381836 32.173492431640625
5.4 1.8 Waiting 23.574405670166016 36.89394760131836 112 337 15.653200149536133 24.603567123413086
5.4 2.0 Waiting 25.398454666137695 38.11299133300781 101 319 18.334802627563477 13.957846641540527
5.4 2.2 Waiting 25.398454666137695 38.11299133300781 112 297 15.451112747192383 13.753837585449219
5.4 2.4 Waiting 23.31159782409668 27.063634872436523 119 256 10.539382934570312 14.609658241271973
5.4 2.6 Waiting 23.31159782409668 27.063634872436523 110 236 9.736028671264648 14.329996109008789
5.4 2.8 Waiting 20.246767044067383 23.70311737060547 119 209 9.169158935546875 10.96566104888916
5.4 3.0 Waiting 19.935060501098633 22.68628692626953 111 210 7.594759941101074 9.869492530822754
5.4 3.2 Waiting 19.935060501098633 22.68628692626953 112 197 9.968626976013184 9.137272834777832
5.4 3.4 Waiting 20.206907272338867 22.075502395629883 137 185 9.773711204528809 10.343950271606445
5.4 3.6 Waiting 20.206907272338867 22.075502395629883 141 173 10.914298057556152 9.534809112548828
5.4 3.8 Waiting 20.43547821044922 20.35306739807129 120 177 10.141773223876953 10.128008842468262
5.4 4.0 Waiting 20.132097244262695 20.074785232543945 98 152 9.960427284240723 9.047527313232422
5.4 4.2 Waiting 20.132097244262695 20.074785232543945 118 146 9.439884185791016 9.899221420288086
5.4 4.4 Waiting 20.17807960510254 20.428964614868164 123 166 7.155614376068115 9.62132453918457
5.4 4.6 Waiting 20.17807960510254 20.428964614868164 135 154 9.867522239685059 9.287004470825195
5.4 4.8 Waiting 20.501506805419922 19.965564727783203 122 136 8.843119621276855 10.705355644226074
5.4 5.0 Waiting 19.998809814453125 19.870189666748047 103 114 9.227093696594238 8.647067070007324
5.4 5.2 Waiting 19.998809814453125 19.870189666748047 117 144 7.840942859649658 10.302753448486328
5.4 5.4 Waiting 20.387968063354492 19.872352600097656 119 119 8.078688621520996 8.429181098937988
5.4 5.6 Waiting 20.387968063354492 19.872352600097656 113 115 9.500092506408691 9.416165351867676
5.4 5.8 Waiting 20.000686645507812 19.93212127685547 115 100 8.646589279174805 10.767577171325684
5.4 6.0 Waiting 19.88295555114746 19.9892578125 119 111 6.872268199920654 7.969112873077393
5.4 6.2 Waiting 19.88295555114746 19.9892578125 92 104 7.885561943054199 9.141579627990723
5.4 6.4 Waiting 20.267127990722656 19.879989624023438 110 88 8.951637268066406 9.654099464416504
5.4 6.6 Waiting 20.267127990722656 19.879989624023438 123 104 8.843195915222168 9.946711540222168
5.4 6.8 Waiting 20.090871810913086 19.879989624023438 112 93 8.87319564819336 8.402580261230469
5.4 7.0 Waiting 20.24129295349121 19.879989624023438 118 108 7.643535614013672 9.063118934631348
5.4 7.2 Waiting 20.24129295349121 19.879989624023438 113 96 7.901217937469482 8.220206260681152
5.4 7.4 Waiting 21.08718490600586 19.901996612548828 139 84 8.46889591217041 8.93998908996582
5.4 7.6 Waiting 21.08718490600586 19.901996612548828 130 72 7.414183616638184 10.380998611450195
5.4 7.8 Waiting 21.372926712036133 19.901996612548828 117 84 8.710914611816406 8.330133438110352
5.4 8.0 Waiting 20.179067611694336 19.878801345825195 107 84 8.433379173278809 9.570469856262207
5.4 8.2 Waiting 20.179067611694336 19.878801345825195 101 85 7.37501859664917 9.215804100036621
5.4 8.4 Waiting 20.091257095336914 19.878801345825195 124 72 7.513424396514893 7.696742534637451
5.4 8.6 Waiting 20.091257095336914 19.878801345825195 133 65 8.695286750793457 8.784364700317383
5.4 8.8 Waiting 20.41828727722168 19.802515029907227 117 68 8.530791282653809 8.792452812194824
5.4 9.0 Waiting 21.590898513793945 19.835784912109375 122 79 8.57763957977295 8.130558967590332
5.4 9.2 Waiting 21.590898513793945 19.835784912109375 127 75 6.226768970489502 9.834541320800781
5.4 9.4 Waiting 20.848569869995117 19.862226486206055 121 72 7.34337854385376 8.390274047851562
5.4 9.6 Waiting 20.848569869995117 19.862226486206055 117 56 8.939160346984863 7.9909563064575195
5.4 9.8 Waiting 20.513545989990234 19.845796585083008 108 62 6.9406585693359375 8.345430374145508
5.4 10.0 Waiting 20.191375732421875 19.980186462402344 118 60 8.005463600158691 8.692708969116211
5.6 0.2 Waiting 19.741777420043945 158.90257263183594 55 550 196.40562438964844 273.4114685058594
5.6 0.4 Waiting 19.741777420043945 158.90257263183594 59 550 187.10191345214844 210.29745483398438
5.6 0.6 Waiting 19.741777420043945 158.90257263183594 57 550 194.34048461914062 170.55406188964844
5.6 0.8 Waiting 23.55901527404785 117.05325317382812 88 511 49.781742095947266 110.0374755859375
5.6 1.0 Waiting 28.770793914794922 99.95875549316406 108 482 61.46610641479492 96.50337982177734
5.6 1.2 Waiting 28.770793914794922 99.95875549316406 87 477 50.1443977355957 47.04231643676758
5.6 1.4 Waiting 25.75510597229004 60.83592987060547 123 412 26.644712448120117 47.04735565185547
5.6 1.6 Waiting 25.75510597229004 60.83592987060547 127 369 30.488061904907227 12.752345085144043
5.6 1.8 Waiting 23.574405670166016 36.89394760131836 107 346 13.675568580627441 48.81920623779297
5.6 2.0 Waiting 25.398454666137695 38.11299133300781 123 291 19.840106964111328 15.070235252380371
5.6 2.2 Waiting 25.398454666137695 38.11299133300781 104 300 14.742329597473145 13.604330062866211
5.6 2.4 Waiting 23.31159782409668 27.063634872436523 120 267 12.50631046295166 13.919398307800293
5.6 2.6 Waiting 23.31159782409668 27.063634872436523 103 258 9.70439624786377 11.400638580322266
5.6 2.8 Waiting 20.246767044067383 23.70311737060547 109 200 8.892168045043945 10.558067321777344
5.6 3.0 Waiting 19.935060501098633 22.68628692626953 94 205 11.762742042541504 10.655206680297852
5.6 3.2 Waiting 19.935060501098633 22.68628692626953 89 209 10.816248893737793 11.397454261779785
5.6 3.4 Waiting 20.206907272338867 22.075502395629883 100 215 10.454690933227539 12.538508415222168
5.6 3.6 Waiting 20.206907272338867 22.075502395629883 101 192 9.812738418579102 10.272522926330566
5.6 3.8 Waiting 20.43547821044922 20.35306739807129 106 161 7.944185733795166 10.741414070129395
5.6 4.0 Waiting 20.132097244262695 20.074785232543945 113 163 7.687943458557129 10.567338943481445
5.6 4.2 Waiting 20.132097244262695 20.074785232543945 105 175 7.6798810958862305 9.793559074401855
5.6 4.4 Waiting 20.17807960510254 20.428964614868164 129 149 8.326754570007324 9.250091552734375
5.6 4.6 Waiting 20.17807960510254 20.428964614868164 111 128 9.07694149017334 9.106477737426758
5.6 4.8 Waiting 20.501506805419922 19.965564727783203 121 131 7.991207599639893 11.335156440734863
5.6 5.0 Waiting 19.998809814453125 19.870189666748047 115 114 10.251921653747559 8.161502838134766
5.6 5.2 Waiting 19.998809814453125 19.870189666748047 90 110 8.5365571975708 8.609955787658691
5.6 5.4 Waiting 20.387968063354492 19.872352600097656 114 127 8.582012176513672 9.002882957458496
5.6 5.6 Waiting 20.387968063354492 19.872352600097656 116 116 7.4070329666137695 9.712311744689941
5.6 5.8 Waiting 20.000686645507812 19.93212127685547 113 123 9.27281379699707 8.988700866699219
5.6 6.0 Waiting 19.88295555114746 19.9892578125 98 109 8.333639144897461 10.136006355285645
5.6 6.2 Waiting 19.88295555114746 19.9892578125 122 98 8.113421440124512 8.610124588012695
5.6 6.4 Waiting 20.267127990722656 19.879989624023438 109 101 7.67734432220459 9.444365501403809
5.6 6.6 Waiting 20.267127990722656 19.879989624023438 116 85 8.995102882385254 9.16867733001709
5.6 6.8 Waiting 20.090871810913086 19.879989624023438 108 99 7.376660346984863 10.350916862487793
5.6 7.0 Waiting 20.24129295349121 19.879989624023438 120 87 9.177303314208984 8.59150218963623
5.6 7.2 Waiting 20.24129295349121 19.879989624023438 129 94 8.026692390441895 9.154881477355957
5.6 7.4 Waiting 21.08718490600586 19.901996612548828 139 89 8.117974281311035 7.575908660888672
5.6 7.6 Waiting 21.08718490600586 19.901996612548828 115 90 8.620321273803711 10.234307289123535
5.6 7.8 Waiting 21.372926712036133 19.901996612548828 126 83 8.697213172912598 8.312503814697266
5.6 8.0 Waiting 20.179067611694336 19.878801345825195 114 82 9.07097339630127 9.14018726348877
5.6 8.2 Waiting 20.179067611694336 19.878801345825195 113 74 8.41726303100586 10.17598819732666
5.6 8.4 Waiting 20.091257095336914 19.878801345825195 115 86 8.118473052978516 9.177117347717285
5.6 8.6 Waiting 20.091257095336914 19.878801345825195 118 71 9.05782413482666 7.6956787109375
5.6 8.8 Waiting 20.41828727722168 19.802515029907227 112 76 9.06824016571045 8.726424217224121
5.6 9.0 Waiting 21.590898513793945 19.835784912109375 122 63 9.299857139587402 7.614846706390381
5.6 9.2 Waiting 21.590898513793945 19.835784912109375 116 57 8.157014846801758 7.40000581741333
5.6 9.4 Waiting 20.848569869995117 19.862226486206055 97 69 8.380751609802246 8.695728302001953
5.6 9.6 Waiting 20.848569869995117 19.862226486206055 90 72 7.398731708526611 7.464907169342041
5.6 9.8 Waiting 20.513545989990234 19.845796585083008 123 61 8.035615921020508 9.050247192382812
5.6 10.0 Waiting 20.191375732421875 19.980186462402344 126 61 7.152525424957275 10.841190338134766
5.8 0.2 Waiting 19.348146438598633 139.4324951171875 57 548 137.37542724609375 273.84161376953125
5.8 0.4 Waiting 19.348146438598633 139.4324951171875 56 548 186.37754821777344 225.29119873046875
5.8 0.6 Waiting 19.348146438598633 139.4324951171875 56 548 148.67288208007812 170.20034790039062
5.8 0.8 Waiting 22.935861587524414 111.07144927978516 89 515 64.15302276611328 119.6282958984375
5.8 1.0 Waiting 28.147640228271484 102.44860076904297 94 487 65.52719116210938 87.69356536865234
5.8 1.2 Waiting 28.147640228271484 102.44860076904297 106 484 64.98461151123047 23.497634887695312
5.8 1.4 Waiting 23.557153701782227 56.05121612548828 89 412 24.452394485473633 15.979864120483398
5.8 1.6 Waiting 23.557153701782227 56.05121612548828 88 425 22.441865921020508 18.504430770874023
5.8 1.8 Waiting 21.376453399658203 39.080230712890625 114 317 19.427352905273438 10.743476867675781
5.8 2.0 Waiting 26.38429069519043 39.03178024291992 95 326 13.916444778442383 16.681861877441406
5.8 2.2 Waiting 26.38429069519043 39.03178024291992 125 327 14.126710891723633 15.524503707885742
5.8 2.4 Waiting 22.873886108398438 28.365947723388672 110 265 12.583378791809082 14.543088912963867
5.8 2.6 Waiting 22.873886108398438 28.365947723388672 103 257 9.814547538757324 12.57593822479248
5.8 2.8 Waiting 20.158349990844727 25.005430221557617 113 218 9.248869895935059 10.110879898071289
5.8 3.0 Waiting 19.846643447875977 23.503156661987305 105 193 10.753581047058105 9.338092803955078
5.8 3.2 Waiting 19.846643447875977 23.503156661987305 97 196 12.521501541137695 8.853365898132324
5.8 3.4 Waiting 20.11849021911621 23.006542205810547 98 195 8.291952133178711 8.776674270629883
5.8 3.6 Waiting 20.11849021911621 23.006542205810547 111 183 9.590232849121094 9.187005996704102
5.8 3.8 Waiting 20.347061157226562 21.284107208251953 118 142 9.25471305847168 9.052024841308594
5.8 4.0 Waiting 20.04368019104004 20.64262580871582 120 177 9.999894142150879 10.530255317687988
5.8 4.2 Waiting 20.04368019104004 20.64262580871582 101 148 9.404887199401855 9.959680557250977
5.8 4.4 Waiting 20.089662551879883 20.99680519104004 108 133 8.847103118896484 10.591288566589355
5.8 4.6 Waiting 20.089662551879883 20.99680519104004 107 140 8.246450424194336 9.513566970825195
5.8 4.8 Waiting 20.44770622253418 20.384702682495117 116 136 9.016928672790527 8.687857627868652
5.8 5.0 Waiting 19.92691993713379 20.101619720458984 111 125 9.008731842041016 7.985691070556641
5.8 5.2 Waiting 19.92691993713379 20.101619720458984 123 133 7.5853590965271 8.107660293579102
5.8 5.4 Waiting 20.316078186035156 20.103782653808594 131 109 9.523963928222656 10.262700080871582
5.8 5.6 Waiting 20.316078186035156 20.103782653808594 88 113 7.780737400054932 8.839943885803223
5.8 5.8 Waiting 19.928796768188477 20.163551330566406 99 124 7.894280910491943 7.8422651290893555
5.8 6.0 Waiting 19.811065673828125 20.18768882751465 124 97 9.526989936828613 7.756682395935059
5.8 6.2 Waiting 19.811065673828125 20.18768882751465 94 119 7.825712203979492 7.4582295417785645
5.8 6.4 Waiting 20.19523811340332 20.078420639038086 113 89 7.7738356590271 8.17966365814209
5.8 6.6 Waiting 20.19523811340332 20.078420639038086 112 84 8.193674087524414 9.215790748596191
5.8 6.8 Waiting 20.075790405273438 20.078420639038086 100 105 8.21340560913086 8.299434661865234
5.8 7.0 Waiting 20.12206268310547 20.078420639038086 106 103 6.252028465270996 7.787292003631592
5.8 7.2 Waiting 20.12206268310547 20.078420639038086 103 82 6.883142948150635 10.096810340881348
5.8 7.4 Waiting 20.967954635620117 20.100427627563477 116 102 9.065274238586426 8.546341896057129
5.8 7.6 Waiting 20.967954635620117 20.100427627563477 107 81 6.767953872680664 7.279825687408447
5.8 7.8 Waiting 21.25369644165039 20.100427627563477 110 83 6.519670009613037 8.913389205932617
5.8 8.0 Waiting 20.059837341308594 20.077232360839844 101 68 9.959328651428223 7.485558986663818
5.8 8.2 Waiting 20.059837341308594 20.077232360839844 92 78 7.641428470611572 10.162285804748535
5.8 8.4 Waiting 19.972026824951172 20.077232360839844 107 65 7.779653549194336 8.765995025634766
5.8 8.6 Waiting 19.972026824951172 20.077232360839844 109 68 8.795917510986328 7.648855686187744
5.8 8.8 Waiting 20.299057006835938 20.000946044921875 108 66 8.41430950164795 7.968973636627197
5.8 9.0 Waiting 21.471668243408203 20.034215927124023 115 67 7.176543712615967 9.552041053771973
5.8 9.2 Waiting 21.471668243408203 20.034215927124023 131 69 8.965499877929688 9.447373390197754
5.8 9.4 Waiting 20.729339599609375 20.060657501220703 137 78 9.64633846282959 7.785396575927734
5.8 9.6 Waiting 20.729339599609375 20.060657501220703 106 62 8.10948657989502 7.915809154510498
5.8 9.8 Waiting 20.394315719604492 20.044227600097656 109 69 7.400677680969238 9.193292617797852
5.8 10.0 Waiting 23.605085372924805 20.178617477416992 119 72 6.232586860656738 11.475547790527344
6.0 0.2 Waiting 19.38573455810547 156.84812927246094 53 551 203.37893676757812 270.62567138671875
6.0 0.4 Waiting 19.38573455810547 156.84812927246094 57 551 151.6744384765625 204.81216430664062
6.0 0.6 Waiting 19.38573455810547 156.84812927246094 53 551 157.069580078125 176.243896484375
6.0 0.8 Waiting 20.998218536376953 129.20013427734375 72 524 111.28913879394531 121.46282958984375
6.0 1.0 Waiting 28.231182098388672 103.25234985351562 94 487 53.71824264526367 108.3302993774414
6.0 1.2 Waiting 28.231182098388672 103.25234985351562 103 487 51.85516357421875 67.14700317382812
6.0 1.4 Waiting 23.640695571899414 58.059234619140625 99 426 27.62385368347168 20.46653175354004
6.0 1.6 Waiting 23.640695571899414 58.059234619140625 112 417 26.00467300415039 17.35628890991211
6.0 1.8 Waiting 21.45999526977539 39.82631301879883 105 356 19.65589714050293 19.648752212524414
6.0 2.0 Waiting 26.467832565307617 39.64167022705078 104 333 15.666596412658691 20.310327529907227
6.0 2.2 Waiting 26.467832565307617 39.64167022705078 106 297 17.542278289794922 13.162694931030273
6.0 2.4 Waiting 22.957427978515625 28.80640983581543 111 262 11.630643844604492 12.746453285217285
6.0 2.6 Waiting 22.957427978515625 28.80640983581543 92 254 11.84811782836914 13.278038024902344
6.0 2.8 Waiting 20.241891860961914 25.445894241333008 87 228 10.097631454467773 10.5702543258667
6.0 3.0 Waiting 19.930185317993164 23.94361686706543 103 200 10.21619701385498 9.665977478027344
6.0 3.2 Waiting 19.930185317993164 23.94361686706543 119 194 10.39380931854248 9.219990730285645
6.0 3.4 Waiting 20.2020320892334 23.132352828979492 103 211 9.276867866516113 9.465714454650879
6.0 3.6 Waiting 20.2020320892334 23.132352828979492 114 183 8.332466125488281 9.242701530456543
6.0 3.8 Waiting 20.43060302734375 21.49610137939453 88 162 8.456694602966309 10.15036392211914
6.0 4.0 Waiting 20.127222061157227 20.683486938476562 108 145 10.260651588439941 10.052057266235352
6.0 4.2 Waiting 20.127222061157227 20.683486938476562 132 138 8.422928810119629 10.287796974182129
6.0 4.4 Waiting 20.17320442199707 21.03766632080078 118 171 7.744673728942871 9.075460433959961
6.0 4.6 Waiting 20.17320442199707 21.03766632080078 104 116 10.399550437927246 8.153564453125
6.0 4.8 Waiting 20.531248092651367 20.57426643371582 116 123 9.597587585449219 8.022774696350098
6.0 5.0 Waiting 19.92691993713379 20.291183471679688 81 130 8.653648376464844 9.473135948181152
6.0 5.2 Waiting 19.92691993713379 20.291183471679688 82 123 8.28901195526123 9.160400390625
6.0 5.4 Waiting 20.316078186035156 20.079496383666992 102 107 8.894036293029785 9.181999206542969
6.0 5.6 Waiting 20.316078186035156 20.079496383666992 109 123 9.743354797363281 9.484965324401855
6.0 5.8 Waiting 19.928796768188477 20.139265060424805 90 98 8.423684120178223 9.026100158691406
6.0 6.0 Waiting 19.811065673828125 20.163402557373047 107 103 6.182908535003662 7.811676979064941
6.0 6.2 Waiting 19.811065673828125 20.163402557373047 98 101 7.964381694793701 7.6948394775390625
6.0 6.4 Waiting 20.19523811340332 20.054134368896484 78 81 8.067830085754395 8.407098770141602
6.0 6.6 Waiting 20.19523811340332 20.054134368896484 115 92 7.943360328674316 7.470311164855957
6.0 6.8 Waiting 20.075790405273438 20.054134368896484 116 98 6.819369316101074 8.174834251403809
6.0 7.0 Waiting 20.12206268310547 20.054134368896484 105 94 8.30327033996582 7.347726821899414
6.0 7.2 Waiting 20.12206268310547 20.054134368896484 98 80 7.540248394012451 8.475871086120605
6.0 7.4 Waiting 20.967954635620117 20.076141357421875 107 81 8.526083946228027 8.569010734558105
6.0 7.6 Waiting 20.967954635620117 20.076141357421875 102 95 8.391366004943848 8.446187019348145
6.0 7.8 Waiting 21.25369644165039 20.076141357421875 123 78 8.882225036621094 6.664021968841553
6.0 8.0 Waiting 20.059837341308594 20.052946090698242 139 67 9.353590965270996 8.381026268005371
6.0 8.2 Waiting 20.059837341308594 20.052946090698242 111 66 8.064935684204102 7.1369147300720215
6.0 8.4 Waiting 19.972026824951172 20.052946090698242 114 64 10.671876907348633 8.150285720825195
6.0 8.6 Waiting 19.972026824951172 20.052946090698242 110 65 9.426562309265137 8.85590648651123
6.0 8.8 Waiting 20.299057006835938 19.976659774780273 119 72 7.494285583496094 10.727970123291016
6.0 9.0 Waiting 21.471668243408203 20.026941299438477 126 74 7.2952070236206055 10.057424545288086
6.0 9.2 Waiting 21.471668243408203 20.026941299438477 91 74 8.245317459106445 8.865133285522461
6.0 9.4 Waiting 20.729339599609375 20.053382873535156 113 77 8.52835750579834 8.692034721374512
6.0 9.6 Waiting 20.729339599609375 20.053382873535156 111 60 9.019476890563965 7.468355178833008
6.0 9.8 Waiting 20.394315719604492 20.03695297241211 110 56 8.226271629333496 7.534653663635254
6.0 10.0 Waiting 20.35807991027832 20.057857513427734 105 55 8.911171913146973 6.84805154800415
6.2 0.2 Waiting 19.38573455810547 156.84812927246094 55 551 176.83285522460938 272.88250732421875
6.2 0.4 Waiting 19.38573455810547 156.84812927246094 53 551 197.86912536621094 219.2050323486328
6.2 0.6 Waiting 19.38573455810547 156.84812927246094 55 551 202.3898468017578 168.57191467285156
6.2 0.8 Waiting 20.998218536376953 129.20013427734375 74 524 130.515869140625 101.20179748535156
6.2 1.0 Waiting 28.231182098388672 103.25234985351562 100 487 68.96512603759766 117.12051391601562
6.2 1.2 Waiting 28.231182098388672 103.25234985351562 103 487 48.19184112548828 42.79389190673828
6.2 1.4 Waiting 23.640695571899414 58.059234619140625 83 434 26.741657257080078 27.403078079223633
6.2 1.6 Waiting 23.640695571899414 58.059234619140625 83 378 28.332590103149414 11.974540710449219
6.2 1.8 Waiting 21.45999526977539 39.82631301879883 93 354 18.787809371948242 15.259119033813477
6.2 2.0 Waiting 26.467832565307617 39.64167022705078 94 317 15.513188362121582 17.475250244140625
6.2 2.2 Waiting 26.467832565307617 39.64167022705078 115 278 17.137081146240234 14.253217697143555
6.2 2.4 Waiting 22.957427978515625 28.80640983581543 106 290 10.398932456970215 18.580917358398438
6.2 2.6 Waiting 22.957427978515625 28.80640983581543 103 240 14.319673538208008 14.885564804077148
6.2 2.8 Waiting 20.241891860961914 25.445894241333008 103 215 13.560403823852539 11.557391166687012
6.2 3.0 Waiting 19.930185317993164 23.94361686706543 111 200 11.308915138244629 10.5039701461792
6.2 3.2 Waiting 19.930185317993164 23.94361686706543 95 214 9.623929023742676 10.839947700500488
6.2 3.4 Waiting 20.2020320892334 23.132352828979492 86 193 9.466408729553223 9.232002258300781
6.2 3.6 Waiting 20.2020320892334 23.132352828979492 110 155 10.477019309997559 10.15203857421875
6.2 3.8 Waiting 20.43060302734375 21.49610137939453 84 171 7.974445343017578 9.483840942382812
6.2 4.0 Waiting 20.127222061157227 20.683486938476562 106 149 7.693904876708984 8.792688369750977
6.2 4.2 Waiting 20.127222061157227 20.683486938476562 95 150 7.0853424072265625 9.845422744750977
6.2 4.4 Waiting 20.17320442199707 21.03766632080078 90 126 9.252867698669434 8.319287300109863
6.2 4.6 Waiting 20.17320442199707 21.03766632080078 103 130 9.619246482849121 8.751212120056152
6.2 4.8 Waiting 20.531248092651367 20.57426643371582 98 128 10.11514663696289 9.949588775634766
6.2 5.0 Waiting 19.92691993713379 20.291183471679688 110 129 7.924841403961182 9.127140045166016
6.2 5.2 Waiting 19.92691993713379 20.291183471679688 100 125 9.721176147460938 9.458332061767578
6.2 5.4 Waiting 20.316078186035156 20.079496383666992 100 128 7.911069393157959 9.063215255737305
6.2 5.6 Waiting 20.316078186035156 20.079496383666992 119 110 8.801072120666504 8.64284896850586
6.2 5.8 Waiting 19.928796768188477 20.139265060424805 97 98 7.9442596435546875 8.31959342956543
6.2 6.0 Waiting 19.811065673828125 20.163402557373047 111 116 11.577092170715332 7.137106418609619
6.2 6.2 Waiting 19.811065673828125 20.163402557373047 113 76 8.851897239685059 7.9092631340026855
6.2 6.4 Waiting 20.19523811340332 20.054134368896484 93 106 7.323678016662598 7.587789058685303
6.2 6.6 Waiting 20.19523811340332 20.054134368896484 112 118 7.563937664031982 10.391267776489258
6.2 6.8 Waiting 20.075790405273438 20.054134368896484 100 88 7.275221347808838 8.139991760253906
6.2 7.0 Waiting 20.12206268310547 20.054134368896484 86 103 7.480827808380127 10.641807556152344
6.2 7.2 Waiting 20.12206268310547 20.054134368896484 90 83 7.959607124328613 8.283529281616211
6.2 7.4 Waiting 20.967954635620117 20.076141357421875 84 65 8.054814338684082 8.008440017700195
6.2 7.6 Waiting 20.967954635620117 20.076141357421875 93 88 6.999118804931641 9.800085067749023
6.2 7.8 Waiting 21.25369644165039 20.076141357421875 111 79 8.4785737991333 7.837344169616699
6.2 8.0 Waiting 20.059837341308594 20.052946090698242 108 91 7.65612268447876 7.540582180023193
6.2 8.2 Waiting 20.059837341308594 20.052946090698242 115 77 7.755436897277832 8.602959632873535
6.2 8.4 Waiting 19.972026824951172 20.052946090698242 81 97 8.43841552734375 8.88929271697998
6.2 8.6 Waiting 19.972026824951172 20.052946090698242 81 71 7.2250213623046875 8.01380729675293
6.2 8.8 Waiting 20.299057006835938 19.976659774780273 90 68 7.0979180335998535 9.630552291870117
6.2 9.0 Waiting 21.471668243408203 20.026941299438477 98 79 7.090903282165527 9.115194320678711
6.2 9.2 Waiting 21.471668243408203 20.026941299438477 105 68 6.736197471618652 9.787631034851074
6.2 9.4 Waiting 20.729339599609375 20.053382873535156 81 69 7.849074363708496 8.74956226348877
6.2 9.6 Waiting 20.729339599609375 20.053382873535156 121 68 9.555888175964355 7.4876885414123535
6.2 9.8 Waiting 20.394315719604492 20.03695297241211 102 61 6.999033451080322 8.807828903198242
6.2 10.0 Waiting 20.35807991027832 20.057857513427734 92 64 6.755903244018555 6.884370803833008
6.4 0.2 Waiting 19.426305770874023 143.63482666015625 54 552 133.91041564941406 273.0547790527344
6.4 0.4 Waiting 19.426305770874023 143.63482666015625 55 552 79.34422302246094 222.585205078125
6.4 0.6 Waiting 19.426305770874023 143.63482666015625 56 552 158.87258911132812 167.0616912841797
6.4 0.8 Waiting 20.4343204498291 120.65666961669922 72 525 97.1889419555664 116.103515625
6.4 1.0 Waiting 27.66728401184082 102.28336334228516 76 490 49.3598747253418 109.5259780883789
6.4 1.2 Waiting 27.66728401184082 102.28336334228516 84 490 44.697635650634766 62.83208084106445
6.4 1.4 Waiting 24.891128540039062 55.84988021850586 90 418 24.845876693725586 75.66871643066406
6.4 1.6 Waiting 24.891128540039062 55.84988021850586 76 392 24.265499114990234 21.326902389526367
6.4 1.8 Waiting 22.608476638793945 37.58647537231445 123 355 15.784981727600098 19.45343780517578
6.4 2.0 Waiting 22.419780731201172 31.614219665527344 94 325 12.200769424438477 32.17472839355469
6.4 2.2 Waiting 22.419780731201172 31.614219665527344 103 275 13.663301467895508 11.164852142333984
6.4 2.4 Waiting 25.973190307617188 34.03007507324219 107 254 15.08469009399414 12.433629989624023
6.4 2.6 Waiting 25.973190307617188 34.03007507324219 86 248 12.355704307556152 12.692747116088867
6.4 2.8 Waiting 20.680356979370117 24.5621395111084 70 198 8.414603233337402 9.145359992980957
6.4 3.0 Waiting 20.39057159423828 23.114961624145508 92 195 7.0678391456604 9.890946388244629
6.4 3.2 Waiting 20.39057159423828 23.114961624145508 102 196 12.034455299377441 9.468832969665527
6.4 3.4 Waiting 20.662418365478516 22.499631881713867 104 182 9.054803848266602 11.222784996032715
6.4 3.6 Waiting 20.662418365478516 22.499631881713867 98 175 7.073990821838379 10.59394645690918
6.4 3.8 Waiting 20.839603424072266 20.863378524780273 98 165 9.332287788391113 10.320764541625977
6.4 4.0 Waiting 21.484416961669922 20.21562385559082 100 162 7.684201717376709 10.66723918914795
6.4 4.2 Waiting 21.484416961669922 20.21562385559082 97 141 7.384864807128906 10.924960136413574
6.4 4.4 Waiting 20.447128295898438 20.56980323791504 111 137 8.99300765991211 9.318222045898438
6.4 4.6 Waiting 20.447128295898438 20.56980323791504 109 130 9.269803047180176 8.998366355895996
6.4 4.8 Waiting 20.86512565612793 20.106403350830078 98 124 8.813126564025879 9.240778923034668
6.4 5.0 Waiting 20.26079750061035 19.823320388793945 100 133 8.000853538513184 10.164103507995605
6.4 5.2 Waiting 20.26079750061035 19.823320388793945 98 132 7.592379093170166 8.194656372070312
6.4 5.4 Waiting 20.64995574951172 19.987747192382812 120 114 8.693011283874512 9.785310745239258
6.4 5.6 Waiting 20.64995574951172 19.987747192382812 90 126 7.65256404876709 10.254510879516602
6.4 5.8 Waiting 20.208356857299805 20.047515869140625 90 108 8.790514945983887 10.018561363220215
6.4 6.0 Waiting 20.090625762939453 20.071653366088867 94 100 8.69576358795166 9.319679260253906
6.4 6.2 Waiting 20.090625762939453 20.071653366088867 96 94 7.526785373687744 9.137680053710938
6.4 6.4 Waiting 20.428239822387695 19.962385177612305 104 91 7.13535213470459 11.031140327453613
6.4 6.6 Waiting 20.428239822387695 19.962385177612305 99 91 7.776312828063965 7.3193769454956055
6.4 6.8 Waiting 20.516843795776367 19.962385177612305 103 84 8.490236282348633 9.270462036132812
6.4 7.0 Waiting 20.18179702758789 19.962385177612305 75 91 6.634057521820068 8.310395240783691
6.4 7.2 Waiting 20.18179702758789 19.962385177612305 111 81 7.429450988769531 8.726653099060059
6.4 7.4 Waiting 21.00082778930664 19.984392166137695 105 87 7.748137474060059 8.987703323364258
6.4 7.6 Waiting 21.00082778930664 19.984392166137695 110 92 6.955145835876465 8.847721099853516
6.4 7.8 Waiting 21.286569595336914 19.984392166137695 107 91 9.372597694396973 8.297850608825684
6.4 8.0 Waiting 20.143848419189453 19.961196899414062 94 92 8.374557495117188 8.844836235046387
6.4 8.2 Waiting 20.143848419189453 19.961196899414062 104 84 7.487028121948242 8.646512985229492
6.4 8.4 Waiting 20.05603790283203 19.961196899414062 122 89 8.436803817749023 6.9271016120910645
6.4 8.6 Waiting 20.05603790283203 19.961196899414062 92 80 8.252196311950684 7.282549858093262
6.4 8.8 Waiting 20.805879592895508 19.884910583496094 112 66 8.654231071472168 7.921238899230957
6.4 9.0 Waiting 22.21001625061035 20.000247955322266 102 70 7.69940710067749 8.039619445800781
6.4 9.2 Waiting 22.21001625061035 20.000247955322266 98 84 7.6781535148620605 9.990293502807617
6.4 9.4 Waiting 21.467687606811523 20.026689529418945 100 64 7.750551223754883 7.583824634552002
6.4 9.6 Waiting 21.467687606811523 20.026689529418945 110 79 8.74488353729248 8.279043197631836
6.4 9.8 Waiting 20.472131729125977 20.0102596282959 102 57 6.648574352264404 8.012054443359375
6.4 10.0 Waiting 20.435895919799805 19.977703094482422 109 62 7.166222095489502 8.793965339660645
6.6 0.2 Waiting 19.426305770874023 143.63482666015625 56 552 153.02622985839844 273.8686218261719
6.6 0.4 Waiting 19.426305770874023 143.63482666015625 56 552 137.98110961914062 223.97262573242188
6.6 0.6 Waiting 19.426305770874023 143.63482666015625 56 552 140.76943969726562 175.58090209960938
6.6 0.8 Waiting 20.4343204498291 120.65666961669922 74 525 72.25862121582031 134.6166229248047
6.6 1.0 Waiting 27.66728401184082 102.28336334228516 85 490 49.9762077331543 79.8006362915039
6.6 1.2 Waiting 27.66728401184082 102.28336334228516 82 486 48.00876998901367 24.730148315429688
6.6 1.4 Waiting 24.891128540039062 55.84988021850586 86 418 25.862058639526367 78.77086639404297
6.6 1.6 Waiting 24.891128540039062 55.84988021850586 82 418 21.908403396606445 42.16716384887695
6.6 1.8 Waiting 22.608476638793945 37.58647537231445 102 347 15.344474792480469 36.00885009765625
6.6 2.0 Waiting 22.419780731201172 31.614219665527344 83 317 11.035928726196289 16.558679580688477
6.6 2.2 Waiting 22.419780731201172 31.614219665527344 82 309 13.306449890136719 15.936020851135254
6.6 2.4 Waiting 25.973190307617188 34.03007507324219 117 251 16.018978118896484 11.756505966186523
6.6 2.6 Waiting 25.973190307617188 34.03007507324219 103 236 12.55824089050293 11.303056716918945
6.6 2.8 Waiting 20.680356979370117 24.5621395111084 110 229 11.407512664794922 11.415542602539062
6.6 3.0 Waiting 20.39057159423828 23.114961624145508 87 193 10.384185791015625 10.839944839477539
6.6 3.2 Waiting 20.39057159423828 23.114961624145508 86 176 10.463532447814941 9.062389373779297
6.6 3.4 Waiting 20.662418365478516 22.499631881713867 93 204 8.824971199035645 10.176277160644531
6.6 3.6 Waiting 20.662418365478516 22.499631881713867 100 185 10.574728012084961 11.548094749450684
6.6 3.8 Waiting 20.839603424072266 20.863378524780273 100 167 8.264187812805176 10.554363250732422
6.6 4.0 Waiting 21.484416961669922 20.21562385559082 109 149 8.887103080749512 9.458648681640625
6.6 4.2 Waiting 21.484416961669922 20.21562385559082 100 144 9.392428398132324 9.634438514709473
6.6 4.4 Waiting 20.447128295898438 20.56980323791504 93 172 8.657829284667969 9.508153915405273
6.6 4.6 Waiting 20.447128295898438 20.56980323791504 80 146 8.394838333129883 10.096074104309082
6.6 4.8 Waiting 20.86512565612793 20.106403350830078 86 115 9.14267349243164 8.852803230285645
6.6 5.0 Waiting 20.26079750061035 19.823320388793945 104 132 6.803603172302246 9.662649154663086
6.6 5.2 Waiting 20.26079750061035 19.823320388793945 100 113 7.660559177398682 9.791056632995605
6.6 5.4 Waiting 20.64995574951172 19.987747192382812 82 132 7.262645244598389 11.076510429382324
6.6 5.6 Waiting 20.64995574951172 19.987747192382812 93 107 6.101963043212891 11.361472129821777
6.6 5.8 Waiting 20.208356857299805 20.047515869140625 109 129 8.433951377868652 9.994176864624023
6.6 6.0 Waiting 20.090625762939453 20.071653366088867 91 125 6.857429027557373 8.981100082397461
6.6 6.2 Waiting 20.090625762939453 20.071653366088867 101 106 8.11059856414795 10.026583671569824
6.6 6.4 Waiting 20.428239822387695 19.962385177612305 87 100 7.850706100463867 9.201897621154785
6.6 6.6 Waiting 20.428239822387695 19.962385177612305 92 98 6.916656494140625 8.698906898498535
6.6 6.8 Waiting 20.516843795776367 19.962385177612305 112 93 7.363475799560547 9.898813247680664
6.6 7.0 Waiting 20.18179702758789 19.962385177612305 98 92 8.037203788757324 8.702896118164062
6.6 7.2 Waiting 20.18179702758789 19.962385177612305 93 88 8.534271240234375 7.813867568969727
6.6 7.4 Waiting 21.00082778930664 19.984392166137695 102 68 7.81106424331665 6.2923502922058105
6.6 7.6 Waiting 21.00082778930664 19.984392166137695 114 63 7.8630547523498535 7.742905616760254
6.6 7.8 Waiting 21.286569595336914 19.984392166137695 102 74 7.524029731750488 7.517461776733398
6.6 8.0 Waiting 20.143848419189453 19.961196899414062 102 61 8.014440536499023 8.307305335998535
6.6 8.2 Waiting 20.143848419189453 19.961196899414062 91 95 7.41661262512207 9.244986534118652
6.6 8.4 Waiting 20.05603790283203 19.961196899414062 92 68 7.1291422843933105 8.761772155761719
6.6 8.6 Waiting 20.05603790283203 19.961196899414062 84 82 6.115002632141113 8.881020545959473
6.6 8.8 Waiting 20.805879592895508 19.884910583496094 96 68 7.365236282348633 9.06917667388916
6.6 9.0 Waiting 22.21001625061035 20.000247955322266 85 62 5.948801040649414 9.729793548583984
6.6 9.2 Waiting 22.21001625061035 20.000247955322266 105 72 10.252803802490234 10.503589630126953
6.6 9.4 Waiting 21.467687606811523 20.026689529418945 109 73 8.483153343200684 8.53758716583252
6.6 9.6 Waiting 21.467687606811523 20.026689529418945 92 73 6.52992057800293 8.380002975463867
6.6 9.8 Waiting 20.472131729125977 20.0102596282959 95 68 7.977962493896484 8.96004867553711
6.6 10.0 Waiting 20.435895919799805 19.977703094482422 115 70 6.8473734855651855 7.096066951751709
6.8 0.2 Waiting 19.80675506591797 154.21533203125 56 552 185.2417449951172 269.72650146484375
6.8 0.4 Waiting 19.80675506591797 154.21533203125 56 552 142.93507385253906 212.0661163330078
6.8 0.6 Waiting 19.80675506591797 154.21533203125 53 552 132.38265991210938 166.5073699951172
6.8 0.8 Waiting 21.145946502685547 143.59628295898438 62 545 106.58187103271484 123.05107879638672
6.8 1.0 Waiting 28.378910064697266 116.38938903808594 86 486 54.259613037109375 70.62863159179688
6.8 1.2 Waiting 28.378910064697266 116.38938903808594 89 486 46.91490173339844 30.587732315063477
6.8 1.4 Waiting 25.602750778198242 65.47126770019531 78 435 26.974594116210938 25.11682891845703
6.8 1.6 Waiting 25.602750778198242 65.47126770019531 71 404 29.05072593688965 20.94484519958496
6.8 1.8 Waiting 23.28118324279785 39.6270866394043 99 354 17.415597915649414 22.92853355407715
6.8 2.0 Waiting 22.814531326293945 33.408443450927734 87 305 11.962166786193848 16.374387741088867
6.8 2.2 Waiting 22.814531326293945 33.408443450927734 76 285 15.3435640335083 13.019998550415039
6.8 2.4 Waiting 24.842199325561523 28.14669418334961 118 276 11.269725799560547 14.360325813293457
6.8 2.6 Waiting 24.842199325561523 28.14669418334961 71 246 9.661770820617676 14.711222648620605
6.8 2.8 Waiting 20.611787796020508 24.786178588867188 101 222 11.243443489074707 11.506613731384277
6.8 3.0 Waiting 20.322002410888672 23.339000701904297 98 224 9.2385892868042 11.966032028198242
6.8 3.2 Waiting 20.322002410888672 23.339000701904297 98 199 8.694658279418945 9.210355758666992
6.8 3.4 Waiting 20.593849182128906 22.65086555480957 89 200 10.708154678344727 11.685349464416504
6.8 3.6 Waiting 20.593849182128906 22.65086555480957 110 181 8.376266479492188 11.626708984375
6.8 3.8 Waiting 20.771034240722656 21.014612197875977 93 175 7.70816707611084 10.02208137512207
6.8 4.0 Waiting 21.415847778320312 20.366857528686523 102 154 8.399726867675781 10.995004653930664
6.8 4.2 Waiting 21.415847778320312 20.366857528686523 100 184 7.961994647979736 12.641711235046387
6.8 4.4 Waiting 20.47567367553711 20.63372802734375 96 128 7.432847499847412 7.262678623199463
6.8 4.6 Waiting 20.47567367553711 20.63372802734375 92 153 7.915209770202637 11.275330543518066
6.8 4.8 Waiting 20.8936710357666 20.17032814025879 110 136 7.744812965393066 8.312273025512695
6.8 5.0 Waiting 20.289342880249023 19.80818748474121 75 107 6.865427017211914 9.342222213745117
6.8 5.2 Waiting 20.289342880249023 19.80818748474121 80 119 6.49603796005249 10.031227111816406
6.8 5.4 Waiting 20.67850112915039 19.972614288330078 104 121 7.9286580085754395 10.667834281921387
6.8 5.6 Waiting 20.67850112915039 19.972614288330078 98 114 8.148063659667969 9.752388000488281
6.8 5.8 Waiting 20.236902236938477 20.03238296508789 85 100 9.839777946472168 9.477791786193848
6.8 6.0 Waiting 20.119171142578125 20.056520462036133 89 94 7.887287139892578 8.708269119262695
6.8 6.2 Waiting 20.119171142578125 20.056520462036133 84 95 7.386269569396973 7.256142616271973
6.8 6.4 Waiting 20.456785202026367 19.94725227355957 86 106 7.341151237487793 10.137529373168945
6.8 6.6 Waiting 20.456785202026367 19.94725227355957 76 108 6.754756927490234 9.53443717956543
6.8 6.8 Waiting 20.54538917541504 19.94725227355957 105 89 7.556802272796631 7.531848907470703
6.8 7.0 Waiting 20.210342407226562 19.94725227355957 97 93 7.215481281280518 7.141983509063721
6.8 7.2 Waiting 20.210342407226562 19.94725227355957 112 88 7.441979885101318 8.721780776977539
6.8 7.4 Waiting 20.93225860595703 19.96925926208496 91 88 7.240305423736572 7.8738627433776855
6.8 7.6 Waiting 20.93225860595703 19.96925926208496 93 88 9.11340618133545 9.769339561462402
6.8 7.8 Waiting 21.218000411987305 19.96925926208496 110 80 8.309117317199707 10.361933708190918
6.8 8.0 Waiting 20.075279235839844 19.946063995361328 79 76 7.536133766174316 10.008968353271484
6.8 8.2 Waiting 20.075279235839844 19.946063995361328 89 67 8.448368072509766 9.112166404724121
6.8 8.4 Waiting 19.987468719482422 19.946063995361328 95 83 8.114313125610352 6.857496738433838
6.8 8.6 Waiting 19.987468719482422 19.946063995361328 84 83 7.1443657875061035 9.385616302490234
6.8 8.8 Waiting 20.4648380279541 19.86977767944336 108 81 8.126604080200195 8.67809772491455
6.8 9.0 Waiting 21.241729736328125 19.98511505126953 86 62 7.932097911834717 8.470682144165039
6.8 9.2 Waiting 21.241729736328125 19.98511505126953 96 67 7.687203884124756 8.979360580444336
6.8 9.4 Waiting 20.499401092529297 20.01155662536621 93 68 8.53982925415039 8.383259773254395
6.8 9.6 Waiting 20.499401092529297 20.01155662536621 97 66 8.24229621887207 8.870105743408203
6.8 9.8 Waiting 20.267723083496094 19.995126724243164 69 86 7.414280414581299 10.527892112731934
6.8 10.0 Waiting 20.34832000732422 19.962568283081055 87 58 7.217423439025879 8.848288536071777
7.0 0.2 Waiting 20.34249496459961 157.767578125 59 548 128.42601013183594 273.7160949707031
7.0 0.4 Waiting 20.34249496459961 157.767578125 57 548 147.98306274414062 216.68357849121094
7.0 0.6 Waiting 20.34249496459961 157.767578125 57 548 193.47518920898438 157.78575134277344
7.0 0.8 Waiting 27.983171463012695 159.74293518066406 73 517 81.72978973388672 118.17041778564453
7.0 1.0 Waiting 28.338125228881836 120.0108871459961 100 488 73.19769287109375 60.67180633544922
7.0 1.2 Waiting 28.338125228881836 120.0108871459961 95 469 54.59182357788086 17.259035110473633
7.0 1.4 Waiting 25.561965942382812 66.74335479736328 86 416 33.08980178833008 15.47922134399414
7.0 1.6 Waiting 25.561965942382812 66.74335479736328 103 399 31.967313766479492 14.072994232177734
7.0 1.8 Waiting 23.240398406982422 40.879329681396484 93 375 18.05082130432129 20.45351219177246
7.0 2.0 Waiting 22.59403419494629 34.93764114379883 94 311 16.365825653076172 12.36077880859375
7.0 2.2 Waiting 22.59403419494629 34.93764114379883 81 304 14.225055694580078 14.530914306640625
7.0 2.4 Waiting 24.621702194213867 28.82156753540039 78 247 12.413374900817871 14.457195281982422
7.0 2.6 Waiting 24.621702194213867 28.82156753540039 98 242 12.361486434936523 11.977083206176758
7.0 2.8 Waiting 20.39129066467285 25.46105194091797 72 240 9.497725486755371 11.48171615600586
7.0 3.0 Waiting 20.101505279541016 24.168148040771484 105 225 11.1091890335083 9.729561805725098
7.0 3.2 Waiting 20.101505279541016 24.168148040771484 93 201 9.229442596435547 9.874261856079102
7.0 3.4 Waiting 20.37335205078125 23.86501121520996 60 198 8.836650848388672 10.061901092529297
7.0 3.6 Waiting 20.37335205078125 23.86501121520996 81 186 7.825730323791504 9.3004789352417
7.0 3.8 Waiting 20.550537109375 21.843759536743164 84 167 7.440316200256348 9.76524829864502
7.0 4.0 Waiting 21.195350646972656 20.767833709716797 103 146 7.614379405975342 10.239028930664062
7.0 4.2 Waiting 21.195350646972656 20.767833709716797 111 168 9.109281539916992 11.46644401550293
7.0 4.4 Waiting 20.27486228942871 20.938369750976562 87 144 7.862198829650879 10.131840705871582
7.0 4.6 Waiting 20.27486228942871 20.938369750976562 98 132 7.777592658996582 9.301249504089355
7.0 4.8 Waiting 20.692859649658203 20.65484046936035 110 146 8.814923286437988 9.794748306274414
7.0 5.0 Waiting 20.26824378967285 20.292699813842773 81 128 6.602549076080322 9.381865501403809
7.0 5.2 Waiting 20.26824378967285 20.292699813842773 91 133 6.9051666259765625 10.004117012023926
7.0 5.4 Waiting 20.65740203857422 20.101648330688477 84 98 5.2957844734191895 8.342264175415039
7.0 5.6 Waiting 20.65740203857422 20.101648330688477 96 120 8.550786018371582 8.119950294494629
7.0 5.8 Waiting 20.215803146362305 20.16141700744629 77 104 6.479892253875732 8.431715965270996
7.0 6.0 Waiting 20.119171142578125 20.18555450439453 85 97 7.841102600097656 10.251935958862305
7.0 6.2 Waiting 20.119171142578125 20.18555450439453 86 96 7.459789752960205 7.403106689453125
7.0 6.4 Waiting 20.456785202026367 20.07628631591797 82 99 7.365468978881836 7.756720066070557
7.0 6.6 Waiting 20.456785202026367 20.07628631591797 74 93 7.938838005065918 8.660028457641602
7.0 6.8 Waiting 20.54538917541504 20.07628631591797 106 96 7.406975746154785 8.796460151672363
7.0 7.0 Waiting 20.210342407226562 20.07628631591797 85 86 7.336728096008301 7.546627998352051
7.0 7.2 Waiting 20.210342407226562 20.07628631591797 85 101 9.831226348876953 10.25572395324707
7.0 7.4 Waiting 20.93225860595703 20.09829330444336 92 86 8.70974349975586 7.728015899658203
7.0 7.6 Waiting 20.93225860595703 20.09829330444336 96 100 8.979291915893555 7.86029052734375
7.0 7.8 Waiting 21.218000411987305 20.09829330444336 79 77 6.679742336273193 8.579972267150879
7.0 8.0 Waiting 20.075279235839844 20.075098037719727 86 96 8.581339836120605 7.421082973480225
7.0 8.2 Waiting 20.075279235839844 20.075098037719727 67 77 7.158893585205078 7.8983354568481445
7.0 8.4 Waiting 19.987468719482422 20.075098037719727 96 61 8.367887496948242 8.155773162841797
7.0 8.6 Waiting 19.987468719482422 20.075098037719727 86 65 8.090798377990723 9.582536697387695
7.0 8.8 Waiting 20.4648380279541 19.998811721801758 81 67 8.293354988098145 10.33222484588623
7.0 9.0 Waiting 21.241729736328125 20.11414909362793 101 85 7.186796188354492 11.076970100402832
7.0 9.2 Waiting 21.241729736328125 20.11414909362793 84 83 7.846195697784424 10.23719310760498
7.0 9.4 Waiting 20.499401092529297 20.118022918701172 87 63 6.217595100402832 8.060859680175781
7.0 9.6 Waiting 20.499401092529297 20.118022918701172 80 66 8.508033752441406 10.252538681030273
7.0 9.8 Waiting 20.267723083496094 20.101593017578125 94 73 8.773242950439453 7.847936153411865
7.0 10.0 Waiting 20.34832000732422 19.954336166381836 103 63 9.097780227661133 7.679617881774902
7.2 0.2 Waiting 20.34249496459961 157.767578125 58 548 120.1708755493164 273.3291015625
7.2 0.4 Waiting 20.34249496459961 157.767578125 58 548 160.78770446777344 226.27017211914062
7.2 0.6 Waiting 20.34249496459961 157.767578125 60 548 156.48489379882812 157.9636688232422
7.2 0.8 Waiting 27.983171463012695 159.74293518066406 81 517 105.18303680419922 116.7061996459961
7.2 1.0 Waiting 28.338125228881836 120.0108871459961 79 488 52.73299026489258 88.30754852294922
7.2 1.2 Waiting 28.338125228881836 120.0108871459961 85 488 63.80542755126953 51.42398452758789
7.2 1.4 Waiting 25.561965942382812 66.74335479736328 85 442 28.97173500061035 31.954975128173828
7.2 1.6 Waiting 25.561965942382812 66.74335479736328 90 403 31.902374267578125 20.15370750427246
7.2 1.8 Waiting 23.240398406982422 40.879329681396484 80 352 17.86000633239746 14.284842491149902
7.2 2.0 Waiting 22.59403419494629 34.93764114379883 90 300 16.14748764038086 12.726959228515625
7.2 2.2 Waiting 22.59403419494629 34.93764114379883 88 311 13.404873847961426 13.28176498413086
7.2 2.4 Waiting 24.621702194213867 28.82156753540039 88 263 10.879344940185547 14.189775466918945
7.2 2.6 Waiting 24.621702194213867 28.82156753540039 105 256 10.952011108398438 12.352516174316406
7.2 2.8 Waiting 20.39129066467285 25.46105194091797 100 239 10.230403900146484 10.642293930053711
7.2 3.0 Waiting 20.101505279541016 24.168148040771484 78 199 9.955840110778809 10.059727668762207
7.2 3.2 Waiting 20.101505279541016 24.168148040771484 92 223 10.555763244628906 9.443038940429688
7.2 3.4 Waiting 20.37335205078125 23.86501121520996 88 190 10.419295310974121 11.520988464355469
7.2 3.6 Waiting 20.37335205078125 23.86501121520996 85 149 9.979576110839844 10.039468765258789
7.2 3.8 Waiting 20.550537109375 21.843759536743164 87 185 10.562742233276367 7.9941582679748535
7.2 4.0 Waiting 21.195350646972656 20.767833709716797 92 155 7.881709098815918 10.387480735778809
7.2 4.2 Waiting 21.195350646972656 20.767833709716797 77 143 7.664593696594238 10.493256568908691
7.2 4.4 Waiting 20.27486228942871 20.938369750976562 99 138 7.115971088409424 10.104930877685547
7.2 4.6 Waiting 20.27486228942871 20.938369750976562 98 118 9.253559112548828 8.665403366088867
7.2 4.8 Waiting 20.692859649658203 20.65484046936035 85 132 8.534934997558594 9.690394401550293
7.2 5.0 Waiting 20.26824378967285 20.292699813842773 77 145 7.354167938232422 9.951629638671875
7.2 5.2 Waiting 20.26824378967285 20.292699813842773 89 133 7.967300891876221 9.085657119750977
7.2 5.4 Waiting 20.65740203857422 20.101648330688477 99 121 6.448378562927246 9.114424705505371
7.2 5.6 Waiting 20.65740203857422 20.101648330688477 96 113 10.527435302734375 9.85707950592041
7.2 5.8 Waiting 20.215803146362305 20.16141700744629 79 115 9.32186508178711 8.116236686706543
7.2 6.0 Waiting 20.119171142578125 20.18555450439453 76 87 5.853143215179443 7.5300679206848145
7.2 6.2 Waiting 20.119171142578125 20.18555450439453 86 97 8.061779022216797 7.27698278427124
7.2 6.4 Waiting 20.456785202026367 20.07628631591797 93 81 8.846455574035645 7.059907913208008
7.2 6.6 Waiting 20.456785202026367 20.07628631591797 76 97 7.9674811363220215 8.92125129699707
7.2 6.8 Waiting 20.54538917541504 20.07628631591797 86 93 6.810722827911377 9.189981460571289
7.2 7.0 Waiting 20.210342407226562 20.07628631591797 75 100 8.56594467163086 8.403219223022461
7.2 7.2 Waiting 20.210342407226562 20.07628631591797 88 92 8.680683135986328 8.130017280578613
7.2 7.4 Waiting 20.93225860595703 20.09829330444336 96 88 7.150074005126953 10.318937301635742
7.2 7.6 Waiting 20.93225860595703 20.09829330444336 77 79 7.580092430114746 7.971518039703369
7.2 7.8 Waiting 21.218000411987305 20.09829330444336 88 74 8.608739852905273 8.705648422241211
7.2 8.0 Waiting 20.075279235839844 20.075098037719727 73 71 6.39284086227417 9.815178871154785
7.2 8.2 Waiting 20.075279235839844 20.075098037719727 94 67 8.728693962097168 6.575438976287842
7.2 8.4 Waiting 19.987468719482422 20.075098037719727 71 74 7.84317684173584 7.049867153167725
7.2 8.6 Waiting 19.987468719482422 20.075098037719727 75 81 8.664606094360352 10.842765808105469
7.2 8.8 Waiting 20.4648380279541 19.998811721801758 81 78 8.358987808227539 9.318099975585938
7.2 9.0 Waiting 21.241729736328125 20.11414909362793 94 73 8.413853645324707 9.71833324432373
7.2 9.2 Waiting 21.241729736328125 20.11414909362793 86 60 7.988775730133057 9.632553100585938
7.2 9.4 Waiting 20.499401092529297 20.118022918701172 82 55 9.152241706848145 7.986241340637207
7.2 9.6 Waiting 20.499401092529297 20.118022918701172 99 67 7.342793941497803 7.788393020629883
7.2 9.8 Waiting 20.267723083496094 20.101593017578125 74 66 7.199802875518799 8.922188758850098
7.2 10.0 Waiting 20.34832000732422 19.954336166381836 81 53 8.03696060180664 8.705782890319824
7.4 0.2 Waiting 19.706920623779297 158.11090087890625 58 552 133.37155151367188 273.8605041503906
7.4 0.4 Waiting 19.706920623779297 158.11090087890625 57 552 149.1750946044922 209.162109375
7.4 0.6 Waiting 19.706920623779297 158.11090087890625 54 552 136.62257385253906 167.648681640625
7.4 0.8 Waiting 21.116382598876953 146.28692626953125 62 546 128.0312042236328 110.29484558105469
7.4 1.0 Waiting 24.900625228881836 98.5990982055664 107 480 52.43922805786133 77.67028045654297
7.4 1.2 Waiting 24.900625228881836 98.5990982055664 80 480 48.43973922729492 28.933290481567383
7.4 1.4 Waiting 22.972599029541016 59.03926086425781 90 436 27.37186050415039 25.949298858642578
7.4 1.6 Waiting 22.972599029541016 59.03926086425781 73 372 27.348073959350586 12.057917594909668
7.4 1.8 Waiting 21.95037269592285 39.6768684387207 94 338 15.720929145812988 13.210180282592773
7.4 2.0 Waiting 21.489887237548828 33.865352630615234 88 276 17.05536651611328 12.597711563110352
7.4 2.2 Waiting 21.489887237548828 33.865352630615234 94 236 16.158994674682617 11.143259048461914
7.4 2.4 Waiting 23.813596725463867 28.90906524658203 92 285 12.841466903686523 15.902275085449219
7.4 2.6 Waiting 23.813596725463867 28.90906524658203 82 240 10.698949813842773 12.159852027893066
7.4 2.8 Waiting 20.19788932800293 25.548547744750977 79 251 10.499619483947754 10.567703247070312
7.4 3.0 Waiting 19.98247528076172 24.255643844604492 101 208 10.161449432373047 10.009355545043945
7.4 3.2 Waiting 19.98247528076172 24.255643844604492 97 191 9.962770462036133 10.090356826782227
7.4 3.4 Waiting 20.254322052001953 23.98063850402832 88 175 7.6170148849487305 9.133164405822754
7.4 3.6 Waiting 20.254322052001953 23.98063850402832 105 158 9.528966903686523 9.853814125061035
7.4 3.8 Waiting 20.431507110595703 21.959388732910156 83 145 9.356637001037598 9.645807266235352
7.4 4.0 Waiting 21.038381576538086 20.860830307006836 72 158 8.786110877990723 10.03136157989502
7.4 4.2 Waiting 21.038381576538086 20.860830307006836 85 148 7.420835018157959 11.142106056213379
7.4 4.4 Waiting 20.209630966186523 21.0313663482666 85 145 5.122128963470459 9.791855812072754
7.4 4.6 Waiting 20.209630966186523 21.0313663482666 92 145 7.537781238555908 7.740300178527832
7.4 4.8 Waiting 20.888036727905273 20.708274841308594 85 136 8.338662147521973 8.700854301452637
7.4 5.0 Waiting 20.717689514160156 20.346134185791016 85 120 8.506511688232422 9.582688331604004
7.4 5.2 Waiting 20.717689514160156 20.346134185791016 74 120 6.465993404388428 9.751256942749023
7.4 5.4 Waiting 20.85257911682129 20.15508270263672 89 109 7.678349494934082 8.414633750915527
7.4 5.6 Waiting 20.85257911682129 20.15508270263672 85 109 6.68068790435791 6.826082706451416
7.4 5.8 Waiting 20.410980224609375 20.21485137939453 74 109 7.18569803237915 9.44498348236084
7.4 6.0 Waiting 20.314348220825195 20.238988876342773 84 135 7.3581862449646 9.599637031555176
7.4 6.2 Waiting 20.314348220825195 20.238988876342773 87 112 7.792780876159668 9.11352825164795
7.4 6.4 Waiting 20.651962280273438 20.105567932128906 98 96 7.488203525543213 8.265372276306152
7.4 6.6 Waiting 20.651962280273438 20.105567932128906 74 85 8.195826530456543 8.932384490966797
7.4 6.8 Waiting 20.74056625366211 20.105567932128906 86 103 9.529013633728027 11.634710311889648
7.4 7.0 Waiting 20.405519485473633 20.105567932128906 95 88 7.578615665435791 9.37354850769043
7.4 7.2 Waiting 20.405519485473633 20.105567932128906 80 104 7.9553728103637695 7.55092716217041
7.4 7.4 Waiting 21.1274356842041 20.127574920654297 77 87 9.83901309967041 8.358170509338379
7.4 7.6 Waiting 21.1274356842041 20.127574920654297 72 76 7.709392070770264 8.553633689880371
7.4 7.8 Waiting 21.413177490234375 20.127574920654297 88 89 6.380401611328125 10.153194427490234
7.4 8.0 Waiting 20.270456314086914 20.104379653930664 76 69 6.0753679275512695 8.544604301452637
7.4 8.2 Waiting 20.270456314086914 20.104379653930664 77 71 7.4922895431518555 10.585320472717285
7.4 8.4 Waiting 20.182645797729492 20.104379653930664 72 79 5.247560501098633 7.602328777313232
7.4 8.6 Waiting 20.182645797729492 20.104379653930664 73 77 7.848384380340576 7.979037761688232
7.4 8.8 Waiting 20.660015106201172 20.028093338012695 72 66 8.547209739685059 8.737534523010254
7.4 9.0 Waiting 21.436906814575195 20.143430709838867 92 69 7.4543137550354 8.611715316772461
7.4 9.2 Waiting 21.436906814575195 20.143430709838867 83 71 6.919383525848389 9.457335472106934
7.4 9.4 Waiting 20.694578170776367 20.14730453491211 86 69 8.792739868164062 8.37594223022461
7.4 9.6 Waiting 20.694578170776367 20.14730453491211 87 62 6.907860279083252 7.886576175689697
7.4 9.8 Waiting 20.462900161743164 20.130874633789062 97 70 6.538322448730469 8.393505096435547
7.4 10.0 Waiting 22.77587890625 19.78248405456543 80 55 7.949330806732178 9.806490898132324
7.6 0.2 Waiting 19.706920623779297 158.11090087890625 53 552 145.1387176513672 268.8960876464844
7.6 0.4 Waiting 19.706920623779297 158.11090087890625 56 552 148.0948028564453 217.21798706054688
7.6 0.6 Waiting 19.706920623779297 158.11090087890625 54 552 146.61285400390625 152.08103942871094
7.6 0.8 Waiting 21.116382598876953 146.28692626953125 53 546 71.85150146484375 104.78935241699219
7.6 1.0 Waiting 24.900625228881836 98.5990982055664 92 480 42.58308029174805 100.85977172851562
7.6 1.2 Waiting 24.900625228881836 98.5990982055664 94 480 43.16550064086914 40.01848220825195
7.6 1.4 Waiting 22.972599029541016 59.03926086425781 75 437 25.926231384277344 49.944095611572266
7.6 1.6 Waiting 22.972599029541016 59.03926086425781 73 390 20.493846893310547 12.911239624023438
7.6 1.8 Waiting 21.95037269592285 39.6768684387207 86 370 16.862585067749023 39.49208068847656
7.6 2.0 Waiting 21.489887237548828 33.865352630615234 92 309 16.40540885925293 15.602951049804688
7.6 2.2 Waiting 21.489887237548828 33.865352630615234 88 308 16.23578453063965 12.651434898376465
7.6 2.4 Waiting 23.813596725463867 28.90906524658203 91 262 10.650554656982422 14.452947616577148
7.6 2.6 Waiting 23.813596725463867 28.90906524658203 101 251 12.045330047607422 12.841736793518066
7.6 2.8 Waiting 20.19788932800293 25.548547744750977 83 223 12.493149757385254 10.14531421661377
7.6 3.0 Waiting 19.98247528076172 24.255643844604492 76 200 9.666267395019531 9.260912895202637
7.6 3.2 Waiting 19.98247528076172 24.255643844604492 92 181 8.701714515686035 10.626705169677734
7.6 3.4 Waiting 20.254322052001953 23.98063850402832 85 187 8.286843299865723 9.28974723815918
7.6 3.6 Waiting 20.254322052001953 23.98063850402832 73 172 9.608497619628906 9.791881561279297
7.6 3.8 Waiting 20.431507110595703 21.959388732910156 87 182 9.54345703125 10.084274291992188
7.6 4.0 Waiting 21.038381576538086 20.860830307006836 79 172 8.73424243927002 11.790267944335938
7.6 4.2 Waiting 21.038381576538086 20.860830307006836 77 140 7.66790771484375 10.274813652038574
7.6 4.4 Waiting 20.209630966186523 21.0313663482666 94 164 9.191793441772461 8.005091667175293
7.6 4.6 Waiting 20.209630966186523 21.0313663482666 85 151 6.819256782531738 9.184786796569824
7.6 4.8 Waiting 20.888036727905273 20.708274841308594 80 131 6.429246425628662 11.129497528076172
7.6 5.0 Waiting 20.717689514160156 20.346134185791016 89 123 9.242171287536621 7.708517074584961
7.6 5.2 Waiting 20.717689514160156 20.346134185791016 72 132 7.812990188598633 10.152435302734375
7.6 5.4 Waiting 20.85257911682129 20.15508270263672 84 117 6.845805644989014 8.671428680419922
7.6 5.6 Waiting 20.85257911682129 20.15508270263672 81 114 7.260106086730957 9.23160171508789
7.6 5.8 Waiting 20.410980224609375 20.21485137939453 89 120 6.5360846519470215 8.223063468933105
7.6 6.0 Waiting 20.314348220825195 20.238988876342773 69 97 7.329965114593506 8.363941192626953
7.6 6.2 Waiting 20.314348220825195 20.238988876342773 94 109 6.87856912612915 8.822667121887207
7.6 6.4 Waiting 20.651962280273438 20.105567932128906 88 96 7.47953462600708 8.668951034545898
7.6 6.6 Waiting 20.651962280273438 20.105567932128906 74 96 8.92193603515625 8.430625915527344
7.6 6.8 Waiting 20.74056625366211 20.105567932128906 66 102 7.055697441101074 9.40982437133789
7.6 7.0 Waiting 20.405519485473633 20.105567932128906 79 97 7.591238975524902 9.213946342468262
7.6 7.2 Waiting 20.405519485473633 20.105567932128906 89 88 9.239898681640625 7.805393695831299
7.6 7.4 Waiting 21.1274356842041 20.127574920654297 87 68 7.8077168464660645 9.473837852478027
7.6 7.6 Waiting 21.1274356842041 20.127574920654297 92 95 7.841659069061279 9.009115219116211
7.6 7.8 Waiting 21.413177490234375 20.127574920654297 71 82 10.354135513305664 7.967080593109131
7.6 8.0 Waiting 20.270456314086914 20.104379653930664 77 69 8.24160099029541 8.276407241821289
7.6 8.2 Waiting 20.270456314086914 20.104379653930664 92 82 8.1019868850708 8.033008575439453
7.6 8.4 Waiting 20.182645797729492 20.104379653930664 113 65 8.056320190429688 7.256928443908691
7.6 8.6 Waiting 20.182645797729492 20.104379653930664 89 74 8.179610252380371 8.429917335510254
7.6 8.8 Waiting 20.660015106201172 20.028093338012695 71 74 7.68634033203125 7.37062931060791
7.6 9.0 Waiting 21.436906814575195 20.143430709838867 91 62 8.052009582519531 7.17210578918457
7.6 9.2 Waiting 21.436906814575195 20.143430709838867 86 84 6.3191328048706055 8.376959800720215
7.6 9.4 Waiting 20.694578170776367 20.14730453491211 103 59 8.624489784240723 8.778189659118652
7.6 9.6 Waiting 20.694578170776367 20.14730453491211 93 64 9.303375244140625 6.794111728668213
7.6 9.8 Waiting 20.462900161743164 20.130874633789062 81 66 7.1052470207214355 8.228199005126953
7.6 10.0 Waiting 22.77587890625 19.78248405456543 64 61 6.29509162902832 10.961228370666504
7.8 0.2 Waiting 19.11308479309082 140.5424346923828 54 552 72.36624145507812 277.1634521484375
7.8 0.4 Waiting 19.11308479309082 140.5424346923828 52 552 84.78706359863281 222.61338806152344
7.8 0.6 Waiting 19.11308479309082 140.5424346923828 52 552 71.24567413330078 162.66952514648438
7.8 0.8 Waiting 20.039047241210938 137.44700622558594 66 540 83.0626449584961 113.59674072265625
7.8 1.0 Waiting 23.195919036865234 92.66311645507812 85 485 50.1801872253418 66.42858123779297
7.8 1.2 Waiting 23.195919036865234 92.66311645507812 91 474 46.17909622192383 25.641498565673828
7.8 1.4 Waiting 22.053333282470703 58.76389694213867 91 442 22.96737289428711 38.024932861328125
7.8 1.6 Waiting 22.053333282470703 58.76389694213867 63 405 21.44011116027832 15.210650444030762
7.8 1.8 Waiting 21.297119140625 38.40378189086914 83 340 16.24161148071289 12.81351375579834
7.8 2.0 Waiting 20.87747573852539 32.220245361328125 86 318 14.034920692443848 12.837698936462402
7.8 2.2 Waiting 20.87747573852539 32.220245361328125 79 292 12.274641990661621 12.958089828491211
7.8 2.4 Waiting 24.026920318603516 29.718168258666992 76 285 10.262218475341797 12.24713134765625
7.8 2.6 Waiting 24.026920318603516 29.718168258666992 88 225 11.86343002319336 10.368736267089844
7.8 2.8 Waiting 20.411212921142578 26.595033645629883 90 201 11.242785453796387 9.760510444641113
7.8 3.0 Waiting 20.195798873901367 25.310304641723633 74 199 12.256532669067383 8.440449714660645
7.8 3.2 Waiting 20.195798873901367 25.310304641723633 96 208 11.071571350097656 10.280866622924805
7.8 3.4 Waiting 20.4676456451416 25.04669189453125 91 202 11.905828475952148 10.253070831298828
7.8 3.6 Waiting 20.4676456451416 25.04669189453125 87 170 8.54766845703125 7.752701282501221
7.8 3.8 Waiting 20.64483070373535 23.035120010375977 63 162 10.278051376342773 9.054386138916016
7.8 4.0 Waiting 21.307451248168945 22.15501594543457 77 155 10.364402770996094 10.482497215270996
7.8 4.2 Waiting 21.307451248168945 22.15501594543457 73 163 7.601278305053711 10.469186782836914
7.8 4.4 Waiting 20.319089889526367 22.00560760498047 86 136 9.06427001953125 10.323116302490234
7.8 4.6 Waiting 20.319089889526367 22.00560760498047 99 140 9.43195915222168 8.666916847229004
7.8 4.8 Waiting 20.73708724975586 21.040708541870117 76 159 7.211268424987793 9.636856079101562
7.8 5.0 Waiting 20.566740036010742 20.475669860839844 97 125 10.210715293884277 9.104348182678223
7.8 5.2 Waiting 20.566740036010742 20.475669860839844 83 116 7.482705116271973 8.53792953491211
7.8 5.4 Waiting 20.701629638671875 20.258241653442383 108 121 7.941483497619629 8.540213584899902
7.8 5.6 Waiting 20.701629638671875 20.258241653442383 100 117 7.3215012550354 9.460046768188477
7.8 5.8 Waiting 20.26003074645996 20.318010330200195 75 111 5.5500898361206055 11.077838897705078
7.8 6.0 Waiting 20.212860107421875 20.342147827148438 70 101 7.725250244140625 8.525877952575684
7.8 6.2 Waiting 20.212860107421875 20.342147827148438 76 104 7.408145427703857 8.745172500610352
7.8 6.4 Waiting 20.38347625732422 20.20872688293457 80 105 8.183652877807617 8.165377616882324
7.8 6.6 Waiting 20.38347625732422 20.20872688293457 73 105 8.845078468322754 7.065982341766357
7.8 6.8 Waiting 20.47208023071289 20.20872688293457 85 106 7.409069061279297 7.941071033477783
7.8 7.0 Waiting 20.137033462524414 20.20872688293457 81 73 7.730196952819824 8.274105072021484
7.8 7.2 Waiting 20.137033462524414 20.20872688293457 90 91 7.4993367195129395 6.694089889526367
7.8 7.4 Waiting 20.858949661254883 20.23073387145996 82 81 7.6456074714660645 8.590459823608398
7.8 7.6 Waiting 20.858949661254883 20.23073387145996 86 80 8.48513412475586 9.134641647338867
7.8 7.8 Waiting 21.144691467285156 20.23073387145996 86 88 8.792562484741211 7.907690525054932
7.8 8.0 Waiting 20.001970291137695 20.207538604736328 73 90 7.738313674926758 8.705351829528809
7.8 8.2 Waiting 20.001970291137695 20.207538604736328 66 95 8.299400329589844 7.848316669464111
7.8 8.4 Waiting 19.914159774780273 20.207538604736328 64 81 8.68883228302002 9.292948722839355
7.8 8.6 Waiting 19.914159774780273 20.207538604736328 68 87 8.460796356201172 8.994747161865234
7.8 8.8 Waiting 20.41436767578125 20.13125228881836 93 71 8.365100860595703 8.536888122558594
7.8 9.0 Waiting 21.191259384155273 20.24658966064453 77 71 8.416805267333984 8.99665641784668
7.8 9.2 Waiting 21.191259384155273 20.24658966064453 83 68 7.644563674926758 8.560142517089844
7.8 9.4 Waiting 20.448930740356445 20.250463485717773 66 83 6.317722320556641 7.311888217926025
7.8 9.6 Waiting 20.448930740356445 20.250463485717773 86 71 9.454887390136719 8.590702056884766
7.8 9.8 Waiting 20.217252731323242 20.234033584594727 82 84 6.34841251373291 8.768226623535156
7.8 10.0 Waiting 20.064054489135742 19.874713897705078 92 68 8.751626968383789 9.269570350646973
8.0 0.2 Waiting 20.42826271057129 135.67494201660156 68 532 89.3209228515625 268.6196594238281
8.0 0.4 Waiting 20.42826271057129 135.67494201660156 72 532 86.01956939697266 220.1909637451172
8.0 0.6 Waiting 20.42826271057129 135.67494201660156 64 532 84.12359619140625 153.65365600585938
8.0 0.8 Waiting 21.192445755004883 147.9583740234375 55 544 81.55463409423828 121.31671142578125
8.0 1.0 Waiting 26.271459579467773 112.9892578125 74 494 47.90491485595703 70.46751403808594
8.0 1.2 Waiting 26.271459579467773 112.9892578125 66 492 54.212615966796875 25.7867488861084
8.0 1.4 Waiting 24.906475067138672 57.70252990722656 64 405 27.697052001953125 19.063766479492188
8.0 1.6 Waiting 24.906475067138672 57.70252990722656 98 419 25.4796085357666 40.46889114379883
8.0 1.8 Waiting 23.855554580688477 37.34241485595703 90 301 17.796777725219727 13.79184341430664
8.0 2.0 Waiting 24.716039657592773 31.597379684448242 83 295 12.865516662597656 17.797496795654297
8.0 2.2 Waiting 24.716039657592773 31.597379684448242 81 286 12.595048904418945 14.613286018371582
8.0 2.4 Waiting 24.971542358398438 29.367944717407227 79 284 12.33854866027832 17.58102035522461
8.0 2.6 Waiting 24.971542358398438 29.367944717407227 78 225 13.718926429748535 13.181808471679688
8.0 2.8 Waiting 21.031774520874023 26.244808197021484 84 205 11.337960243225098 10.532076835632324
8.0 3.0 Waiting 20.575237274169922 24.911617279052734 101 225 10.934657096862793 10.320673942565918
8.0 3.2 Waiting 20.575237274169922 24.911617279052734 69 195 9.532655715942383 9.84112548828125
8.0 3.4 Waiting 20.847084045410156 24.64800453186035 85 196 9.560713768005371 10.213955879211426
8.0 3.6 Waiting 20.847084045410156 24.64800453186035 79 174 10.3818998336792 9.844178199768066
8.0 3.8 Waiting 20.945558547973633 22.61874008178711 88 155 8.294119834899902 10.142372131347656
8.0 4.0 Waiting 21.608179092407227 21.738636016845703 85 139 7.09629487991333 9.45170783996582
8.0 4.2 Waiting 21.608179092407227 21.738636016845703 79 164 8.106341361999512 11.701139450073242
8.0 4.4 Waiting 20.196741104125977 21.5892276763916 69 151 8.30411148071289 9.720921516418457
8.0 4.6 Waiting 20.196741104125977 21.5892276763916 84 119 8.859251022338867 10.733824729919434
8.0 4.8 Waiting 20.61473846435547 20.975481033325195 77 126 7.68851375579834 10.71157455444336
8.0 5.0 Waiting 20.44439125061035 20.410442352294922 60 147 6.256399631500244 10.57405948638916
8.0 5.2 Waiting 20.44439125061035 20.410442352294922 63 103 7.103545665740967 9.519730567932129
8.0 5.4 Waiting 20.579280853271484 20.321163177490234 70 104 7.142262935638428 8.74089527130127
8.0 5.6 Waiting 20.579280853271484 20.321163177490234 72 112 7.480226516723633 9.769230842590332
8.0 5.8 Waiting 20.13768196105957 20.380931854248047 98 98 8.271082878112793 9.41244888305664
8.0 6.0 Waiting 20.090511322021484 20.419370651245117 70 96 6.102339744567871 6.688442707061768
8.0 6.2 Waiting 20.090511322021484 20.419370651245117 75 108 6.734335422515869 9.21088695526123
8.0 6.4 Waiting 20.428125381469727 20.28594970703125 84 88 7.497178077697754 6.892909049987793
8.0 6.6 Waiting 20.428125381469727 20.28594970703125 86 82 5.7741923332214355 7.548276424407959
8.0 6.8 Waiting 20.5167293548584 20.28594970703125 83 84 7.410004138946533 9.42922592163086
8.0 7.0 Waiting 20.181682586669922 20.28594970703125 69 98 6.815843105316162 8.229126930236816
8.0 7.2 Waiting 20.181682586669922 20.28594970703125 82 71 9.095996856689453 7.275946140289307
8.0 7.4 Waiting 20.941207885742188 20.30795669555664 84 96 8.285443305969238 10.161049842834473
8.0 7.6 Waiting 20.941207885742188 20.30795669555664 68 68 10.381251335144043 9.627558708190918
8.0 7.8 Waiting 21.22694969177246 20.30795669555664 78 88 7.724095344543457 7.164488315582275
8.0 8.0 Waiting 20.084228515625 20.284761428833008 69 79 6.985902309417725 10.08597469329834
8.0 8.2 Waiting 20.084228515625 20.284761428833008 88 71 8.14952564239502 8.251814842224121
8.0 8.4 Waiting 19.996417999267578 20.284761428833008 61 70 10.110254287719727 5.459113597869873
8.0 8.6 Waiting 19.996417999267578 20.284761428833008 78 62 8.255866050720215 8.437529563903809
8.0 8.8 Waiting 20.989648818969727 20.20847511291504 73 64 8.142782211303711 6.805300235748291
8.0 9.0 Waiting 21.578601837158203 20.702960968017578 79 80 5.856323719024658 9.242895126342773
8.0 9.2 Waiting 21.578601837158203 20.702960968017578 94 64 8.212451934814453 7.471735000610352
8.0 9.4 Waiting 20.836273193359375 20.45811653137207 75 83 7.324213981628418 10.38272762298584
8.0 9.6 Waiting 20.836273193359375 20.45811653137207 80 71 7.1683807373046875 10.812533378601074
8.0 9.8 Waiting 20.604595184326172 20.441686630249023 84 62 8.425410270690918 8.038658142089844
8.0 10.0 Waiting 20.336366653442383 20.082366943359375 75 47 8.962503433227539 7.826329231262207
8.2 0.2 Waiting 20.42826271057129 135.67494201660156 71 532 116.4507064819336 268.6127014160156
8.2 0.4 Waiting 20.42826271057129 135.67494201660156 72 532 101.77357482910156 220.82357788085938
8.2 0.6 Waiting 20.42826271057129 135.67494201660156 58 532 85.28999328613281 163.90199279785156
8.2 0.8 Waiting 21.192445755004883 147.9583740234375 53 544 75.38130950927734 103.82011413574219
8.2 1.0 Waiting 26.271459579467773 112.9892578125 67 494 52.311405181884766 87.17414855957031
8.2 1.2 Waiting 26.271459579467773 112.9892578125 81 486 48.54857635498047 47.662227630615234
8.2 1.4 Waiting 24.906475067138672 57.70252990722656 62 412 19.98737907409668 27.338945388793945
8.2 1.6 Waiting 24.906475067138672 57.70252990722656 80 352 25.3507080078125 13.626936912536621
8.2 1.8 Waiting 23.855554580688477 37.34241485595703 87 342 13.653234481811523 24.865842819213867
8.2 2.0 Waiting 24.716039657592773 31.597379684448242 83 293 11.3724946975708 18.230693817138672
8.2 2.2 Waiting 24.716039657592773 31.597379684448242 72 287 10.450189590454102 17.521657943725586
8.2 2.4 Waiting 24.971542358398438 29.367944717407227 73 238 9.13731861114502 12.238492965698242
8.2 2.6 Waiting 24.971542358398438 29.367944717407227 76 244 10.5218505859375 13.456464767456055
8.2 2.8 Waiting 21.031774520874023 26.244808197021484 73 222 9.700013160705566 9.58591365814209
8.2 3.0 Waiting 20.575237274169922 24.911617279052734 84 209 11.631400108337402 11.191899299621582
8.2 3.2 Waiting 20.575237274169922 24.911617279052734 80 205 8.367542266845703 11.43397045135498
8.2 3.4 Waiting 20.847084045410156 24.64800453186035 79 186 9.435911178588867 9.15581226348877
8.2 3.6 Waiting 20.847084045410156 24.64800453186035 75 162 11.231759071350098 8.948979377746582
8.2 3.8 Waiting 20.945558547973633 22.61874008178711 83 143 10.802533149719238 9.18043041229248
8.2 4.0 Waiting 21.608179092407227 21.738636016845703 62 153 8.245034217834473 10.020512580871582
8.2 4.2 Waiting 21.608179092407227 21.738636016845703 73 146 9.502668380737305 8.473318099975586
8.2 4.4 Waiting 20.196741104125977 21.5892276763916 71 151 9.351642608642578 9.70895004272461
8.2 4.6 Waiting 20.196741104125977 21.5892276763916 69 131 7.81256103515625 9.168466567993164
8.2 4.8 Waiting 20.61473846435547 20.975481033325195 82 143 9.961738586425781 12.325077056884766
8.2 5.0 Waiting 20.44439125061035 20.410442352294922 70 116 6.9746832847595215 10.004552841186523
8.2 5.2 Waiting 20.44439125061035 20.410442352294922 65 136 7.958868980407715 9.533201217651367
8.2 5.4 Waiting 20.579280853271484 20.321163177490234 62 127 7.384943008422852 9.983718872070312
8.2 5.6 Waiting 20.579280853271484 20.321163177490234 71 101 6.454395294189453 8.282388687133789
8.2 5.8 Waiting 20.13768196105957 20.380931854248047 59 116 6.675610542297363 8.6027250289917
8.2 6.0 Waiting 20.090511322021484 20.419370651245117 78 102 7.358824729919434 8.412476539611816
8.2 6.2 Waiting 20.090511322021484 20.419370651245117 62 107 8.155028343200684 7.727259635925293
8.2 6.4 Waiting 20.428125381469727 20.28594970703125 76 93 8.330960273742676 8.289134979248047
8.2 6.6 Waiting 20.428125381469727 20.28594970703125 94 108 6.804862976074219 9.41578197479248
8.2 6.8 Waiting 20.5167293548584 20.28594970703125 73 113 8.302796363830566 8.879446983337402
8.2 7.0 Waiting 20.181682586669922 20.28594970703125 89 83 7.543722629547119 8.292337417602539
8.2 7.2 Waiting 20.181682586669922 20.28594970703125 76 70 7.619795322418213 7.497982501983643
8.2 7.4 Waiting 20.941207885742188 20.30795669555664 78 82 7.56030797958374 8.672443389892578
8.2 7.6 Waiting 20.941207885742188 20.30795669555664 73 82 9.06929874420166 9.803755760192871
8.2 7.8 Waiting 21.22694969177246 20.30795669555664 73 72 8.05699634552002 10.192821502685547
8.2 8.0 Waiting 20.084228515625 20.284761428833008 80 87 10.24424934387207 7.685410976409912
8.2 8.2 Waiting 20.084228515625 20.284761428833008 71 69 7.2720842361450195 6.881005764007568
8.2 8.4 Waiting 19.996417999267578 20.284761428833008 94 62 7.708402633666992 7.832911968231201
8.2 8.6 Waiting 19.996417999267578 20.284761428833008 89 66 8.561678886413574 9.911056518554688
8.2 8.8 Waiting 20.989648818969727 20.20847511291504 68 53 9.374114990234375 9.48715877532959
8.2 9.0 Waiting 21.578601837158203 20.702960968017578 94 77 8.067031860351562 7.6748433113098145
8.2 9.2 Waiting 21.578601837158203 20.702960968017578 67 60 9.22126293182373 8.440325736999512
8.2 9.4 Waiting 20.836273193359375 20.45811653137207 72 63 9.76755142211914 8.678009986877441
8.2 9.6 Waiting 20.836273193359375 20.45811653137207 68 60 7.547365188598633 7.518233299255371
8.2 9.8 Waiting 20.604595184326172 20.441686630249023 78 68 8.230189323425293 9.424057960510254
8.2 10.0 Waiting 20.336366653442383 20.082366943359375 77 58 8.5389986038208 6.876772880554199
8.4 0.2 Waiting 19.60724449157715 152.0542449951172 54 553 106.36566925048828 270.58319091796875
8.4 0.4 Waiting 19.60724449157715 152.0542449951172 54 553 123.54023742675781 218.35980224609375
8.4 0.6 Waiting 19.60724449157715 152.0542449951172 56 553 120.89405822753906 172.19053649902344
8.4 0.8 Waiting 20.371427536010742 150.28668212890625 56 549 102.85090637207031 110.11172485351562
8.4 1.0 Waiting 23.964988708496094 92.59111022949219 69 481 47.616573333740234 71.39054870605469
8.4 1.2 Waiting 23.964988708496094 92.59111022949219 67 481 36.8470344543457 34.595130920410156
8.4 1.4 Waiting 24.018388748168945 57.62290573120117 78 419 24.43400001525879 26.21534538269043
8.4 1.6 Waiting 24.018388748168945 57.62290573120117 84 386 26.325546264648438 20.344289779663086
8.4 1.8 Waiting 22.96746826171875 37.26279067993164 69 347 12.787545204162598 18.600574493408203
8.4 2.0 Waiting 22.925844192504883 31.597379684448242 72 311 11.627095222473145 16.219192504882812
8.4 2.2 Waiting 22.925844192504883 31.597379684448242 63 278 17.077983856201172 14.38965892791748
8.4 2.4 Waiting 21.60542869567871 29.879554748535156 93 252 12.281316757202148 10.647194862365723
8.4 2.6 Waiting 21.60542869567871 29.879554748535156 89 225 10.471515655517578 10.698368072509766
8.4 2.8 Waiting 21.81148338317871 26.756420135498047 75 191 10.253430366516113 10.38160514831543
8.4 3.0 Waiting 21.35494613647461 24.799922943115234 70 199 9.457560539245605 9.535741806030273
8.4 3.2 Waiting 21.35494613647461 24.799922943115234 78 188 8.794480323791504 10.169327735900879
8.4 3.4 Waiting 21.626792907714844 24.53631019592285 88 190 10.240039825439453 11.363432884216309
8.4 3.6 Waiting 21.626792907714844 24.53631019592285 72 171 8.986715316772461 9.824149131774902
8.4 3.8 Waiting 21.43937110900879 22.50704574584961 64 161 8.010372161865234 9.738810539245605
8.4 4.0 Waiting 22.101991653442383 21.738636016845703 75 169 4.594463348388672 11.189849853515625
8.4 4.2 Waiting 22.101991653442383 21.738636016845703 83 136 8.895148277282715 10.870697021484375
8.4 4.4 Waiting 20.690553665161133 21.5892276763916 80 164 9.240715026855469 10.464445114135742
8.4 4.6 Waiting 20.690553665161133 21.5892276763916 79 137 8.401246070861816 11.619762420654297
8.4 4.8 Waiting 21.108551025390625 20.975481033325195 78 120 7.577043533325195 7.6536407470703125
8.4 5.0 Waiting 20.613037109375 20.410442352294922 75 100 6.3351054191589355 9.675164222717285
8.4 5.2 Waiting 20.613037109375 20.410442352294922 77 125 8.177685737609863 9.92142391204834
8.4 5.4 Waiting 20.747926712036133 20.321163177490234 76 113 7.086559772491455 9.145618438720703
8.4 5.6 Waiting 20.747926712036133 20.321163177490234 85 115 7.427541255950928 9.386421203613281
8.4 5.8 Waiting 20.30632781982422 20.380931854248047 74 119 9.449098587036133 7.593160629272461
8.4 6.0 Waiting 20.259157180786133 20.419370651245117 89 102 6.241633892059326 8.894848823547363
8.4 6.2 Waiting 20.259157180786133 20.419370651245117 89 112 6.56809139251709 9.364286422729492
8.4 6.4 Waiting 20.596771240234375 20.28594970703125 87 98 6.762154579162598 8.534334182739258
8.4 6.6 Waiting 20.596771240234375 20.28594970703125 72 102 7.957230567932129 9.13930606842041
8.4 6.8 Waiting 20.693635940551758 20.28594970703125 63 73 9.545024871826172 9.437538146972656
8.4 7.0 Waiting 20.35858917236328 20.28594970703125 77 110 9.982726097106934 8.705853462219238
8.4 7.2 Waiting 20.35858917236328 20.28594970703125 79 98 9.57641315460205 7.5781121253967285
8.4 7.4 Waiting 21.1440486907959 20.30795669555664 86 87 7.038651466369629 8.976662635803223
8.4 7.6 Waiting 21.1440486907959 20.30795669555664 75 72 6.936721324920654 9.79454517364502
8.4 7.8 Waiting 21.429790496826172 20.30795669555664 72 87 7.389506816864014 8.398262977600098
8.4 8.0 Waiting 20.28706932067871 20.284761428833008 70 72 7.196362018585205 7.191042423248291
8.4 8.2 Waiting 20.28706932067871 20.284761428833008 80 76 8.86841106414795 9.763628005981445
8.4 8.4 Waiting 20.19925880432129 20.284761428833008 86 76 9.223607063293457 9.128084182739258
8.4 8.6 Waiting 20.19925880432129 20.284761428833008 94 76 8.29267692565918 9.688474655151367
8.4 8.8 Waiting 21.192489624023438 20.20847511291504 70 69 7.829753875732422 7.081699371337891
8.4 9.0 Waiting 21.999237060546875 20.480863571166992 69 89 7.73028564453125 11.7398681640625
8.4 9.2 Waiting 21.999237060546875 20.480863571166992 71 78 7.359628677368164 9.180912971496582
8.4 9.4 Waiting 21.256908416748047 20.46699333190918 78 64 6.300057411193848 8.672907829284668
8.4 9.6 Waiting 21.256908416748047 20.46699333190918 78 65 7.345418930053711 7.668094158172607
8.4 9.8 Waiting 21.240732192993164 20.450563430786133 96 58 7.529565334320068 8.424884796142578
8.4 10.0 Waiting 20.64017105102539 20.091243743896484 74 71 8.285741806030273 8.804235458374023
8.6 0.2 Waiting 19.60724449157715 152.0542449951172 54 553 110.43931579589844 275.0022277832031
8.6 0.4 Waiting 19.60724449157715 152.0542449951172 51 553 100.95984649658203 212.1714630126953
8.6 0.6 Waiting 19.60724449157715 152.0542449951172 53 553 144.1564483642578 171.66714477539062
8.6 0.8 Waiting 20.371427536010742 150.28668212890625 47 549 69.86762237548828 132.2158966064453
8.6 1.0 Waiting 23.964988708496094 92.59111022949219 57 481 36.283695220947266 104.38265991210938
8.6 1.2 Waiting 23.964988708496094 92.59111022949219 55 481 44.865150451660156 45.3992919921875
8.6 1.4 Waiting 24.018388748168945 57.62290573120117 73 427 23.90468406677246 36.99027633666992
8.6 1.6 Waiting 24.018388748168945 57.62290573120117 70 393 25.480934143066406 15.401134490966797
8.6 1.8 Waiting 22.96746826171875 37.26279067993164 91 340 14.87303638458252 20.073589324951172
8.6 2.0 Waiting 22.925844192504883 31.597379684448242 75 316 13.167627334594727 16.323230743408203
8.6 2.2 Waiting 22.925844192504883 31.597379684448242 71 294 12.323765754699707 15.609808921813965
8.6 2.4 Waiting 21.60542869567871 29.879554748535156 76 269 13.3977632522583 11.296655654907227
8.6 2.6 Waiting 21.60542869567871 29.879554748535156 76 233 13.704535484313965 11.54985523223877
8.6 2.8 Waiting 21.81148338317871 26.756420135498047 74 244 12.994667053222656 11.561153411865234
8.6 3.0 Waiting 21.35494613647461 24.799922943115234 72 199 10.983089447021484 10.396317481994629
8.6 3.2 Waiting 21.35494613647461 24.799922943115234 71 201 8.188596725463867 12.080589294433594
8.6 3.4 Waiting 21.626792907714844 24.53631019592285 71 174 9.768033981323242 9.80399227142334
8.6 3.6 Waiting 21.626792907714844 24.53631019592285 61 157 9.712958335876465 8.816749572753906
8.6 3.8 Waiting 21.43937110900879 22.50704574584961 88 164 7.036126613616943 10.468648910522461
8.6 4.0 Waiting 22.101991653442383 21.738636016845703 84 159 6.7568511962890625 11.245725631713867
8.6 4.2 Waiting 22.101991653442383 21.738636016845703 75 141 9.574904441833496 11.435041427612305
8.6 4.4 Waiting 20.690553665161133 21.5892276763916 71 148 11.722402572631836 10.920893669128418
8.6 4.6 Waiting 20.690553665161133 21.5892276763916 68 145 9.408466339111328 10.977988243103027
8.6 4.8 Waiting 21.108551025390625 20.975481033325195 89 141 7.916324138641357 9.792551040649414
8.6 5.0 Waiting 20.613037109375 20.410442352294922 73 110 6.591533184051514 8.752240180969238
8.6 5.2 Waiting 20.613037109375 20.410442352294922 87 122 9.66411018371582 9.025632858276367
8.6 5.4 Waiting 20.747926712036133 20.321163177490234 71 116 6.633397579193115 10.882025718688965
8.6 5.6 Waiting 20.747926712036133 20.321163177490234 79 108 7.770681858062744 7.838955402374268
8.6 5.8 Waiting 20.30632781982422 20.380931854248047 77 110 7.229255199432373 9.8413724899292
8.6 6.0 Waiting 20.259157180786133 20.419370651245117 80 87 9.090043067932129 9.450653076171875
8.6 6.2 Waiting 20.259157180786133 20.419370651245117 69 108 7.937366485595703 8.452718734741211
8.6 6.4 Waiting 20.596771240234375 20.28594970703125 89 98 6.9160637855529785 7.782447814941406
8.6 6.6 Waiting 20.596771240234375 20.28594970703125 70 97 8.557785034179688 7.614187240600586
8.6 6.8 Waiting 20.693635940551758 20.28594970703125 78 96 6.268183708190918 7.082211971282959
8.6 7.0 Waiting 20.35858917236328 20.28594970703125 76 85 9.703917503356934 10.499687194824219
8.6 7.2 Waiting 20.35858917236328 20.28594970703125 77 102 8.514500617980957 9.406095504760742
8.6 7.4 Waiting 21.1440486907959 20.30795669555664 69 85 8.452951431274414 7.982573986053467
8.6 7.6 Waiting 21.1440486907959 20.30795669555664 59 79 6.366672039031982 7.345479965209961
8.6 7.8 Waiting 21.429790496826172 20.30795669555664 85 73 8.158598899841309 10.328384399414062
8.6 8.0 Waiting 20.28706932067871 20.284761428833008 82 78 8.076570510864258 9.317084312438965
8.6 8.2 Waiting 20.28706932067871 20.284761428833008 72 82 8.396566390991211 8.350666999816895
8.6 8.4 Waiting 20.19925880432129 20.284761428833008 67 78 7.518919944763184 9.512297630310059
8.6 8.6 Waiting 20.19925880432129 20.284761428833008 63 76 8.344096183776855 9.675987243652344
8.6 8.8 Waiting 21.192489624023438 20.20847511291504 78 84 6.880198955535889 8.425533294677734
8.6 9.0 Waiting 21.999237060546875 20.480863571166992 65 72 8.619439125061035 7.596756935119629
8.6 9.2 Waiting 21.999237060546875 20.480863571166992 59 83 6.43802547454834 10.700859069824219
8.6 9.4 Waiting 21.256908416748047 20.46699333190918 82 78 9.854705810546875 9.453072547912598
8.6 9.6 Waiting 21.256908416748047 20.46699333190918 73 57 5.897343158721924 8.249738693237305
8.6 9.8 Waiting 21.240732192993164 20.450563430786133 85 60 7.843619346618652 9.143024444580078
8.6 10.0 Waiting 20.64017105102539 20.091243743896484 76 55 7.012818813323975 7.538404941558838
8.8 0.2 Waiting 19.683000564575195 150.01634216308594 51 553 71.51507568359375 271.57373046875
8.8 0.4 Waiting 19.683000564575195 150.01634216308594 53 553 98.64600372314453 211.6671905517578
8.8 0.6 Waiting 19.683000564575195 150.01634216308594 52 553 109.88240051269531 163.75027465820312
8.8 0.8 Waiting 20.44718360900879 149.13778686523438 59 549 86.29025268554688 103.65050506591797
8.8 1.0 Waiting 23.9175968170166 97.13417053222656 74 483 43.873165130615234 83.2648696899414
8.8 1.2 Waiting 23.9175968170166 97.13417053222656 79 481 50.409759521484375 26.00098991394043
8.8 1.4 Waiting 23.970996856689453 62.929161071777344 70 416 23.8699951171875 28.747802734375
8.8 1.6 Waiting 23.970996856689453 62.929161071777344 73 364 25.858013153076172 11.964956283569336
8.8 1.8 Waiting 22.617225646972656 39.53107452392578 74 348 20.110239028930664 14.356894493103027
8.8 2.0 Waiting 25.109596252441406 40.150787353515625 70 330 13.89735221862793 15.252127647399902
8.8 2.2 Waiting 25.109596252441406 40.150787353515625 62 274 13.556538581848145 11.79730224609375
8.8 2.4 Waiting 22.186634063720703 29.751087188720703 76 259 11.662631034851074 12.54130744934082
8.8 2.6 Waiting 22.186634063720703 29.751087188720703 60 232 11.035299301147461 9.214372634887695
8.8 2.8 Waiting 20.661718368530273 26.71487045288086 69 229 10.050971031188965 10.291830062866211
8.8 3.0 Waiting 20.693767547607422 25.585960388183594 93 215 11.944178581237793 9.414634704589844
8.8 3.2 Waiting 20.693767547607422 25.585960388183594 73 189 11.115015983581543 10.182879447937012
8.8 3.4 Waiting 20.85105323791504 25.296987533569336 60 192 9.548355102539062 9.482902526855469
8.8 3.6 Waiting 20.85105323791504 25.296987533569336 71 163 9.801374435424805 8.818584442138672
8.8 3.8 Waiting 21.02823829650879 23.26772117614746 84 166 8.948995590209961 9.179183006286621
8.8 4.0 Waiting 21.732460021972656 22.499311447143555 74 150 7.633810520172119 8.916089057922363
8.8 4.2 Waiting 21.732460021972656 22.499311447143555 64 138 7.192110538482666 10.745984077453613
8.8 4.4 Waiting 20.1356258392334 22.662187576293945 68 145 10.78261947631836 7.362697124481201
8.8 4.6 Waiting 20.1356258392334 22.662187576293945 82 158 7.082749366760254 9.381780624389648
8.8 4.8 Waiting 20.527217864990234 22.04844093322754 66 116 7.981104850769043 7.727123260498047
8.8 5.0 Waiting 20.356870651245117 20.064098358154297 79 113 8.729448318481445 9.315023422241211
8.8 5.2 Waiting 20.356870651245117 20.064098358154297 74 133 7.710503578186035 8.821836471557617
8.8 5.4 Waiting 20.49176025390625 19.99532699584961 61 121 6.470783233642578 9.064885139465332
8.8 5.6 Waiting 20.49176025390625 19.99532699584961 75 130 7.3350300788879395 10.883111000061035
8.8 5.8 Waiting 20.050161361694336 20.055095672607422 82 129 8.246910095214844 9.213115692138672
8.8 6.0 Waiting 20.00299072265625 20.093534469604492 72 108 5.714702129364014 8.773462295532227
8.8 6.2 Waiting 20.00299072265625 20.093534469604492 68 90 6.4459919929504395 7.262189865112305
8.8 6.4 Waiting 20.340604782104492 19.960113525390625 76 107 8.389492988586426 10.085628509521484
8.8 6.6 Waiting 20.340604782104492 19.960113525390625 63 93 5.71101713180542 9.132818222045898
8.8 6.8 Waiting 20.552663803100586 19.960113525390625 97 80 7.327544212341309 11.08540153503418
8.8 7.0 Waiting 20.21761703491211 19.960113525390625 81 97 8.47134017944336 8.812585830688477
8.8 7.2 Waiting 20.21761703491211 19.960113525390625 61 95 8.048232078552246 7.6628875732421875
8.8 7.4 Waiting 20.861589431762695 19.982120513916016 56 87 6.412833213806152 9.600574493408203
8.8 7.6 Waiting 20.861589431762695 19.982120513916016 68 89 8.486555099487305 9.503089904785156
8.8 7.8 Waiting 21.14733123779297 19.982120513916016 71 73 7.416023254394531 8.343122482299805
8.8 8.0 Waiting 20.370136260986328 19.958925247192383 69 86 7.08230447769165 8.754438400268555
8.8 8.2 Waiting 20.370136260986328 19.958925247192383 58 80 8.929006576538086 9.38495922088623
8.8 8.4 Waiting 20.282325744628906 19.958925247192383 72 77 7.301183223724365 8.554625511169434
8.8 8.6 Waiting 20.282325744628906 19.958925247192383 72 76 7.591211318969727 9.565469741821289
8.8 8.8 Waiting 20.99414825439453 19.882638931274414 64 72 7.45456600189209 7.51674747467041
8.8 9.0 Waiting 21.701173782348633 20.155027389526367 71 75 6.577875137329102 9.985505104064941
8.8 9.2 Waiting 21.701173782348633 20.155027389526367 86 66 7.316353797912598 8.094991683959961
8.8 9.4 Waiting 20.958845138549805 20.141157150268555 72 75 8.894265174865723 9.07463264465332
8.8 9.6 Waiting 20.958845138549805 20.141157150268555 69 58 7.441415309906006 7.759978771209717
8.8 9.8 Waiting 20.722841262817383 20.124727249145508 93 61 9.390533447265625 7.66654634475708
8.8 10.0 Waiting 20.34210777282715 19.91492462158203 70 58 9.309860229492188 9.821413040161133
9.0 0.2 Waiting 19.683000564575195 157.9824676513672 54 550 155.9586181640625 271.7464904785156
9.0 0.4 Waiting 19.683000564575195 157.9824676513672 55 550 127.0487289428711 218.55145263671875
9.0 0.6 Waiting 19.683000564575195 157.9824676513672 52 550 135.90463256835938 165.9466552734375
9.0 0.8 Waiting 20.44718360900879 157.58937072753906 53 548 79.45561218261719 119.87547302246094
9.0 1.0 Waiting 23.9175968170166 104.94134521484375 52 506 46.08192825317383 98.7652816772461
9.0 1.2 Waiting 23.9175968170166 104.94134521484375 65 501 45.95499038696289 17.302265167236328
9.0 1.4 Waiting 23.970996856689453 63.685340881347656 74 399 31.801803588867188 16.388452529907227
9.0 1.6 Waiting 23.970996856689453 63.685340881347656 85 351 28.144779205322266 12.267108917236328
9.0 1.8 Waiting 22.617225646972656 40.38200759887695 64 306 18.816158294677734 12.570289611816406
9.0 2.0 Waiting 25.109596252441406 41.31407928466797 85 298 16.618389129638672 13.530770301818848
9.0 2.2 Waiting 25.109596252441406 41.31407928466797 79 294 14.986612319946289 11.962386131286621
9.0 2.4 Waiting 22.186634063720703 29.6758975982666 72 270 12.308329582214355 13.396958351135254
9.0 2.6 Waiting 22.186634063720703 29.6758975982666 74 259 12.489801406860352 18.35040855407715
9.0 2.8 Waiting 20.661718368530273 26.639678955078125 75 248 9.599719047546387 12.189106941223145
9.0 3.0 Waiting 20.693767547607422 25.510772705078125 71 199 10.844035148620605 7.98587703704834
9.0 3.2 Waiting 20.693767547607422 25.510772705078125 73 188 10.996442794799805 9.867074966430664
9.0 3.4 Waiting 20.85105323791504 25.2217960357666 69 204 12.36369800567627 9.218629837036133
9.0 3.6 Waiting 20.85105323791504 25.2217960357666 80 189 12.934076309204102 9.47180461883545
9.0 3.8 Waiting 21.02823829650879 23.19253158569336 58 189 9.543664932250977 9.848139762878418
9.0 4.0 Waiting 21.732460021972656 22.424121856689453 67 178 7.485918045043945 11.746525764465332
9.0 4.2 Waiting 21.732460021972656 22.424121856689453 76 143 7.079850673675537 9.351778030395508
9.0 4.4 Waiting 20.1356258392334 22.586997985839844 68 152 9.81775951385498 10.019254684448242
9.0 4.6 Waiting 20.1356258392334 22.586997985839844 58 142 8.892891883850098 7.9190545082092285
9.0 4.8 Waiting 20.527217864990234 21.973251342773438 69 128 9.702008247375488 9.167484283447266
9.0 5.0 Waiting 20.356870651245117 20.064098358154297 72 113 7.80968713760376 7.69290018081665
9.0 5.2 Waiting 20.356870651245117 20.064098358154297 58 113 6.205766677856445 9.047442436218262
9.0 5.4 Waiting 20.49176025390625 19.99532699584961 66 127 7.8320231437683105 7.641033172607422
9.0 5.6 Waiting 20.49176025390625 19.99532699584961 72 92 6.8038330078125 9.459122657775879
9.0 5.8 Waiting 20.050161361694336 20.055095672607422 79 103 7.098519325256348 8.93661117553711
9.0 6.0 Waiting 20.00299072265625 20.093534469604492 70 102 8.648528099060059 6.694109916687012
9.0 6.2 Waiting 20.00299072265625 20.093534469604492 77 96 8.087990760803223 10.096940040588379
9.0 6.4 Waiting 20.340604782104492 19.960113525390625 80 112 7.382453918457031 8.183819770812988
9.0 6.6 Waiting 20.340604782104492 19.960113525390625 65 78 6.477780818939209 9.653532981872559
9.0 6.8 Waiting 20.552663803100586 19.960113525390625 58 89 6.958918571472168 9.884547233581543
9.0 7.0 Waiting 20.396759033203125 19.960113525390625 65 84 5.653860092163086 9.941490173339844
9.0 7.2 Waiting 20.396759033203125 19.960113525390625 72 90 7.75062894821167 8.844696998596191
9.0 7.4 Waiting 21.660730361938477 19.982120513916016 75 78 6.756307601928711 10.1823091506958
9.0 7.6 Waiting 21.660730361938477 19.982120513916016 65 84 7.39640998840332 11.130708694458008
9.0 7.8 Waiting 21.94647216796875 19.982120513916016 85 93 6.653537750244141 8.14993667602539
9.0 8.0 Waiting 20.32643699645996 19.958925247192383 62 104 7.9805145263671875 9.50765609741211
9.0 8.2 Waiting 20.32643699645996 19.958925247192383 63 91 7.112105369567871 9.013372421264648
9.0 8.4 Waiting 20.23862648010254 19.958925247192383 73 87 5.821267127990723 11.956857681274414
9.0 8.6 Waiting 20.23862648010254 19.958925247192383 74 86 7.550795078277588 9.524157524108887
9.0 8.8 Waiting 20.634817123413086 19.882638931274414 84 78 5.675374507904053 8.690937995910645
9.0 9.0 Waiting 21.341842651367188 20.155027389526367 70 64 6.354430675506592 8.290468215942383
9.0 9.2 Waiting 21.341842651367188 20.155027389526367 71 56 6.769049167633057 9.745904922485352
9.0 9.4 Waiting 20.59951400756836 20.141157150268555 84 72 6.93721866607666 8.914289474487305
9.0 9.6 Waiting 20.59951400756836 20.141157150268555 58 57 5.281012535095215 8.364914894104004
9.0 9.8 Waiting 20.363510131835938 20.124727249145508 61 65 7.157013893127441 8.255741119384766
9.0 10.0 Waiting 20.119266510009766 19.91492462158203 81 57 7.879696846008301 5.638253211975098
9.2 0.2 Waiting 19.683000564575195 157.9824676513672 53 550 117.24534606933594 270.88616943359375
9.2 0.4 Waiting 19.683000564575195 157.9824676513672 57 550 86.5994873046875 221.4552459716797
9.2 0.6 Waiting 19.683000564575195 157.9824676513672 56 550 87.14649963378906 153.12872314453125
9.2 0.8 Waiting 20.44718360900879 157.58937072753906 59 548 119.04700469970703 110.16227722167969
9.2 1.0 Waiting 23.9175968170166 104.94134521484375 63 506 58.929344177246094 88.6881103515625
9.2 1.2 Waiting 23.9175968170166 104.94134521484375 67 506 52.221282958984375 28.068185806274414
9.2 1.4 Waiting 23.970996856689453 63.685340881347656 73 422 25.080705642700195 14.67135238647461
9.2 1.6 Waiting 23.970996856689453 63.685340881347656 80 361 26.052410125732422 12.748862266540527
9.2 1.8 Waiting 22.617225646972656 40.38200759887695 75 380 15.019169807434082 29.369789123535156
9.2 2.0 Waiting 25.109596252441406 41.31407928466797 70 338 15.888839721679688 15.877233505249023
9.2 2.2 Waiting 25.109596252441406 41.31407928466797 66 307 19.08154296875 11.83257007598877
9.2 2.4 Waiting 22.186634063720703 29.6758975982666 65 258 10.255362510681152 12.177090644836426
9.2 2.6 Waiting 22.186634063720703 29.6758975982666 72 247 9.988823890686035 12.261216163635254
9.2 2.8 Waiting 20.661718368530273 26.639678955078125 65 247 11.176900863647461 10.85758113861084
9.2 3.0 Waiting 20.693767547607422 25.510772705078125 83 223 9.788464546203613 12.27243709564209
9.2 3.2 Waiting 20.693767547607422 25.510772705078125 68 194 10.46010971069336 9.496325492858887
9.2 3.4 Waiting 20.85105323791504 25.2217960357666 67 200 11.508705139160156 10.76163101196289
9.2 3.6 Waiting 20.85105323791504 25.2217960357666 74 204 11.4814453125 10.520071983337402
9.2 3.8 Waiting 21.02823829650879 23.19253158569336 70 171 7.980703353881836 10.099265098571777
9.2 4.0 Waiting 21.732460021972656 22.424121856689453 55 167 6.1988205909729 10.64687442779541
9.2 4.2 Waiting 21.732460021972656 22.424121856689453 65 118 9.199939727783203 10.200882911682129
9.2 4.4 Waiting 20.1356258392334 22.586997985839844 72 132 7.459606647491455 9.27037525177002
9.2 4.6 Waiting 20.1356258392334 22.586997985839844 63 142 8.303292274475098 9.077484130859375
9.2 4.8 Waiting 20.527217864990234 21.973251342773438 50 144 7.072248458862305 8.817949295043945
9.2 5.0 Waiting 20.356870651245117 20.064098358154297 73 121 6.630514621734619 7.9093732833862305
9.2 5.2 Waiting 20.356870651245117 20.064098358154297 74 127 8.505277633666992 9.979747772216797
9.2 5.4 Waiting 20.49176025390625 19.99532699584961 83 113 6.877962112426758 8.750633239746094
9.2 5.6 Waiting 20.49176025390625 19.99532699584961 80 112 7.851912498474121 10.587295532226562
9.2 5.8 Waiting 20.050161361694336 20.055095672607422 72 112 7.012838363647461 7.337597846984863
9.2 6.0 Waiting 20.00299072265625 20.093534469604492 70 107 7.962228775024414 7.3638410568237305
9.2 6.2 Waiting 20.00299072265625 20.093534469604492 62 107 9.507912635803223 9.060356140136719
9.2 6.4 Waiting 20.340604782104492 19.960113525390625 69 113 7.032017707824707 8.92656135559082
9.2 6.6 Waiting 20.340604782104492 19.960113525390625 67 98 6.856847763061523 9.80098819732666
9.2 6.8 Waiting 20.552663803100586 19.960113525390625 64 110 7.739041328430176 8.379297256469727
9.2 7.0 Waiting 20.396759033203125 19.960113525390625 76 95 7.2909770011901855 9.064827919006348
9.2 7.2 Waiting 20.396759033203125 19.960113525390625 68 81 9.783356666564941 8.77013111114502
9.2 7.4 Waiting 21.660730361938477 19.982120513916016 64 87 6.537258625030518 9.834625244140625
9.2 7.6 Waiting 21.660730361938477 19.982120513916016 72 79 6.746984958648682 9.21169662475586
9.2 7.8 Waiting 21.94647216796875 19.982120513916016 67 79 7.682092666625977 7.8872222900390625
9.2 8.0 Waiting 20.32643699645996 19.958925247192383 64 96 7.176876068115234 9.248963356018066
9.2 8.2 Waiting 20.32643699645996 19.958925247192383 77 78 9.285086631774902 8.105856895446777
9.2 8.4 Waiting 20.23862648010254 19.958925247192383 85 83 7.9007487297058105 9.858221054077148
9.2 8.6 Waiting 20.23862648010254 19.958925247192383 65 70 8.230499267578125 8.56368350982666
9.2 8.8 Waiting 20.634817123413086 19.882638931274414 61 73 7.147727966308594 7.339657306671143
9.2 9.0 Waiting 21.341842651367188 20.155027389526367 81 61 7.832592487335205 8.039731979370117
9.2 9.2 Waiting 21.341842651367188 20.155027389526367 69 72 8.213184356689453 7.821181297302246
9.2 9.4 Waiting 20.59951400756836 20.141157150268555 48 72 8.747132301330566 7.924345970153809
9.2 9.6 Waiting 20.59951400756836 20.141157150268555 66 63 7.308497905731201 8.354789733886719
9.2 9.8 Waiting 20.363510131835938 20.124727249145508 64 68 8.355759620666504 9.458290100097656
9.2 10.0 Waiting 20.119266510009766 19.91492462158203 66 50 8.2379789352417 7.194488525390625
9.4 0.2 Waiting 19.683000564575195 158.54981994628906 54 551 92.0572738647461 269.3275451660156
9.4 0.4 Waiting 19.683000564575195 158.54981994628906 54 551 92.76490020751953 210.65524291992188
9.4 0.6 Waiting 19.683000564575195 158.54981994628906 54 551 118.66771697998047 152.00326538085938
9.4 0.8 Waiting 20.44718360900879 153.446044921875 54 548 71.95723724365234 96.45814514160156
9.4 1.0 Waiting 22.895662307739258 106.18247985839844 70 514 63.79900360107422 53.38814163208008
9.4 1.2 Waiting 22.895662307739258 106.18247985839844 58 488 40.97483825683594 15.944074630737305
9.4 1.4 Waiting 24.151142120361328 63.88175964355469 61 427 24.572153091430664 25.244028091430664
9.4 1.6 Waiting 24.151142120361328 63.88175964355469 75 397 28.39177131652832 12.908068656921387
9.4 1.8 Waiting 22.813508987426758 40.39474105834961 61 302 21.608774185180664 12.333456039428711
9.4 2.0 Waiting 25.305879592895508 41.186100006103516 66 324 17.534364700317383 16.717124938964844
9.4 2.2 Waiting 25.305879592895508 41.186100006103516 58 294 17.551639556884766 11.77017879486084
9.4 2.4 Waiting 22.564809799194336 29.433218002319336 58 263 12.626391410827637 12.692980766296387
9.4 2.6 Waiting 22.564809799194336 29.433218002319336 74 242 11.720022201538086 10.382316589355469
9.4 2.8 Waiting 21.039894104003906 26.288118362426758 69 208 9.052978515625 9.527644157409668
9.4 3.0 Waiting 20.890050888061523 25.435768127441406 75 240 11.234843254089355 10.885252952575684
9.4 3.2 Waiting 20.890050888061523 25.435768127441406 71 200 9.037930488586426 10.153485298156738
9.4 3.4 Waiting 21.04733657836914 25.146793365478516 65 187 9.15019702911377 9.32348918914795
9.4 3.6 Waiting 21.04733657836914 25.146793365478516 69 158 9.112496376037598 8.851088523864746
9.4 3.8 Waiting 21.22452163696289 23.226409912109375 76 161 6.068883419036865 9.203071594238281
9.4 4.0 Waiting 21.928743362426758 22.45800018310547 76 141 7.149133682250977 9.860788345336914
9.4 4.2 Waiting 21.928743362426758 22.45800018310547 70 121 10.200737953186035 7.087303638458252
9.4 4.4 Waiting 20.3319091796875 22.62087631225586 73 143 10.07047176361084 8.84170150756836
9.4 4.6 Waiting 20.3319091796875 22.62087631225586 64 142 10.318946838378906 8.886971473693848
9.4 4.8 Waiting 20.723501205444336 22.007129669189453 88 140 9.227974891662598 9.954019546508789
9.4 5.0 Waiting 20.55315399169922 20.097976684570312 62 120 6.955427646636963 9.907334327697754
9.4 5.2 Waiting 20.55315399169922 20.097976684570312 70 122 7.328056335449219 9.855710983276367
9.4 5.4 Waiting 20.717655181884766 20.029205322265625 56 117 9.790185928344727 10.381333351135254
9.4 5.6 Waiting 20.717655181884766 20.029205322265625 70 94 8.217687606811523 7.8942060470581055
9.4 5.8 Waiting 20.27605628967285 20.088973999023438 72 106 8.958165168762207 8.055463790893555
9.4 6.0 Waiting 20.228885650634766 20.127412796020508 66 115 5.809858322143555 8.192801475524902
9.4 6.2 Waiting 20.228885650634766 20.127412796020508 54 94 6.8996734619140625 8.021810531616211
9.4 6.4 Waiting 20.566499710083008 19.99399185180664 64 103 10.10636043548584 9.305736541748047
9.4 6.6 Waiting 20.566499710083008 19.99399185180664 67 97 9.312481880187988 8.932340621948242
9.4 6.8 Waiting 20.7785587310791 19.99399185180664 69 93 7.243610858917236 9.691171646118164
9.4 7.0 Waiting 20.62265396118164 19.99399185180664 68 117 6.1816277503967285 10.08043098449707
9.4 7.2 Waiting 20.62265396118164 19.99399185180664 59 94 6.14232873916626 10.29853343963623
9.4 7.4 Waiting 21.886625289916992 20.01599884033203 62 76 6.436938285827637 10.593912124633789
9.4 7.6 Waiting 21.886625289916992 20.01599884033203 62 79 7.7667717933654785 6.918571472167969
9.4 7.8 Waiting 22.172367095947266 20.01599884033203 61 91 7.697597503662109 8.239622116088867
9.4 8.0 Waiting 20.552331924438477 19.9928035736084 76 73 7.629116058349609 9.47565746307373
9.4 8.2 Waiting 20.552331924438477 19.9928035736084 60 77 5.742887020111084 9.651013374328613
9.4 8.4 Waiting 20.464521408081055 19.9928035736084 82 77 6.896960735321045 9.779740333557129
9.4 8.6 Waiting 20.464521408081055 19.9928035736084 65 77 5.699367046356201 8.896183967590332
9.4 8.8 Waiting 20.8607120513916 19.91651725769043 60 76 7.919341087341309 10.16872787475586
9.4 9.0 Waiting 21.668256759643555 20.188905715942383 59 65 5.962019443511963 5.321483612060547
9.4 9.2 Waiting 21.668256759643555 20.188905715942383 74 58 9.233796119689941 9.11099624633789
9.4 9.4 Waiting 20.925928115844727 20.17503547668457 72 72 9.535284996032715 8.953169822692871
9.4 9.6 Waiting 20.925928115844727 20.17503547668457 75 66 8.434704780578613 8.557811737060547
9.4 9.8 Waiting 20.689924240112305 20.158605575561523 55 76 7.5484299659729 10.164070129394531
9.4 10.0 Waiting 20.445680618286133 19.948802947998047 71 62 6.333691596984863 9.193799018859863
9.6 0.2 Waiting 19.683000564575195 158.54981994628906 48 551 79.65869903564453 270.1243591308594
9.6 0.4 Waiting 19.683000564575195 158.54981994628906 51 551 89.24053955078125 220.34323120117188
9.6 0.6 Waiting 19.683000564575195 158.54981994628906 55 551 93.56387329101562 160.61244201660156
9.6 0.8 Waiting 20.44718360900879 153.446044921875 51 548 72.31832122802734 102.16465759277344
9.6 1.0 Waiting 22.895662307739258 106.18247985839844 72 514 63.67039489746094 94.74356079101562
9.6 1.2 Waiting 22.895662307739258 106.18247985839844 67 504 49.31569290161133 17.26631736755371
9.6 1.4 Waiting 24.151142120361328 63.88175964355469 58 427 29.92076301574707 23.87443733215332
9.6 1.6 Waiting 24.151142120361328 63.88175964355469 61 371 24.28476333618164 16.074785232543945
9.6 1.8 Waiting 22.813508987426758 40.39474105834961 81 354 18.537851333618164 18.594379425048828
9.6 2.0 Waiting 25.305879592895508 41.186100006103516 56 305 14.806466102600098 12.578056335449219
9.6 2.2 Waiting 25.305879592895508 41.186100006103516 62 329 14.865070343017578 15.63972282409668
9.6 2.4 Waiting 22.564809799194336 29.433218002319336 74 251 12.234793663024902 16.268760681152344
9.6 2.6 Waiting 22.564809799194336 29.433218002319336 66 247 12.716815948486328 12.413008689880371
9.6 2.8 Waiting 21.039894104003906 26.288118362426758 74 223 10.49257755279541 10.174488067626953
9.6 3.0 Waiting 20.890050888061523 25.435768127441406 58 203 10.137526512145996 10.265118598937988
9.6 3.2 Waiting 20.890050888061523 25.435768127441406 50 215 9.992400169372559 10.136117935180664
9.6 3.4 Waiting 21.04733657836914 25.146793365478516 69 174 8.642373085021973 8.436745643615723
9.6 3.6 Waiting 21.04733657836914 25.146793365478516 65 182 9.860337257385254 9.802306175231934
9.6 3.8 Waiting 21.22452163696289 23.226409912109375 67 166 7.457211017608643 10.703596115112305
9.6 4.0 Waiting 21.928743362426758 22.45800018310547 84 163 9.729520797729492 9.857868194580078
9.6 4.2 Waiting 21.928743362426758 22.45800018310547 71 169 10.260178565979004 11.584056854248047
9.6 4.4 Waiting 20.3319091796875 22.62087631225586 72 147 9.5293607711792 9.794282913208008
9.6 4.6 Waiting 20.3319091796875 22.62087631225586 72 144 8.274188995361328 8.064045906066895
9.6 4.8 Waiting 20.723501205444336 22.007129669189453 47 135 8.223664283752441 9.47811222076416
9.6 5.0 Waiting 20.55315399169922 20.097976684570312 47 124 8.862997055053711 10.761873245239258
9.6 5.2 Waiting 20.55315399169922 20.097976684570312 62 132 6.167540550231934 8.399232864379883
9.6 5.4 Waiting 20.717655181884766 20.029205322265625 65 130 8.678924560546875 8.658683776855469
9.6 5.6 Waiting 20.717655181884766 20.029205322265625 69 117 7.7977471351623535 9.101954460144043
9.6 5.8 Waiting 20.27605628967285 20.088973999023438 65 121 6.195219039916992 9.308761596679688
9.6 6.0 Waiting 20.228885650634766 20.127412796020508 62 116 7.061214447021484 9.241353988647461
9.6 6.2 Waiting 20.228885650634766 20.127412796020508 71 93 6.1175994873046875 10.789648056030273
9.6 6.4 Waiting 20.566499710083008 19.99399185180664 63 89 6.448662757873535 8.4805326461792
9.6 6.6 Waiting 20.566499710083008 19.99399185180664 65 93 6.209292411804199 9.673709869384766
9.6 6.8 Waiting 20.7785587310791 19.99399185180664 73 80 8.867446899414062 8.70681095123291
9.6 7.0 Waiting 20.62265396118164 19.99399185180664 61 70 6.438758373260498 8.791728019714355
9.6 7.2 Waiting 20.62265396118164 19.99399185180664 66 80 7.644050598144531 8.045022010803223
9.6 7.4 Waiting 21.886625289916992 20.01599884033203 55 90 7.863219261169434 10.398574829101562
9.6 7.6 Waiting 21.886625289916992 20.01599884033203 77 61 7.901788711547852 9.051886558532715
9.6 7.8 Waiting 22.172367095947266 20.01599884033203 59 81 8.773193359375 9.155845642089844
9.6 8.0 Waiting 20.552331924438477 19.9928035736084 69 91 7.6731719970703125 8.467304229736328
9.6 8.2 Waiting 20.552331924438477 19.9928035736084 74 76 8.795308113098145 7.656065940856934
9.6 8.4 Waiting 20.464521408081055 19.9928035736084 79 93 6.262287139892578 9.054815292358398
9.6 8.6 Waiting 20.464521408081055 19.9928035736084 61 66 7.376949787139893 7.434196472167969
9.6 8.8 Waiting 20.8607120513916 19.91651725769043 73 74 7.990298748016357 10.173114776611328
9.6 9.0 Waiting 21.668256759643555 20.188905715942383 67 71 8.603009223937988 7.2289934158325195
9.6 9.2 Waiting 21.668256759643555 20.188905715942383 64 78 9.04771614074707 9.393386840820312
9.6 9.4 Waiting 20.925928115844727 20.17503547668457 68 70 9.101473808288574 10.71378231048584
9.6 9.6 Waiting 20.925928115844727 20.17503547668457 66 61 6.533617973327637 10.18703556060791
9.6 9.8 Waiting 20.689924240112305 20.158605575561523 51 73 7.125405788421631 6.410782814025879
9.6 10.0 Waiting 20.445680618286133 19.948802947998047 66 63 6.9034929275512695 9.34278678894043
9.8 0.2 Waiting 19.907554626464844 159.59886169433594 52 550 157.85958862304688 269.5438232421875
9.8 0.4 Waiting 19.907554626464844 159.59886169433594 50 550 74.67777252197266 207.753173828125
9.8 0.6 Waiting 19.907554626464844 159.59886169433594 48 550 88.32470703125 159.04116821289062
9.8 0.8 Waiting 19.368518829345703 158.4154510498047 52 553 143.17288208007812 106.6715316772461
9.8 1.0 Waiting 20.801677703857422 102.8399658203125 58 500 44.474483489990234 65.3292465209961
9.8 1.2 Waiting 20.801677703857422 102.8399658203125 60 492 43.03971481323242 31.198715209960938
9.8 1.4 Waiting 21.22051239013672 61.767311096191406 56 448 26.89254379272461 23.222475051879883
9.8 1.6 Waiting 21.22051239013672 61.767311096191406 58 428 23.819482803344727 18.95110321044922
9.8 1.8 Waiting 19.97295570373535 40.04206466674805 58 367 16.60922622680664 14.126541137695312
9.8 2.0 Waiting 23.868759155273438 33.5966911315918 57 335 12.840600967407227 19.464935302734375
9.8 2.2 Waiting 23.868759155273438 33.5966911315918 77 290 13.937694549560547 15.020760536193848
9.8 2.4 Waiting 21.085594177246094 28.886409759521484 66 271 12.185794830322266 9.960892677307129
9.8 2.6 Waiting 21.085594177246094 28.886409759521484 68 263 13.356956481933594 10.737496376037598
9.8 2.8 Waiting 20.336532592773438 25.741310119628906 76 230 11.476069450378418 9.809508323669434
9.8 3.0 Waiting 20.300317764282227 25.170486450195312 82 193 9.695945739746094 8.62975788116455
9.8 3.2 Waiting 20.300317764282227 25.170486450195312 80 193 8.684728622436523 9.356119155883789
9.8 3.4 Waiting 20.457603454589844 24.881511688232422 68 173 10.368032455444336 8.55165958404541
9.8 3.6 Waiting 20.457603454589844 24.881511688232422 54 174 6.769830226898193 10.664849281311035
9.8 3.8 Waiting 21.792083740234375 22.96112823486328 61 180 9.271617889404297 9.82097053527832
9.8 4.0 Waiting 21.41777229309082 22.068557739257812 62 160 6.942553520202637 9.369112014770508
9.8 4.2 Waiting 21.41777229309082 22.068557739257812 54 137 7.694377422332764 10.298784255981445
9.8 4.4 Waiting 19.918560028076172 22.537918090820312 68 130 8.640920639038086 8.03368854522705
9.8 4.6 Waiting 19.918560028076172 22.537918090820312 65 132 10.134495735168457 7.078605651855469
9.8 4.8 Waiting 20.310152053833008 21.99846076965332 84 124 10.811076164245605 8.947552680969238
9.8 5.0 Waiting 20.087623596191406 20.047897338867188 48 130 6.758508682250977 8.981358528137207
9.8 5.2 Waiting 20.087623596191406 20.047897338867188 70 120 7.343430042266846 8.282669067382812
9.8 5.4 Waiting 20.32673454284668 19.9791259765625 61 126 7.450101375579834 9.56102466583252
9.8 5.6 Waiting 20.32673454284668 19.9791259765625 74 122 7.181953430175781 11.468467712402344
9.8 5.8 Waiting 19.885135650634766 20.038894653320312 63 105 6.569119453430176 8.444222450256348
9.8 6.0 Waiting 19.83796501159668 20.077333450317383 81 121 8.824094772338867 7.460158824920654
9.8 6.2 Waiting 19.83796501159668 20.077333450317383 70 100 8.542741775512695 8.191120147705078
9.8 6.4 Waiting 20.175579071044922 19.943912506103516 59 110 7.658555507659912 9.333416938781738
9.8 6.6 Waiting 20.175579071044922 19.943912506103516 64 111 8.82315731048584 8.709177017211914
9.8 6.8 Waiting 20.791067123413086 19.943912506103516 62 80 8.172893524169922 7.1393890380859375
9.8 7.0 Waiting 20.254919052124023 19.943912506103516 64 101 6.276104927062988 10.317338943481445
9.8 7.2 Waiting 20.254919052124023 19.943912506103516 84 90 8.063722610473633 10.089112281799316
9.8 7.4 Waiting 21.518890380859375 19.965919494628906 59 71 8.569472312927246 10.182181358337402
9.8 7.6 Waiting 21.518890380859375 19.965919494628906 82 66 8.101107597351074 8.073942184448242
9.8 7.8 Waiting 21.80463218688965 19.965919494628906 64 70 9.171527862548828 10.078938484191895
9.8 8.0 Waiting 20.0903263092041 19.942724227905273 61 77 8.7385892868042 8.571929931640625
9.8 8.2 Waiting 20.0903263092041 19.942724227905273 67 83 7.567162990570068 9.025837898254395
9.8 8.4 Waiting 19.942184448242188 19.942724227905273 40 97 7.820481300354004 8.900741577148438
9.8 8.6 Waiting 19.942184448242188 19.942724227905273 60 73 7.439440727233887 8.82872486114502
9.8 8.8 Waiting 20.338375091552734 19.866437911987305 60 72 7.603969097137451 10.1929292678833
9.8 9.0 Waiting 20.88636016845703 20.138826370239258 61 65 8.264758110046387 7.691074371337891
9.8 9.2 Waiting 20.88636016845703 20.138826370239258 63 64 8.519209861755371 8.831136703491211
9.8 9.4 Waiting 20.26265525817871 20.124956130981445 82 71 7.417494773864746 10.501731872558594
9.8 9.6 Waiting 20.26265525817871 20.124956130981445 72 63 6.211370944976807 7.785715103149414
9.8 9.8 Waiting 20.02665138244629 20.1085262298584 62 59 6.6195759773254395 6.099347114562988
9.8 10.0 Waiting 19.90445327758789 19.898723602294922 67 58 9.880842208862305 5.2117085456848145
10.0 0.2 Waiting 20.030498504638672 159.22715759277344 56 551 95.53650665283203 269.1195373535156
10.0 0.4 Waiting 20.030498504638672 159.22715759277344 57 551 93.02123260498047 212.11973571777344
10.0 0.6 Waiting 20.030498504638672 159.22715759277344 54 551 92.3719253540039 157.68826293945312
10.0 0.8 Waiting 19.056400299072266 155.25186157226562 51 555 89.11015319824219 111.60016632080078
10.0 1.0 Waiting 19.754892349243164 103.38993072509766 61 507 49.77206039428711 87.5535888671875
10.0 1.2 Waiting 19.754892349243164 103.38993072509766 56 505 47.45747756958008 21.33003807067871
10.0 1.4 Waiting 19.892982482910156 61.114994049072266 52 430 24.527585983276367 14.122153282165527
10.0 1.6 Waiting 19.892982482910156 61.114994049072266 54 437 27.853185653686523 15.851458549499512
10.0 1.8 Waiting 18.64542579650879 37.86678695678711 58 317 14.267465591430664 11.200550079345703
10.0 2.0 Waiting 22.01312828063965 31.421438217163086 53 321 11.825233459472656 18.10125160217285
10.0 2.2 Waiting 22.01312828063965 31.421438217163086 50 303 9.900793075561523 11.801429748535156
10.0 2.4 Waiting 19.75806427001953 27.691688537597656 62 259 11.595406532287598 12.063273429870605
10.0 2.6 Waiting 19.75806427001953 27.691688537597656 62 225 10.457161903381348 10.550300598144531
10.0 2.8 Waiting 19.829906463623047 24.714876174926758 75 216 9.803811073303223 10.108274459838867
10.0 3.0 Waiting 19.793689727783203 24.694135665893555 50 198 11.984636306762695 8.716276168823242
10.0 3.2 Waiting 19.793689727783203 24.694135665893555 72 199 10.99498462677002 9.671205520629883
10.0 3.4 Waiting 19.95097541809082 24.405160903930664 59 191 9.378225326538086 10.541217803955078
10.0 3.6 Waiting 19.95097541809082 24.405160903930664 56 177 11.455985069274902 10.923458099365234
10.0 3.8 Waiting 20.81181526184082 22.484777450561523 53 161 7.870514869689941 10.99055004119873
10.0 4.0 Waiting 20.911144256591797 21.592206954956055 67 185 9.417665481567383 10.673693656921387
10.0 4.2 Waiting 20.911144256591797 21.592206954956055 68 162 8.547479629516602 8.94106674194336
10.0 4.4 Waiting 19.887849807739258 22.061567306518555 75 138 9.06818962097168 9.2675142288208
10.0 4.6 Waiting 19.887849807739258 22.061567306518555 88 138 7.985377311706543 9.526930809020996
10.0 4.8 Waiting 20.279441833496094 21.522109985351562 81 168 8.776823997497559 10.12354850769043
10.0 5.0 Waiting 20.11578369140625 20.086349487304688 72 121 6.391343593597412 9.093326568603516
10.0 5.2 Waiting 20.11578369140625 20.086349487304688 66 134 7.843195915222168 6.004103660583496
10.0 5.4 Waiting 20.377532958984375 20.017578125 68 127 6.937363624572754 9.072853088378906
10.0 5.6 Waiting 20.377532958984375 20.017578125 61 118 7.043997764587402 9.448269844055176
10.0 5.8 Waiting 19.93593406677246 20.077346801757812 70 105 7.0704827308654785 7.414223670959473
10.0 6.0 Waiting 19.888763427734375 20.115785598754883 58 99 6.805359840393066 9.064444541931152
10.0 6.2 Waiting 19.888763427734375 20.115785598754883 53 90 6.45815372467041 8.468006134033203
10.0 6.4 Waiting 20.226377487182617 19.982364654541016 63 102 8.799184799194336 11.92947006225586
10.0 6.6 Waiting 20.226377487182617 19.982364654541016 61 100 7.8362226486206055 7.966235160827637
10.0 6.8 Waiting 21.86162757873535 19.982364654541016 59 99 5.620346546173096 8.80378532409668
10.0 7.0 Waiting 20.093135833740234 19.982364654541016 60 90 8.360162734985352 8.015214920043945
10.0 7.2 Waiting 20.093135833740234 19.982364654541016 70 97 6.113631248474121 9.242115020751953
10.0 7.4 Waiting 21.260177612304688 20.004371643066406 60 86 8.520780563354492 8.816493034362793
10.0 7.6 Waiting 21.260177612304688 20.004371643066406 74 93 7.956652641296387 7.304317474365234
10.0 7.8 Waiting 21.54591941833496 20.004371643066406 52 74 6.683199405670166 10.3059720993042
10.0 8.0 Waiting 19.908409118652344 19.981176376342773 54 75 7.5922627449035645 9.08977222442627
10.0 8.2 Waiting 19.908409118652344 19.981176376342773 62 87 6.792728424072266 7.718613147735596
10.0 8.4 Waiting 19.76026725769043 19.981176376342773 77 75 7.013245582580566 9.229463577270508
10.0 8.6 Waiting 19.76026725769043 19.981176376342773 66 56 7.79266357421875 6.387124061584473
10.0 8.8 Waiting 20.156457901000977 19.904890060424805 58 85 7.499472141265869 7.838390350341797
10.0 9.0 Waiting 20.635107040405273 20.177278518676758 68 79 8.15967845916748 10.00447940826416
10.0 9.2 Waiting 20.635107040405273 20.177278518676758 64 67 6.3079328536987305 9.21983814239502
10.0 9.4 Waiting 20.091644287109375 20.163408279418945 69 75 8.437224388122559 8.186927795410156
10.0 9.6 Waiting 20.091644287109375 20.163408279418945 59 62 9.698782920837402 7.368561267852783
10.0 9.8 Waiting 19.855640411376953 20.1469783782959 69 72 9.67873477935791 6.806015968322754
10.0 10.0 Waiting 19.733442306518555 19.937175750732422 62 83 6.487277030944824 10.688117980957031
