0.2 0.2 Webster 160 20 568 51 262.3745045963569 344.86764346162477
0.2 0.4 Webster 160 20 568 51 264.14234149131744 341.41863823679336
0.2 0.6 Webster 160 20 568 51 261.29401465578024 336.15521217934986
0.2 0.8 Webster 160 20 568 51 263.42550844598804 333.5752087589748
0.2 1.0 Webster 160 20 568 51 262.75284866718556 323.3536113812736
0.2 1.2 Webster 160 20 568 51 262.1434162517671 328.0591048431651
0.2 1.4 Webster 160 20 568 51 265.42543078309063 315.84673189813617
0.2 1.6 Webster 160 20 568 51 259.0275090892301 302.5355828985543
0.2 1.8 Webster 160 20 568 51 262.0066519091187 295.5897555887221
0.2 2.0 Webster 160 20 568 51 264.3248435980299 307.36461662408726
0.2 2.2 Webster 160 20 568 51 263.6279486361389 296.0378514853578
0.2 2.4 Webster 160 20 568 51 260.40982735014404 299.1430627726009
0.2 2.6 Webster 160 20 568 51 255.97728132528312 295.8468140656925
0.2 2.8 Webster 160 20 568 51 260.33597870585936 271.9401246731264
0.2 3.0 Webster 160 20 568 51 259.6036660784401 273.4050142157523
0.2 3.2 Webster 160 20 568 51 256.0720906400884 271.85081405562187
0.2 3.4 Webster 160 20 568 51 259.78057016589673 274.22008531915117
0.2 3.6 Webster 160 20 568 51 258.09032871076084 290.10390297676076
0.2 3.8 Webster 160 20 568 51 257.66351971138863 243.88497940006658
0.2 4.0 Webster 160 20 568 51 264.01619395600704 268.5488608631201
0.2 4.2 Webster 160 20 568 51 259.90343530112216 231.15525602252958
0.2 4.4 Webster 160 20 568 51 262.97368178599237 230.26517341102908
0.2 4.6 Webster 160 20 568 51 262.208916563756 200.98367312692216
0.2 4.8 Webster 160 20 568 51 253.549301519295 274.16256560034844
0.2 5.0 Webster 160 20 568 51 259.41932009526755 229.34761438546397
0.2 5.2 Webster 160 20 568 51 258.2166569967244 266.2731465832955
0.2 5.4 Webster 160 20 568 51 263.1773932230919 217.08775085364675
0.2 5.6 Webster 160 20 568 51 256.58562192706154 224.7133203963645
0.2 5.8 Webster 160 20 568 51 258.3771392632037 237.86203287675096
0.2 6.0 Webster 160 20 568 51 261.44808961794496 195.69284359073728
0.2 6.2 Webster 160 20 568 51 261.88726065551367 195.9792657402354
0.2 6.4 Webster 160 20 568 51 261.0073232752336 227.862435952264
0.2 6.6 Webster 160 20 568 51 256.9715276877753 177.59016684068771
0.2 6.8 Webster 160 20 568 51 260.41210366883126 139.80417482896348
0.2 7.0 Webster 160 20 568 51 265.3752797840505 159.91581581812952
0.2 7.2 Webster 160 20 568 51 262.32529198955467 178.64249306408135
0.2 7.4 Webster 160 20 568 51 260.8910453641669 157.6868901908717
0.2 7.6 Webster 160 20 568 51 260.23365061162855 163.01781276280204
0.2 7.8 Webster 160 20 568 51 264.3976413134432 172.2205432562727
0.2 8.0 Webster 160 20 568 51 257.7440021228795 170.67626665952943
0.2 8.2 Webster 160 20 568 51 260.25820947907454 181.22734856687157
0.2 8.4 Webster 160 20 568 51 260.95148374262993 165.03964649049283
0.2 8.6 Webster 160 20 568 51 264.1734961655414 169.28247115563147
0.2 8.8 Webster 160 20 568 51 266.4277286115143 164.7360113869022
0.2 9.0 Webster 160 20 568 51 262.7169613036025 173.04392947470697
0.2 9.2 Webster 160 20 568 51 263.5117369620171 156.4645944799503
0.2 9.4 Webster 160 20 568 51 260.68739524734815 122.62623188799058
0.2 9.6 Webster 160 20 568 51 259.9445374891898 101.31664307072508
0.2 9.8 Webster 160 20 568 47 259.15163587154376 82.75634171491825
0.2 10.0 Webster 160 20 568 42 264.6755916662611 87.50085137065737
0.4 0.2 Webster 20 160 68 548 268.5778579636424 266.5962291973263
0.4 0.4 Webster 160 20 568 51 198.27381767955825 340.8136206689384
0.4 0.6 Webster 160 20 568 51 196.86628857851218 337.61022623541095
0.4 0.8 Webster 160 20 568 51 206.69597486678776 334.2415661416903
0.4 1.0 Webster 160 20 568 51 196.10209871909868 322.5329875593581
0.4 1.2 Webster 160 20 568 51 205.2974433633584 321.1492376471682
0.4 1.4 Webster 160 20 568 51 198.55439679018082 322.1948000370445
0.4 1.6 Webster 160 20 568 51 199.55289981439404 318.70837479511493
0.4 1.8 Webster 160 20 568 51 199.73075160338684 309.7177877108024
0.4 2.0 Webster 160 20 568 51 200.37387094081984 314.51634551469033
0.4 2.2 Webster 160 20 568 51 198.18598811238917 298.9363531382207
0.4 2.4 Webster 160 20 568 51 208.40075131352086 287.3860327681725
0.4 2.6 Webster 160 20 568 51 198.40371873213482 294.3374016775511
0.4 2.8 Webster 160 20 568 51 212.58192360225752 280.6459838236931
0.4 3.0 Webster 160 20 568 51 206.549140736652 262.8669319039428
0.4 3.2 Webster 160 20 568 51 201.08051402009391 269.7370514859132
0.4 3.4 Webster 160 20 568 51 203.44945109316112 276.01040039710625
0.4 3.6 Webster 160 20 568 51 198.0010365864146 265.6038583920386
0.4 3.8 Webster 160 20 568 51 217.37799079736553 256.504624863395
0.4 4.0 Webster 160 20 568 51 203.9829427421334 245.69528261382447
0.4 4.2 Webster 160 20 568 51 210.01902056268906 208.72019213401416
0.4 4.4 Webster 160 20 568 51 201.40112513627997 223.79102640621844
0.4 4.6 Webster 160 20 568 51 198.48721485085932 254.4429456862878
0.4 4.8 Webster 160 20 568 51 202.37006361110187 261.68957567978714
0.4 5.0 Webster 160 20 568 51 205.59037349873432 214.55516253330185
0.4 5.2 Webster 160 20 568 51 207.84525636330818 228.69539278478499
0.4 5.4 Webster 160 20 568 51 207.45937796129962 210.12328879174845
0.4 5.6 Webster 160 20 568 51 196.52845229900424 187.5959707584291
0.4 5.8 Webster 160 20 568 51 207.814947289764 209.5741861521214
0.4 6.0 Webster 160 20 568 51 202.57397974928708 151.13023444963662
0.4 6.2 Webster 160 20 568 51 209.70010358214066 163.488995972182
0.4 6.4 Webster 160 20 568 51 204.7958916032082 164.5325170991869
0.4 6.6 Webster 160 20 568 51 203.22978670516832 151.83987373869476
0.4 6.8 Webster 160 20 568 51 203.08247086866874 180.33111739643766
0.4 7.0 Webster 160 20 568 51 208.70413170548724 198.5420234278674
0.4 7.2 Webster 160 20 568 51 211.42545888594688 118.09725561140287
0.4 7.4 Webster 160 20 568 51 202.06628754916116 214.3058373919519
0.4 7.6 Webster 160 20 568 51 207.3668778306328 192.4217450670137
0.4 7.8 Webster 160 20 568 51 199.5223459183155 121.14686104785905
0.4 8.0 Webster 160 20 568 51 203.51753171783125 143.42302582818692
0.4 8.2 Webster 160 20 568 51 204.4900807370442 219.34990436660755
0.4 8.4 Webster 160 20 568 51 207.2967421151226 141.28689499285494
0.4 8.6 Webster 160 20 568 51 201.77357428682546 192.31517606443435
0.4 8.8 Webster 160 20 568 45 208.0279857279655 97.18511636058312
0.4 9.0 Webster 160 20 568 42 210.49374579341722 82.60668747283414
0.4 9.2 Webster 160 20 568 51 217.43485340351717 132.99116266434518
0.4 9.4 Webster 160 20 568 47 198.75364148620827 99.71408899181978
0.4 9.6 Webster 160 20 568 51 203.7992325295593 153.05557518197594
0.4 9.8 Webster 160 20 568 46 204.00633745569937 146.40329739580207
0.4 10.0 Webster 160 20 568 47 204.01553615273562 80.52269794331961
0.6 0.2 Webster 20 160 68 548 261.6489000852802 273.7977573355913
0.6 0.4 Webster 20 160 68 548 260.08361225568575 219.94763095717732
0.6 0.6 Webster 160 20 568 51 139.96983527260394 334.15251571512334
0.6 0.8 Webster 160 20 568 51 150.71116084727 327.89906349210287
0.6 1.0 Webster 160 20 568 51 146.8572656371418 330.82779851016454
0.6 1.2 Webster 160 20 568 51 143.54465798613313 318.9966157661675
0.6 1.4 Webster 160 20 568 51 143.84824775834423 321.05800037292204
0.6 1.6 Webster 160 20 568 51 153.63416626283316 304.3632816569094
0.6 1.8 Webster 160 20 568 51 151.18430782051124 311.7064348876578
0.6 2.0 Webster 160 20 568 51 160.38778611920438 303.88234645157877
0.6 2.2 Webster 160 20 568 51 156.10133360172176 275.6816561665068
0.6 2.4 Webster 160 20 568 51 159.85815924117108 285.81726773878
0.6 2.6 Webster 160 20 568 51 155.6270973717054 270.3815910269035
0.6 2.8 Webster 160 20 568 51 130.95050704513093 286.9045995830676
0.6 3.0 Webster 160 20 568 51 134.73399701597518 266.1025263554273
0.6 3.2 Webster 160 20 568 51 136.54693619276281 264.6462147603727
0.6 3.4 Webster 160 20 568 51 155.7785306831208 270.1430776870773
0.6 3.6 Webster 160 20 568 51 136.9057075569528 264.327521470157
0.6 3.8 Webster 160 20 568 51 150.57614420936918 240.56158480105253
0.6 4.0 Webster 160 20 568 51 135.78712997460775 265.4837626145675
0.6 4.2 Webster 160 20 568 51 156.0014572828035 222.71860854089232
0.6 4.4 Webster 160 20 568 51 154.7414022518706 220.93380698790375
0.6 4.6 Webster 160 20 568 51 144.89458856851272 230.85915901683106
0.6 4.8 Webster 160 20 568 51 155.79976846623757 233.44617174621436
0.6 5.0 Webster 160 20 564 51 150.640341397626 238.6563283070643
0.6 5.2 Webster 160 20 568 51 145.95734697851074 204.78395569683306
0.6 5.4 Webster 160 20 568 51 145.08691957365008 236.9982124655835
0.6 5.6 Webster 160 20 568 51 136.1569530023518 205.6665530706765
0.6 5.8 Webster 160 20 568 51 157.2094717985724 255.05309459377492
0.6 6.0 Webster 160 20 568 51 134.70175781169084 246.72773497050966
0.6 6.2 Webster 160 20 568 51 143.47207880306027 202.85416089384347
0.6 6.4 Webster 160 20 568 51 126.92898169041872 190.31037670559618
0.6 6.6 Webster 160 20 568 51 155.65390330259157 198.35739250494882
0.6 6.8 Webster 160 20 568 51 147.71018973490575 224.978705908988
0.6 7.0 Webster 160 20 568 51 153.51812222848704 143.8070279949101
0.6 7.2 Webster 160 20 568 51 152.0812478004958 195.4159561878008
0.6 7.4 Webster 160 20 568 51 154.33890493665615 185.1512225476309
0.6 7.6 Webster 160 20 568 51 152.16604479039714 179.58956412614185
0.6 7.8 Webster 160 20 568 51 162.8240572405308 176.60191545495312
0.6 8.0 Webster 160 20 568 51 156.83822055812314 163.9468955518329
0.6 8.2 Webster 160 20 568 51 154.64094908254694 147.31528749060595
0.6 8.4 Webster 160 20 568 46 155.05618836465953 80.51458176950551
0.6 8.6 Webster 160 20 568 51 140.4821131529297 139.08566360270004
0.6 8.8 Webster 160 20 568 49 143.29935900463116 96.47259382854938
0.6 9.0 Webster 160 20 568 44 155.48266280761757 101.15904860860282
0.6 9.2 Webster 160 20 568 51 146.70058276383014 159.57683406455868
0.6 9.4 Webster 160 20 568 51 140.874599780099 156.63767678130748
0.6 9.6 Webster 160 20 568 51 145.11960842935062 95.04922315022431
0.6 9.8 Webster 160 20 568 48 151.1828470189626 75.77595148536962
0.6 10.0 Webster 160 20 568 50 152.05984430141007 76.01893169267046
0.8 0.2 Webster 20 160 68 548 254.1829388545603 270.8405834469429
0.8 0.4 Webster 20 160 68 548 257.88216835207595 222.92475306379174
0.8 0.6 Webster 20 160 68 548 257.5498622204285 166.11931650129333
0.8 0.8 Webster 160 20 568 51 85.57699589406356 326.2327229960812
0.8 1.0 Webster 160 20 566 51 80.17260831965106 329.818595047977
0.8 1.2 Webster 160 20 568 51 73.69973761863491 310.5971813624997
0.8 1.4 Webster 160 20 568 51 89.59462140182933 299.0967018363853
0.8 1.6 Webster 160 20 568 51 80.97878033219632 308.03711252296466
0.8 1.8 Webster 160 20 568 51 90.27545284827997 298.12431345392145
0.8 2.0 Webster 160 20 567 51 93.79450689829547 304.54082636544143
0.8 2.2 Webster 160 20 567 51 76.48023771498383 311.13337091181586
0.8 2.4 Webster 160 20 565 51 73.1536181907002 286.9830910610611
0.8 2.6 Webster 160 20 565 51 81.18517408323966 301.5845964897721
0.8 2.8 Webster 160 20 563 51 99.63952958379932 265.7260425280304
0.8 3.0 Webster 160 20 568 51 82.68964706098228 285.71084263909825
0.8 3.2 Webster 160 20 568 51 70.82766007835271 270.79262673419476
0.8 3.4 Webster 160 20 568 51 108.66589514874204 275.44090206219636
0.8 3.6 Webster 160 20 568 51 96.2934212476572 240.34106575561185
0.8 3.8 Webster 160 20 568 51 87.63788549507807 266.1346192893125
0.8 4.0 Webster 160 20 568 51 99.52534455418679 248.44041532622592
0.8 4.2 Webster 160 20 568 51 89.4258725096652 244.2419826882152
0.8 4.4 Webster 160 20 566 51 87.9410171159726 232.19156780380632
0.8 4.6 Webster 160 20 566 51 99.96303069134336 246.44462500495408
0.8 4.8 Webster 160 20 568 51 76.7432707915627 240.35135651720265
0.8 5.0 Webster 160 20 568 51 97.98613215721669 204.2627880119397
0.8 5.2 Webster 160 20 568 51 73.49925559969714 202.21100244897232
0.8 5.4 Webster 160 20 568 51 94.24547748869722 199.59992270074633
0.8 5.6 Webster 160 20 568 51 82.08471595300762 238.4842959818112
0.8 5.8 Webster 160 20 568 51 84.70782024090427 183.7760184723974
0.8 6.0 Webster 160 20 568 51 108.68739341710295 216.66780536440146
0.8 6.2 Webster 160 20 568 51 82.8184642083984 208.35151922401548
0.8 6.4 Webster 160 20 559 51 80.39915870145703 129.33827364146336
0.8 6.6 Webster 160 20 567 51 96.748687306548 192.3450526102833
0.8 6.8 Webster 160 20 568 51 73.64812305624538 196.34217810763835
0.8 7.0 Webster 160 20 568 51 70.83413669804555 206.07060400497932
0.8 7.2 Webster 160 20 568 51 107.8408639654598 177.4315189311265
0.8 7.4 Webster 160 20 568 51 85.2736766383056 166.29072487095445
0.8 7.6 Webster 160 20 568 51 85.82584088454946 203.08487133857113
0.8 7.8 Webster 160 20 568 51 95.57710764436231 159.74279269477643
0.8 8.0 Webster 160 20 568 51 92.11454167074521 166.40631236655213
0.8 8.2 Webster 160 20 568 51 81.78477124921454 162.4617316460038
0.8 8.4 Webster 160 20 563 51 93.8399536382538 146.64383338251002
0.8 8.6 Webster 160 20 568 46 99.57358235575542 85.7183758547416
0.8 8.8 Webster 160 20 568 51 86.62518364365923 113.71548975004342
0.8 9.0 Webster 160 20 568 51 98.97759620792822 112.56661777666648
0.8 9.2 Webster 160 20 568 51 86.95095438637956 98.5696011184022
0.8 9.4 Webster 160 20 568 51 89.88338277403955 119.32870196349329
0.8 9.6 Webster 160 20 568 51 90.07656900873235 123.28542283826657
0.8 9.8 Webster 160 20 568 51 93.26607189607414 117.68889772795313
0.8 10.0 Webster 160 20 559 51 95.13476333020745 116.00347027702479
1.0 0.2 Webster 20 160 68 548 250.5228608599017 270.07062009896543
1.0 0.4 Webster 20 160 66 548 253.1034970261112 217.71665581096482
1.0 0.6 Webster 20 160 68 548 252.2644178776584 162.7456678402606
1.0 0.8 Webster 20 160 68 548 245.9233876066628 117.70389765167022
1.0 1.0 Webster 160 20 561 51 52.77411049508608 317.27247321997703
1.0 1.2 Webster 160 20 567 51 22.20002891220553 321.6040959512734
1.0 1.4 Webster 160 20 568 51 33.373549386005585 318.1816937776334
1.0 1.6 Webster 160 20 567 51 47.82191706330493 315.16399906632637
1.0 1.8 Webster 160 20 568 51 54.44739024731856 310.41093550568434
1.0 2.0 Webster 160 20 543 51 27.0256759383879 298.29357902179976
1.0 2.2 Webster 160 20 541 51 43.16020855530148 280.2555322741813
1.0 2.4 Webster 160 20 567 51 35.01969123391451 299.5482861171095
1.0 2.6 Webster 160 20 568 51 55.72227929625125 291.90848834940846
1.0 2.8 Webster 160 20 548 51 33.32441532204378 294.83577139679124
1.0 3.0 Webster 160 20 568 51 33.31709896079105 257.6864812709225
1.0 3.2 Webster 160 20 553 51 32.36714725529214 267.2683625030473
1.0 3.4 Webster 160 20 566 51 36.219432535854494 282.56558496399686
1.0 3.6 Webster 160 20 559 51 23.064798099931977 247.49561811310429
1.0 3.8 Webster 160 20 557 51 48.745439885511026 246.62583627623076
1.0 4.0 Webster 160 20 568 51 39.21688774277196 271.8106028824297
1.0 4.2 Webster 160 20 568 51 29.607312034589906 249.47722045325196
1.0 4.4 Webster 160 20 564 51 38.53054089732553 253.60722583442026
1.0 4.6 Webster 160 20 560 51 42.10805480177874 218.34435627079856
1.0 4.8 Webster 160 20 559 51 37.67239124337502 228.76238465100153
1.0 5.0 Webster 160 20 565 51 36.650154032656815 206.1237614372557
1.0 5.2 Webster 160 20 566 51 33.37301360800191 237.4266569707855
1.0 5.4 Webster 160 20 568 51 32.943539741428864 234.6269679178292
1.0 5.6 Webster 160 20 568 51 51.73695740758134 194.75719539912163
1.0 5.8 Webster 160 20 552 51 29.681105098218776 190.64860683858694
1.0 6.0 Webster 160 20 560 51 57.13208259208859 208.0284013830376
1.0 6.2 Webster 160 20 567 51 29.795832277121388 200.9185764561396
1.0 6.4 Webster 160 20 559 51 52.49282561975782 169.58358256602236
1.0 6.6 Webster 160 20 568 51 45.43961948692169 182.5031908405171
1.0 6.8 Webster 160 20 568 51 45.12304306660657 145.59509460372942
1.0 7.0 Webster 160 20 545 51 31.20010596035543 161.53349703318477
1.0 7.2 Webster 160 20 551 51 27.124807494372806 178.60519042398633
1.0 7.4 Webster 160 20 566 51 48.53063429677947 159.17516309449513
1.0 7.6 Webster 160 20 561 51 38.29549657318409 135.87846463127187
1.0 7.8 Webster 160 20 567 51 28.356623982983102 155.10111091290818
1.0 8.0 Webster 160 20 568 51 34.628250227430044 171.80836687148437
1.0 8.2 Webster 160 20 568 51 50.27362321191641 181.13325632935675
1.0 8.4 Webster 160 20 542 51 19.03874690821106 164.33580792326015
1.0 8.6 Webster 160 20 560 51 36.81316021606878 161.50083506004393
1.0 8.8 Webster 160 20 568 51 46.19990188350485 117.90201805950883
1.0 9.0 Webster 160 20 563 51 46.8812922058615 137.00566860893167
1.0 9.2 Webster 160 20 557 49 48.13546052814716 98.88658784121938
1.0 9.4 Webster 160 20 559 48 48.0976525065465 96.36269935842859
1.0 9.6 Webster 160 20 568 46 38.54367787385974 76.56368068626259
1.0 9.8 Webster 160 20 562 43 36.03899997804395 109.13677590726901
1.0 10.0 Webster 160 20 567 51 30.365098384493322 113.0011352576203
1.2 0.2 Webster 20 160 68 548 246.93555661289466 272.05498789151324
1.2 0.4 Webster 20 160 66 548 247.1209289589963 220.08256465207867
1.2 0.6 Webster 20 160 68 548 247.56375603235418 167.353935268696
1.2 0.8 Webster 20 160 68 548 233.81504190829293 113.30255356011124
1.2 1.0 Webster 20 160 67 548 246.7542191422199 51.2907172156024
1.2 1.2 Webster 160 20 519 51 12.923261313828908 323.03019366368056
1.2 1.4 Webster 160 20 508 51 14.437386834411946 321.72242947514343
1.2 1.6 Webster 160 20 524 51 11.177869150428862 313.38099228369595
1.2 1.8 Webster 160 20 487 51 7.137347194177797 313.3825439647564
1.2 2.0 Webster 160 20 507 51 9.680617278993855 308.53978713763445
1.2 2.2 Webster 160 20 524 51 8.935413420987926 292.2648030587892
1.2 2.4 Webster 160 20 528 51 7.2332479814264 290.37567096933
1.2 2.6 Webster 160 20 539 51 15.60707037238304 271.7671865526657
1.2 2.8 Webster 160 20 536 51 14.07374213674059 267.00219175482994
1.2 3.0 Webster 160 20 539 51 18.079366768069324 287.9098534138092
1.2 3.2 Webster 160 20 492 51 9.462059321459101 280.68977358460904
1.2 3.4 Webster 160 20 518 51 16.923078652934393 277.30969334625894
1.2 3.6 Webster 160 20 521 51 10.93781491060768 281.83418583807594
1.2 3.8 Webster 160 20 523 51 15.820903038937368 257.41547495526197
1.2 4.0 Webster 160 20 544 51 11.545369953825817 246.1420989434952
1.2 4.2 Webster 160 20 510 51 9.677074210916535 233.44896029092317
1.2 4.4 Webster 160 20 524 51 17.791588373132388 242.5543517023237
1.2 4.6 Webster 160 20 492 51 8.767297852956087 242.3015366529862
1.2 4.8 Webster 160 20 547 51 13.590925586141617 181.75924161191185
1.2 5.0 Webster 160 20 506 51 8.150280823633333 219.50446678730975
1.2 5.2 Webster 160 20 561 51 17.233250851636864 240.53132195284536
1.2 5.4 Webster 160 20 543 51 12.428928484296886 227.61092930030145
1.2 5.6 Webster 160 20 523 51 9.764849698234652 198.15438307989407
1.2 5.8 Webster 160 20 511 51 9.974290904339782 251.0306077843441
1.2 6.0 Webster 160 20 523 51 12.603065297411982 221.1876264367798
1.2 6.2 Webster 160 160 273 85 78.34461786985308 49.4950035643727
1.2 6.4 Webster 160 160 309 99 77.25154151911049 44.70017676745356
1.2 6.6 Webster 160 140 329 90 96.67928824552472 50.89411413591216
1.2 6.8 Webster 160 105 389 63 94.42268926498207 51.46294865571543
1.2 7.0 Webster 160 85 426 66 76.69315351192981 67.6811958720308
1.2 7.2 Webster 160 70 452 90 68.20478311409941 68.53504305716118
1.2 7.4 Webster 160 60 459 99 55.64284801976191 77.46076023355154
1.2 7.6 Webster 160 55 443 97 39.935003228599925 71.24908598761519
1.2 7.8 Webster 160 50 460 88 40.072461625539155 84.03282721595167
1.2 8.0 Webster 160 45 467 103 33.747157558107155 82.34080744343149
1.2 8.2 Webster 160 40 480 64 47.80760674098228 71.97856462276378
1.2 8.4 Webster 160 35 499 60 29.342910561597304 72.97771923398514
1.2 8.6 Webster 160 35 495 63 31.943949842181066 77.013416988472
1.2 8.8 Webster 160 30 512 67 25.225531668364138 76.14001080090645
1.2 9.0 Webster 160 30 513 62 30.918527351346317 98.19068815578633
1.2 9.2 Webster 160 25 513 59 10.37528090609957 90.3484953130662
1.2 9.4 Webster 160 25 498 58 9.211443679299846 97.5376211138947
1.2 9.6 Webster 160 25 541 58 21.392307176304932 93.77903593908762
1.2 9.8 Webster 160 25 492 59 25.566557599132977 74.56282148125479
1.2 10.0 Webster 160 20 539 51 14.148508590999096 127.3427402057994
1.4 0.2 Webster 20 160 64 548 262.2405512997964 269.9064073148817
1.4 0.4 Webster 20 160 68 548 238.24561073796866 224.97604904539486
1.4 0.6 Webster 20 160 68 548 238.03618459969243 173.16075682699605
1.4 0.8 Webster 20 160 66 548 238.3870403065538 114.97107082061264
1.4 1.0 Webster 20 160 63 548 256.93280537605057 59.11984448930861
1.4 1.2 Webster 20 160 63 514 250.23910017492412 9.278080981090403
1.4 1.4 Webster 160 20 479 51 8.599195525577318 309.3139645421937
1.4 1.6 Webster 160 20 474 51 8.641147512482496 306.31290947325806
1.4 1.8 Webster 160 20 453 51 6.414794472771109 309.1286716626606
1.4 2.0 Webster 160 20 507 51 7.42631006389129 304.5526579746924
1.4 2.2 Webster 160 20 447 51 6.344038035854592 303.40642772537086
1.4 2.4 Webster 160 20 474 51 6.5511194750061215 305.3649155151437
1.4 2.6 Webster 160 20 431 51 4.981443109980268 285.1632724058903
1.4 2.8 Webster 160 20 433 51 8.32325735190441 266.63995959475733
1.4 3.0 Webster 160 20 490 51 11.7467056369863 286.3727099387577
1.4 3.2 Webster 160 20 471 51 7.270402574344873 297.06411779211027
1.4 3.4 Webster 160 20 471 51 9.977612331957829 275.87446892916114
1.4 3.6 Webster 160 160 257 157 76.86832146905742 55.97861879960032
1.4 3.8 Webster 160 160 259 182 73.20178849522907 56.977438597048554
1.4 4.0 Webster 160 100 380 137 69.21665531998643 73.5507341950338
1.4 4.2 Webster 160 70 447 128 33.87805598336962 92.06034571720066
1.4 4.4 Webster 160 55 436 151 37.67015714242726 117.13794680636015
1.4 4.6 Webster 150 45 447 121 26.931411040157233 78.23682893345617
1.4 4.8 Webster 135 40 450 102 16.866420969482526 63.52305966257994
1.4 5.0 Webster 125 35 449 113 19.552652664156234 68.36136484860744
1.4 5.2 Webster 115 30 449 93 13.831669591132401 72.2988072013494
1.4 5.4 Webster 105 25 456 100 13.122699849758844 79.20615320785632
1.4 5.6 Webster 100 25 426 88 16.188896241856032 50.68983156941312
1.4 5.8 Webster 95 25 444 110 12.508298641211484 79.86584462564917
1.4 6.0 Webster 90 20 435 85 9.987150164538903 99.15881325615018
1.4 6.2 Webster 85 20 439 98 9.786709400012242 54.20492767921912
1.4 6.4 Webster 85 20 450 98 14.23457909999056 67.96134486694578
1.4 6.6 Webster 80 20 411 95 10.203373101169753 41.58058307235639
1.4 6.8 Webster 80 20 432 98 10.99673269114747 54.29486751330404
1.4 7.0 Webster 75 20 466 84 10.637121524383092 36.01250432975268
1.4 7.2 Webster 75 20 465 86 21.278491049284668 42.02437935891636
1.4 7.4 Webster 75 20 459 95 14.419368037495309 37.41353791262492
1.4 7.6 Webster 70 20 449 102 12.23699077348077 37.05823563280906
1.4 7.8 Webster 70 20 434 79 30.0727113090442 35.903454762936214
1.4 8.0 Webster 70 20 447 81 14.517276499511961 36.5008779603716
1.4 8.2 Webster 70 20 417 72 11.731295687053514 33.149894237252795
1.4 8.4 Webster 65 20 436 67 10.752225340965998 27.00789689542694
1.4 8.6 Webster 65 20 459 72 19.001558632497634 37.8472146215872
1.4 8.8 Webster 65 20 451 63 18.501282187690595 30.138543716621538
1.4 9.0 Webster 65 20 455 56 23.495286912184454 34.71948986072342
1.4 9.2 Webster 65 20 444 67 18.21892734385781 30.800434101882118
1.4 9.4 Webster 65 20 423 69 16.854543374024498 34.34369649075684
1.4 9.6 Webster 60 20 440 62 20.61659808449458 26.462250330429438
1.4 9.8 Webster 60 20 444 75 22.048227067008074 28.61234856465927
1.4 10.0 Webster 60 20 453 64 25.345130036013007 31.905099503975116
1.6 0.2 Webster 20 160 63 548 256.53178840654687 273.4859858114446
1.6 0.4 Webster 20 160 61 548 259.93772728549334 221.53274202750865
1.6 0.6 Webster 20 160 61 548 248.18484148334502 160.11683654872851
1.6 0.8 Webster 20 160 66 548 231.69740146033055 109.05570155436646
1.6 1.0 Webster 20 160 62 548 261.9922099531599 53.71199425189798
1.6 1.2 Webster 20 160 63 519 254.68642222172284 11.457160467390354
1.6 1.4 Webster 20 160 63 459 259.30787409953393 8.128951610138882
1.6 1.6 Webster 160 20 394 51 6.357989024006741 310.4420012111844
1.6 1.8 Webster 160 20 388 51 4.529021468916924 312.70724482756543
1.6 2.0 Webster 160 20 389 51 4.358061278934734 301.3603508765023
1.6 2.2 Webster 160 20 384 51 6.822722732175016 292.6893663950444
1.6 2.4 Webster 160 20 390 51 5.025005285485294 278.75149871883093
1.6 2.6 Webster 160 20 381 51 4.037555488706466 280.5714617970705
1.6 2.8 Webster 160 160 266 231 58.89745864663338 63.850556430842694
1.6 3.0 Webster 160 115 341 168 80.2217102486289 67.72870593973894
1.6 3.2 Webster 145 75 386 193 26.482295311508647 82.57454421706534
1.6 3.4 Webster 115 55 372 164 18.819702381371282 76.26638626558989
1.6 3.6 Webster 95 40 390 147 18.664638751161828 66.3201165978496
1.6 3.8 Webster 85 35 404 154 17.677380388038355 53.910169864522686
1.6 4.0 Webster 75 30 391 160 14.27598226217385 52.13590846501718
1.6 4.2 Webster 70 25 403 117 10.952764337175932 42.37853815584472
1.6 4.4 Webster 65 25 375 136 13.570400178811 44.32216340385673
1.6 4.6 Webster 60 20 380 133 11.571733040570326 53.31564590543418
1.6 4.8 Webster 60 20 380 136 10.156996803930625 48.35291920723259
1.6 5.0 Webster 55 20 379 119 14.54196172970824 42.2025655538363
1.6 5.2 Webster 55 20 410 122 17.900367199593752 33.56689371194359
1.6 5.4 Webster 50 20 379 130 17.136484409792935 34.803636271145976
1.6 5.6 Webster 50 20 406 91 22.011571870892666 25.265950575382583
1.6 5.8 Webster 50 20 375 109 11.000690253719712 24.89512830776609
1.6 6.0 Webster 50 20 374 84 10.364493938609975 26.35183164279884
1.6 6.2 Webster 45 20 398 108 18.322817350886442 22.06725918384027
1.6 6.4 Webster 45 20 391 103 13.85001061001464 21.571254294343714
1.6 6.6 Webster 45 20 363 94 10.719407338469981 19.655278697837062
1.6 6.8 Webster 45 20 396 78 13.734506867169674 20.180228837932457
1.6 7.0 Webster 45 20 402 96 29.785202076861104 21.76421461886223
1.6 7.2 Webster 45 20 399 84 16.364385493828696 20.772282039068635
1.6 7.4 Webster 45 20 400 86 28.67464887379317 21.97697577311984
1.6 7.6 Webster 45 20 382 79 15.11612967603727 24.697204802907596
1.6 7.8 Webster 40 20 378 91 17.872117029997785 20.34078459185038
1.6 8.0 Webster 40 20 384 88 20.664027983618748 20.592834165890643
1.6 8.2 Webster 40 20 391 77 24.693123989907974 19.568178196845032
1.6 8.4 Webster 40 20 374 72 12.910777699665568 17.891699940776206
1.6 8.6 Webster 40 20 392 70 43.926885609200475 18.91362810510343
1.6 8.8 Webster 40 20 383 77 21.569876344936738 21.21053869384949
1.6 9.0 Webster 40 20 375 56 23.976632662096215 18.788197989210705
1.6 9.2 Webster 40 20 371 60 18.454859743049127 20.702501105977603
1.6 9.4 Webster 40 20 400 70 36.62529020561983 14.720871820219745
1.6 9.6 Webster 40 20 381 50 15.73092779185306 17.468548383449807
1.6 9.8 Webster 40 20 388 45 19.001620044985355 21.782361785264193
1.6 10.0 Webster 40 20 394 59 22.000019847753286 19.845590955419247
1.8 0.2 Webster 20 160 63 548 251.44543337627482 269.45263335669205
1.8 0.4 Webster 20 160 65 548 243.32500380995296 208.06410038106927
1.8 0.6 Webster 20 160 62 548 242.8990581047158 162.26466081764482
1.8 0.8 Webster 20 160 63 548 245.38377144290772 117.87291378693712
1.8 1.0 Webster 20 160 63 548 256.68401424457335 38.557155069894385
1.8 1.2 Webster 20 160 68 544 229.75213304377456 18.87878590004054
1.8 1.4 Webster 20 160 61 430 251.41861226234144 8.250206164634898
1.8 1.6 Webster 20 160 63 399 250.40676227480225 6.729772545041296
1.8 1.8 Webster 160 20 369 51 5.179410950421675 303.78525545596295
1.8 2.0 Webster 160 20 346 51 3.9432274777372465 299.37633189337214
1.8 2.2 Webster 160 20 376 51 3.8768033726862403 289.91305381331176
1.8 2.4 Webster 160 160 250 278 66.38318478772223 75.35946691539229
1.8 2.6 Webster 135 95 327 226 32.52064195601209 96.19965750419743
1.8 2.8 Webster 95 60 331 216 28.0383126961337 53.112074000034305
1.8 3.0 Webster 75 45 349 184 19.420813578804456 40.86793956227558
1.8 3.2 Webster 65 35 361 172 18.327581949259844 32.63416612573223
1.8 3.4 Webster 55 30 380 179 22.552212036631804 34.72198638880914
1.8 3.6 Webster 50 25 362 159 14.554441797662475 25.965564484387418
1.8 3.8 Webster 50 25 358 145 12.393458284021047 27.356314062275874
1.8 4.0 Webster 45 20 311 153 7.333624517375187 30.390125387551794
1.8 4.2 Webster 45 20 351 136 12.854392447774297 30.097070848936262
1.8 4.4 Webster 40 20 363 126 18.053625735838875 21.22723352124047
1.8 4.6 Webster 40 20 384 152 16.3287310532079 24.992765670169504
1.8 4.8 Webster 40 20 388 148 19.849793832411034 21.854725204202143
1.8 5.0 Webster 40 20 365 125 14.408753356961508 23.958551181387826
1.8 5.2 Webster 35 20 348 128 15.502870865419503 18.18560590435199
1.8 5.4 Webster 35 20 351 105 18.59047484752403 18.907342974298054
1.8 5.6 Webster 35 20 329 102 14.621171885252632 20.2663814043505
1.8 5.8 Webster 35 20 367 99 19.224185597780032 16.76432765905294
1.8 6.0 Webster 35 20 369 113 40.5355879848236 19.466952431702428
1.8 6.2 Webster 35 20 335 97 14.510181005057822 17.925511364734874
1.8 6.4 Webster 35 20 348 80 16.289187885367774 15.828367224651407
1.8 6.6 Webster 35 20 364 79 15.562255125449944 16.167591419913325
1.8 6.8 Webster 30 20 337 100 21.33771913978473 13.525254256756138
1.8 7.0 Webster 30 20 350 89 35.12330852261428 16.9528635576843
1.8 7.2 Webster 30 20 285 75 12.05833211087103 11.811403410396633
1.8 7.4 Webster 30 20 331 101 16.627111782532417 13.861606642154898
1.8 7.6 Webster 30 20 316 87 16.63563218456148 12.787406156538948
1.8 7.8 Webster 30 20 327 85 15.237920690580859 14.225062365391342
1.8 8.0 Webster 30 20 342 75 34.867275956568264 15.78237254987415
1.8 8.2 Webster 30 20 331 68 12.739144159642514 13.04407900028891
1.8 8.4 Webster 30 20 322 87 16.40775380434032 12.533232099211912
1.8 8.6 Webster 30 20 351 65 35.13610280511142 15.174998179254201
1.8 8.8 Webster 30 20 339 59 27.997626015694706 11.662786198940855
1.8 9.0 Webster 30 20 341 73 53.075138570024414 16.321576911040566
1.8 9.2 Webster 30 20 344 70 40.62473883815713 15.005965890223298
1.8 9.4 Webster 30 20 334 54 34.348450282272765 12.804979245344438
1.8 9.6 Webster 30 20 335 54 31.121087854008326 13.297634424458359
1.8 9.8 Webster 30 20 347 78 25.538444837232124 15.629692131433172
1.8 10.0 Webster 30 20 326 63 19.866148593712747 11.233484626576889
2.0 0.2 Webster 20 160 62 548 242.92002655647798 273.8779388926156
2.0 0.4 Webster 20 160 62 548 243.84616615410457 215.37088605741243
2.0 0.6 Webster 20 160 62 548 248.21221869830313 165.1670872452867
2.0 0.8 Webster 20 160 58 548 279.61265527664926 111.44844806755823
2.0 1.0 Webster 20 160 56 548 276.1366258036249 71.95091473663278
2.0 1.2 Webster 20 160 60 516 256.2528988604254 11.00364290132221
2.0 1.4 Webster 20 160 57 416 264.2818574343431 5.104051080243824
2.0 1.6 Webster 20 160 63 414 238.61142438970865 8.817312256280664
2.0 1.8 Webster 20 160 60 358 257.3319109779728 5.523269153385043
2.0 2.0 Webster 160 20 342 51 3.594407256585647 302.408296410158
2.0 2.2 Webster 160 145 256 264 67.2336797332992 80.38471180777128
2.0 2.4 Webster 90 75 301 253 45.53263338844264 43.83871757208708
2.0 2.6 Webster 65 50 312 205 30.114778026967226 31.648525018255846
2.0 2.8 Webster 55 40 330 211 25.98025341035797 31.998425598863513
2.0 3.0 Webster 45 30 324 205 13.57734770042917 30.72615308418746
2.0 3.2 Webster 40 25 330 200 15.847481519503884 25.83820271881136
2.0 3.4 Webster 40 25 326 193 13.59974741598836 26.500648927344987
2.0 3.6 Webster 35 20 319 152 10.027138384696661 21.42551243616336
2.0 3.8 Webster 35 20 310 161 9.73998616023889 23.311712935699322
2.0 4.0 Webster 35 20 328 150 10.595289010049457 20.807489712703386
2.0 4.2 Webster 30 20 332 155 21.0965514226116 18.21644516195977
2.0 4.4 Webster 30 20 292 142 12.442658747801014 17.2032835360574
2.0 4.6 Webster 30 20 299 144 12.12323968756357 14.684461558861964
2.0 4.8 Webster 30 20 318 158 20.218332520078118 17.279279456699356
2.0 5.0 Webster 30 20 308 124 11.472690570987492 14.002942559550448
2.0 5.2 Webster 30 20 308 122 12.621525391141574 13.793204795833416
2.0 5.4 Webster 30 20 302 113 13.684668454502427 15.463451278001243
2.0 5.6 Webster 30 20 309 107 13.58111417440168 14.066582369617846
2.0 5.8 Webster 25 20 306 92 28.705553059757467 12.232301435273003
2.0 6.0 Webster 25 20 299 86 18.209550936386904 9.910709310606093
2.0 6.2 Webster 25 20 304 123 43.421865088744084 13.469716845337244
2.0 6.4 Webster 25 20 294 117 22.495302387559907 12.8561521177767
2.0 6.6 Webster 25 20 310 101 20.86992058719821 11.815969332891681
2.0 6.8 Webster 25 20 307 102 27.09567061580428 11.795298794877533
2.0 7.0 Webster 25 20 301 103 27.30332349523919 11.636504091859685
2.0 7.2 Webster 25 20 291 89 32.57987191137725 13.187671559745219
2.0 7.4 Webster 25 20 308 103 53.47512954452425 10.687093749856764
2.0 7.6 Webster 25 20 302 104 25.687330771444294 11.055771651469238
2.0 7.8 Webster 25 20 312 69 38.796121921968655 10.397127136744812
2.0 8.0 Webster 25 20 293 76 40.64390988388154 13.47677930102342
2.0 8.2 Webster 25 20 275 68 20.162988283011227 11.173129984589918
2.0 8.4 Webster 25 20 300 69 53.416284546821046 9.466443359475905
2.0 8.6 Webster 25 20 300 71 22.34608425419742 10.40873011172344
2.0 8.8 Webster 25 20 291 72 14.792725480091782 10.79584927629757
2.0 9.0 Webster 25 20 298 75 16.594917994414775 12.588038782319382
2.0 9.2 Webster 25 20 302 64 20.02377623532716 10.518414164137791
2.0 9.4 Webster 25 20 300 70 34.67513239916121 10.636089860764878
2.0 9.6 Webster 25 20 295 74 22.271936784848016 11.46320763898792
2.0 9.8 Webster 25 20 289 50 19.15583642635847 13.496218934893921
2.0 10.0 Webster 25 20 301 55 24.66694611325363 10.445978942793346
2.2 0.2 Webster 20 160 68 548 240.90492805576093 271.4401395116659
2.2 0.4 Webster 20 160 60 548 263.4297740476723 223.04938178856096
2.2 0.6 Webster 20 160 63 548 235.88632694869867 172.8169821918306
2.2 0.8 Webster 20 160 59 548 261.03690880618603 128.25700615110344
2.2 1.0 Webster 20 160 61 548 246.28589393641187 56.643137593670865
2.2 1.2 Webster 20 160 63 540 230.54831343587858 13.084966725206634
2.2 1.4 Webster 20 160 56 434 280.2721943089285 5.709657284645929
2.2 1.6 Webster 20 160 66 416 241.69789634943717 5.689212246916478
2.2 1.8 Webster 20 160 62 323 245.62036178543312 5.767884549054213
2.2 2.0 Webster 145 160 218 314 58.563065753140485 99.02628304116996
2.2 2.2 Webster 75 75 265 278 33.03231943516711 38.97209256500726
2.2 2.4 Webster 55 50 282 242 25.040956013511497 26.757539311537045
2.2 2.6 Webster 45 35 248 253 16.72451231530662 46.371793350052776
2.2 2.8 Webster 40 30 275 232 18.78179250117373 30.112981669730868
2.2 3.0 Webster 35 25 304 183 14.619527667088747 23.392549811057247
2.2 3.2 Webster 30 20 272 185 10.088420678098458 24.790396637349247
2.2 3.4 Webster 30 20 288 158 10.712816725008512 18.68099870246052
2.2 3.6 Webster 30 20 276 176 12.204148329420022 16.993875362663584
2.2 3.8 Webster 30 20 257 157 11.768883178527792 16.75090423255955
2.2 4.0 Webster 25 20 269 163 19.395753723244756 15.578034707246113
2.2 4.2 Webster 25 20 278 139 12.715992217472031 13.258570989284253
2.2 4.4 Webster 25 20 250 149 12.038288722078946 15.811673806246771
2.2 4.6 Webster 25 20 267 128 13.52137502971765 12.349398021300239
2.2 4.8 Webster 25 20 293 124 21.596658735249136 13.507713166457176
2.2 5.0 Webster 25 20 271 118 16.49688934197243 13.821723428145997
2.2 5.2 Webster 25 20 257 142 10.783075277972067 13.131578122109092
2.2 5.4 Webster 25 20 280 127 15.227843519088983 14.495103083453293
2.2 5.6 Webster 25 20 290 122 16.80214293783492 12.810225555114886
2.2 5.8 Webster 25 20 267 131 14.605783226463803 12.703282424640948
2.2 6.0 Webster 25 20 286 105 18.38639553716019 11.57494976010327
2.2 6.2 Webster 20 20 265 114 41.1100563451056 8.85937949625051
2.2 6.4 Webster 20 20 251 88 31.993946401904328 9.327691925262307
2.2 6.6 Webster 20 20 266 108 44.31902682670582 11.206657508021046
2.2 6.8 Webster 20 20 264 87 37.44085984070364 7.276917123980364
2.2 7.0 Webster 20 20 257 79 26.126476469004007 8.2722891440516
2.2 7.2 Webster 20 20 249 75 20.919212787472027 8.441414913325946
2.2 7.4 Webster 20 20 258 79 26.56153068766036 8.635718856962884
2.2 7.6 Webster 20 20 265 84 37.40357206236183 8.687123182379345
2.2 7.8 Webster 20 20 251 79 31.926690052068643 9.284603676224105
2.2 8.0 Webster 20 20 254 79 20.305181865927356 7.242573399398598
2.2 8.2 Webster 20 20 249 80 16.92827334895363 7.503606046435263
2.2 8.4 Webster 20 20 263 83 68.39946330108354 9.348750083769206
2.2 8.6 Webster 20 20 261 63 38.08322098106446 8.999102681744374
2.2 8.8 Webster 20 20 263 62 69.25193388893103 10.39983501092987
2.2 9.0 Webster 20 20 264 70 65.5849356438115 8.02434264882337
2.2 9.2 Webster 20 20 254 71 29.290707844846178 7.821151003368679
2.2 9.4 Webster 20 20 247 67 19.729266418825702 9.318767278030608
2.2 9.6 Webster 20 20 267 71 38.04258409273228 8.95227268761423
2.2 9.8 Webster 20 20 251 64 50.01447517677423 8.609347337739198
2.2 10.0 Webster 20 20 267 59 19.93243956827168 7.439018080456353
2.4 0.2 Webster 20 160 59 548 232.50135572064852 272.31636998120064
2.4 0.4 Webster 20 160 63 548 242.3626200589734 217.6511944903677
2.4 0.6 Webster 20 160 59 548 248.82531536817783 149.44224479950424
2.4 0.8 Webster 20 160 62 548 242.0366947819995 109.9781085130722
2.4 1.0 Webster 20 160 58 548 267.3082936243535 80.43105820550323
2.4 1.2 Webster 20 160 56 529 268.13208073394037 15.632661678224968
2.4 1.4 Webster 20 160 56 446 255.84040483618233 11.624218448630376
2.4 1.6 Webster 20 160 62 398 227.56213560614708 7.032761212065818
2.4 1.8 Webster 160 160 205 313 48.3107995857699 95.77368172394975
2.4 2.0 Webster 75 90 229 317 42.66378467361607 50.49210575628155
2.4 2.2 Webster 50 55 233 287 26.64932829132225 26.520757765441306
2.4 2.4 Webster 40 40 267 276 23.164585196369867 26.183731995938956
2.4 2.6 Webster 35 30 257 235 16.78883424054917 25.18341321164151
2.4 2.8 Webster 30 25 267 210 13.237889602383946 19.873049983203654
2.4 3.0 Webster 30 20 273 194 12.75133517840958 24.458205994717446
2.4 3.2 Webster 25 20 256 188 11.667074007158611 14.779365922158323
2.4 3.4 Webster 25 20 258 189 11.399562488160463 17.87502295436435
2.4 3.6 Webster 25 20 270 177 11.808597072634722 14.80094365480194
2.4 3.8 Webster 25 20 281 181 16.792301819876755 15.576587008649645
2.4 4.0 Webster 25 20 263 156 11.070618233004282 11.626221594859375
2.4 4.2 Webster 20 20 251 154 30.69694130602345 10.864064001378447
2.4 4.4 Webster 20 20 263 151 31.418849414961745 8.646322579072264
2.4 4.6 Webster 20 20 263 145 38.58252515794465 10.666253692393557
2.4 4.8 Webster 20 20 238 138 18.570030643006042 7.856478335271138
2.4 5.0 Webster 20 20 250 132 23.69352247199026 9.399311941610504
2.4 5.2 Webster 20 20 266 135 42.39772934260568 10.322134855387432
2.4 5.4 Webster 20 20 244 112 16.42883248449155 7.557258446472418
2.4 5.6 Webster 20 20 252 110 18.075646299813776 9.927980413839613
2.4 5.8 Webster 20 20 250 99 18.759982833337375 9.997816056991754
2.4 6.0 Webster 20 20 264 107 28.52960526597164 9.10419878679443
2.4 6.2 Webster 20 20 229 110 14.059177267065307 9.45069802481992
2.4 6.4 Webster 20 20 230 113 16.183944353578926 9.350487719579759
2.4 6.6 Webster 20 20 265 95 39.39187135049203 9.483622180591315
2.4 6.8 Webster 20 20 264 93 27.000365383532653 7.91225204167623
2.4 7.0 Webster 20 20 259 110 31.248367293251743 9.40402769617805
2.4 7.2 Webster 20 20 242 78 14.61226726399627 9.116325943048786
2.4 7.4 Webster 20 20 261 84 20.39846443083464 8.676020012827394
2.4 7.6 Webster 20 20 254 80 39.81333806353304 8.960645026840194
2.4 7.8 Webster 20 20 246 87 19.483459940172754 9.908844768664594
2.4 8.0 Webster 20 20 231 82 12.956391153039428 9.204366563512455
2.4 8.2 Webster 20 20 263 75 30.79754997760311 7.742972022909527
2.4 8.4 Webster 20 20 254 82 17.468089528028496 10.830659376236783
2.4 8.6 Webster 20 20 244 88 21.031050788552754 8.985874129180296
2.4 8.8 Webster 20 20 252 72 16.945355730517914 9.762706123412876
2.4 9.0 Webster 20 20 255 76 14.896493595798274 10.506555674592555
2.4 9.2 Webster 20 20 256 69 17.7864253074152 9.237422129352543
2.4 9.4 Webster 20 20 259 62 23.588283628029018 8.811311651867873
2.4 9.6 Webster 20 20 257 66 18.124023370850868 11.186770999845097
2.4 9.8 Webster 20 20 232 73 12.919630605344066 9.2777502493864
2.4 10.0 Webster 20 20 271 67 49.54612722608747 6.629727781154764
2.6 0.2 Webster 20 160 56 548 256.14032210762906 269.1105127476701
2.6 0.4 Webster 20 160 58 548 270.54462032566954 217.51232944133199
2.6 0.6 Webster 20 160 54 548 264.4585309618643 164.8175822579166
2.6 0.8 Webster 20 160 58 548 253.64319875245553 108.68267652533187
2.6 1.0 Webster 20 160 65 548 225.98246069722197 67.95059078804829
2.6 1.2 Webster 20 160 65 548 214.83891070640516 29.692538735947448
2.6 1.4 Webster 20 160 60 423 259.6857829102467 7.458548291062849
2.6 1.6 Webster 20 160 59 405 245.72643120560923 5.134568236492433
2.6 1.8 Webster 95 135 215 346 61.99722432379241 69.435440382542
2.6 2.0 Webster 50 65 240 305 30.344667516242584 35.08691828848317
2.6 2.2 Webster 35 45 239 286 47.382378604913804 20.80534842101281
2.6 2.4 Webster 30 35 231 243 24.357133148425422 18.50611293404569
2.6 2.6 Webster 25 25 222 266 14.679007981417536 20.84542878207286
2.6 2.8 Webster 25 25 232 222 13.44115598807282 14.71531256226335
2.6 3.0 Webster 25 20 226 221 9.776007669928477 22.572127133300256
2.6 3.2 Webster 20 20 256 222 22.672514147613935 12.723570854777451
2.6 3.4 Webster 20 20 228 180 12.619617033693233 11.82247880606646
2.6 3.6 Webster 20 20 239 172 12.337665197222996 9.529850431861417
2.6 3.8 Webster 20 20 234 156 13.186074103248169 12.096383262603762
2.6 4.0 Webster 20 20 221 150 13.019329611002416 9.433523372823883
2.6 4.2 Webster 20 20 219 150 11.12655611302656 8.22069285835231
2.6 4.4 Webster 20 20 233 110 14.924939314299639 9.314636986398256
2.6 4.6 Webster 20 20 253 136 23.24042579957979 9.460667241573734
2.6 4.8 Webster 20 20 211 119 12.19978711453444 8.629599444365038
2.6 5.0 Webster 20 20 216 131 11.221352047489175 10.618963663548865
2.6 5.2 Webster 20 20 235 128 17.426781132748943 10.044245961607643
2.6 5.4 Webster 20 20 260 132 24.019065754945192 9.534862227299582
2.6 5.6 Webster 20 20 254 117 16.42614900144162 9.407624020349468
2.6 5.8 Webster 20 20 249 109 21.393070365958394 9.04443037013439
2.6 6.0 Webster 20 20 243 104 26.279238582561252 8.439684546810794
2.6 6.2 Webster 20 20 226 94 14.202936639427813 7.595001266361706
2.6 6.4 Webster 20 20 237 95 17.719179093573203 10.014510007487804
2.6 6.6 Webster 20 20 214 76 12.166947498652194 10.196392866402888
2.6 6.8 Webster 20 20 209 108 11.826836336817676 9.160061042706898
2.6 7.0 Webster 20 20 250 106 21.212208098939215 10.390390746943527
2.6 7.2 Webster 20 20 239 97 17.87816213966266 8.649425234061201
2.6 7.4 Webster 20 20 229 97 12.58513843484617 7.6065889158496045
2.6 7.6 Webster 20 20 243 87 17.830327900510994 6.1940392476100765
2.6 7.8 Webster 20 20 244 83 13.211623204299858 7.912595410072444
2.6 8.0 Webster 20 20 225 72 14.302083437008394 7.597334257797414
2.6 8.2 Webster 20 20 242 85 14.68547487865403 8.83177506903056
2.6 8.4 Webster 20 20 248 66 17.13789326421691 8.668899550646195
2.6 8.6 Webster 20 20 246 73 16.56994621143037 8.424617420609037
2.6 8.8 Webster 20 20 225 79 23.75559682542184 8.850023876412429
2.6 9.0 Webster 20 20 238 76 16.30859408681003 8.579774298125253
2.6 9.2 Webster 20 20 225 63 11.371860010975873 9.162116150472137
2.6 9.4 Webster 20 20 241 74 12.265421799258709 8.07971287156108
2.6 9.6 Webster 20 20 250 65 13.35110798232796 7.902298625012799
2.6 9.8 Webster 20 20 264 48 24.98843879391277 8.52727691005916
2.6 10.0 Webster 20 20 205 58 11.630923798360165 9.521287059750618
2.8 0.2 Webster 20 160 61 548 213.7882626438248 266.48851475808897
2.8 0.4 Webster 20 160 57 548 239.507715003525 212.17881287526058
2.8 0.6 Webster 20 160 62 548 231.04317028755753 147.41745170951546
2.8 0.8 Webster 20 160 60 548 251.16648362589498 102.98022157940503
2.8 1.0 Webster 20 160 58 548 237.83088347885348 41.460040050279574
2.8 1.2 Webster 20 160 61 527 233.87749855209188 15.277215796001748
2.8 1.4 Webster 20 160 56 434 254.87266299096407 7.827935856666528
2.8 1.6 Webster 160 160 172 314 51.346128212274245 144.71440237677828
2.8 1.8 Webster 60 95 204 338 63.12431559467393 25.057942937006036
2.8 2.0 Webster 40 55 222 317 34.131971106342235 26.470796983675488
2.8 2.2 Webster 30 40 217 296 28.88052963118055 23.407754174512842
2.8 2.4 Webster 25 30 216 241 16.688252365019146 14.803392336947553
2.8 2.6 Webster 25 25 223 251 13.532728544680586 17.897774810726652
2.8 2.8 Webster 20 20 228 232 15.800764308835184 13.372147330410861
2.8 3.0 Webster 20 20 234 195 10.350310107008989 10.727047177569865
2.8 3.2 Webster 20 20 208 202 12.093297958665927 10.595424521404597
2.8 3.4 Webster 20 20 215 173 10.88570731294638 10.36656248081144
2.8 3.6 Webster 20 20 228 205 15.299513615562654 12.027689510165558
2.8 3.8 Webster 20 20 227 154 14.059277652058142 9.583117643039047
2.8 4.0 Webster 20 20 226 157 12.329218148220097 8.82181061413333
2.8 4.2 Webster 20 20 232 142 13.248209006757538 9.579608527858118
2.8 4.4 Webster 20 20 218 154 13.035387350853606 9.408192898197798
2.8 4.6 Webster 20 20 249 136 16.43457670140587 9.773323475025032
2.8 4.8 Webster 20 20 231 132 11.232105527398664 8.794157884982548
2.8 5.0 Webster 20 20 216 129 11.703696275627733 8.718856518472998
2.8 5.2 Webster 20 20 215 135 10.777318167161487 9.64111521260289
2.8 5.4 Webster 20 20 227 118 12.955239334563505 10.869625071561478
2.8 5.6 Webster 20 20 216 112 12.447668433552861 8.645691032618142
2.8 5.8 Webster 20 20 243 98 16.101130936302948 9.222916460233723
2.8 6.0 Webster 20 20 223 119 11.845710621622082 9.521337900154627
2.8 6.2 Webster 20 20 232 104 15.364950533168114 9.81721688402091
2.8 6.4 Webster 20 20 216 99 11.70212780732332 7.954408802123691
2.8 6.6 Webster 20 20 213 97 15.735377832266801 8.8482961706338
2.8 6.8 Webster 20 20 232 85 15.643731082346289 11.780149688118916
2.8 7.0 Webster 20 20 226 104 13.951228446211786 9.13390438485117
2.8 7.2 Webster 20 20 226 71 14.436588597629846 9.380029670116151
2.8 7.4 Webster 20 20 199 88 11.568378933649454 6.1926067754483105
2.8 7.6 Webster 20 20 228 85 11.510160019051344 9.352303362851796
2.8 7.8 Webster 20 20 194 68 10.68733648918942 7.979330685956264
2.8 8.0 Webster 20 20 240 95 15.127874004054778 7.546291932669533
2.8 8.2 Webster 20 20 232 77 15.618251590749582 8.989896596942746
2.8 8.4 Webster 20 20 231 70 13.990265160167816 8.81501425132678
2.8 8.6 Webster 20 20 247 63 19.468794303372015 8.896309548417856
2.8 8.8 Webster 20 20 249 81 16.089464396011746 9.139403457925399
2.8 9.0 Webster 20 20 216 60 11.778591588104089 7.5957048368557585
2.8 9.2 Webster 20 20 226 61 14.179627831264106 8.770758959546491
2.8 9.4 Webster 20 20 236 69 14.811627433738924 8.478275880567644
2.8 9.6 Webster 20 20 255 74 14.994200835574132 8.696243605829343
2.8 9.8 Webster 20 20 224 53 12.163487948470012 8.265257546121642
2.8 10.0 Webster 20 20 223 82 16.552227897404116 8.847349775585254
3.0 0.2 Webster 20 160 59 548 245.29873550089397 270.22507123430114
3.0 0.4 Webster 20 160 59 548 244.17091839068868 222.8347274188323
3.0 0.6 Webster 20 160 59 548 238.20632048606174 169.98858752456962
3.0 0.8 Webster 20 160 61 548 220.4572338949182 111.06835463989279
3.0 1.0 Webster 20 160 58 548 232.9634655649791 77.76837757799726
3.0 1.2 Webster 20 160 62 521 237.06593660943565 14.210128507318819
3.0 1.4 Webster 20 160 61 464 225.57736793083401 8.973839548201568
3.0 1.6 Webster 115 160 202 314 63.271638355943914 63.09295741683448
3.0 1.8 Webster 45 75 202 349 47.153943404414775 32.75975627800168
3.0 2.0 Webster 30 45 217 305 29.939547970850626 16.872518696251795
3.0 2.2 Webster 25 35 235 295 39.70933713983944 16.68526982420382
3.0 2.4 Webster 20 30 212 230 64.3372944731169 10.583066557472968
3.0 2.6 Webster 20 25 194 236 16.07444157994848 9.424022546148127
3.0 2.8 Webster 20 20 198 208 11.789402811250119 11.13062201465017
3.0 3.0 Webster 20 20 201 205 9.966974165838607 13.108440108232019
3.0 3.2 Webster 20 20 189 205 11.5020761326246 11.116335762985747
3.0 3.4 Webster 20 20 192 166 11.973820851710672 9.766867677715048
3.0 3.6 Webster 20 20 203 197 9.376657381401285 9.818274733787847
3.0 3.8 Webster 20 20 210 163 13.900964570773823 9.907460144717799
3.0 4.0 Webster 20 20 189 169 12.21082669512962 10.529974947342598
3.0 4.2 Webster 20 20 194 171 10.3009244277574 10.38603461030877
3.0 4.4 Webster 20 20 227 130 12.100242137011573 9.121466817403629
3.0 4.6 Webster 20 20 211 135 12.056391874091885 8.36486711346298
3.0 4.8 Webster 20 20 194 144 9.632024717418284 9.784991745733102
3.0 5.0 Webster 20 20 226 122 15.141937400877984 11.365349293844465
3.0 5.2 Webster 20 20 184 132 10.147790851991372 9.14645907203454
3.0 5.4 Webster 20 20 202 114 13.16277612954023 9.83144323354997
3.0 5.6 Webster 20 20 192 118 11.489681761256605 9.435020298116811
3.0 5.8 Webster 20 20 242 100 17.82679362035425 10.005643081092707
3.0 6.0 Webster 20 20 201 100 9.561842766153237 7.868698553057413
3.0 6.2 Webster 20 20 245 95 35.50435198730905 10.041113410188702
3.0 6.4 Webster 20 20 207 112 13.018772020017959 8.278501799508858
3.0 6.6 Webster 20 20 218 88 12.21558455620396 8.352850062074598
3.0 6.8 Webster 20 20 205 81 11.582661887358011 7.998151495050876
3.0 7.0 Webster 20 20 218 97 13.135779922170613 8.47465352294354
3.0 7.2 Webster 20 20 202 88 10.19745509508668 7.8165286494944946
3.0 7.4 Webster 20 20 206 82 10.534397264728094 8.326455591138288
3.0 7.6 Webster 20 20 226 94 14.009900597295594 6.788220182312361
3.0 7.8 Webster 20 20 200 77 10.381726525590757 9.211783663765585
3.0 8.0 Webster 20 20 195 79 11.479960471353717 8.95423432947847
3.0 8.2 Webster 20 20 220 97 11.940184687131568 9.614640907676415
3.0 8.4 Webster 20 20 225 70 17.412237500500765 10.555115343216901
3.0 8.6 Webster 20 20 201 65 10.4076030935568 6.810653859777084
3.0 8.8 Webster 20 20 212 72 11.443323062354184 9.643545012918855
3.0 9.0 Webster 20 20 215 79 13.329045751374835 7.735453246063351
3.0 9.2 Webster 20 20 194 78 10.988343863800008 7.8467629757565485
3.0 9.4 Webster 20 20 231 86 17.489461833183388 9.655105125372646
3.0 9.6 Webster 20 20 198 51 11.30600578457998 8.201487837337305
3.0 9.8 Webster 20 20 233 63 17.313356789868593 8.547456146462386
3.0 10.0 Webster 20 20 176 66 8.01536201316885 6.767135130695163
3.2 0.2 Webster 20 160 58 548 232.2015795099921 266.32559413037455
3.2 0.4 Webster 20 160 58 548 236.74846003115746 217.6660131949172
3.2 0.6 Webster 20 160 57 548 225.80111114717724 163.82927602083777
3.2 0.8 Webster 20 160 59 548 226.86899662487744 114.82915438584506
3.2 1.0 Webster 20 160 60 548 213.45939749686565 49.62044214574695
3.2 1.2 Webster 20 160 56 507 249.01282090535636 12.621062014894065
3.2 1.4 Webster 20 160 61 462 233.53824445530793 7.0851842374298775
3.2 1.6 Webster 75 145 144 391 60.46703601636644 34.37748102051577
3.2 1.8 Webster 35 65 196 346 62.29965284730317 18.49335124562401
3.2 2.0 Webster 25 40 164 314 18.304634480456958 13.845383447398707
3.2 2.2 Webster 20 30 175 272 18.236452232379037 11.466730304698576
3.2 2.4 Webster 20 25 209 258 14.078515864953484 12.152370012844704
3.2 2.6 Webster 20 20 191 240 10.879353764475455 14.980820221466677
3.2 2.8 Webster 20 20 190 232 9.339040574265372 14.34157910143101
3.2 3.0 Webster 20 20 166 229 10.447604609993666 12.698831458632352
3.2 3.2 Webster 20 20 212 198 12.525220035108298 11.805341722697008
3.2 3.4 Webster 20 20 196 163 10.230711212096594 9.893027464521428
3.2 3.6 Webster 20 20 167 177 9.97187240423624 10.26964375189004
3.2 3.8 Webster 20 20 187 164 10.56844010205647 9.868141777109752
3.2 4.0 Webster 20 20 194 132 16.523175749180062 9.789055869816089
3.2 4.2 Webster 20 20 202 145 12.744858270986006 10.923899103235817
3.2 4.4 Webster 20 20 197 149 13.305335794158442 9.602607814595336
3.2 4.6 Webster 20 20 212 140 11.756997569372245 9.48999092273593
3.2 4.8 Webster 20 20 196 127 10.591199589841079 9.421278273661978
3.2 5.0 Webster 20 20 180 135 10.113491338513061 10.005120496522357
3.2 5.2 Webster 20 20 198 110 10.266739471914933 10.725985059159328
3.2 5.4 Webster 20 20 202 113 13.101281661724325 8.031057727182535
3.2 5.6 Webster 20 20 211 101 10.54437458067824 9.3126240660571
3.2 5.8 Webster 20 20 195 121 10.900873418658074 8.9009274107505
3.2 6.0 Webster 20 20 216 102 11.994885916659857 7.371968366877898
3.2 6.2 Webster 20 20 218 91 14.632757766614128 10.302989539684082
3.2 6.4 Webster 20 20 207 107 10.350496826182267 7.775118686257792
3.2 6.6 Webster 20 20 195 103 12.586698704543362 7.83365440566682
3.2 6.8 Webster 20 20 202 113 12.56846307623519 10.13145571309449
3.2 7.0 Webster 20 20 184 99 10.705058100860976 9.364396060102642
3.2 7.2 Webster 20 20 184 93 10.373254194799543 9.947414659898389
3.2 7.4 Webster 20 20 191 100 9.914189209785576 9.168494695871129
3.2 7.6 Webster 20 20 193 88 9.907292935257558 8.506497492460063
3.2 7.8 Webster 20 20 213 68 15.513535234911195 8.080599336947705
3.2 8.0 Webster 20 20 216 82 10.880350517272463 8.543188966787174
3.2 8.2 Webster 20 20 210 80 13.974500552785475 8.770717551548529
3.2 8.4 Webster 20 20 185 69 14.283640719089492 8.089970004290073
3.2 8.6 Webster 20 20 185 94 9.670753642902984 7.868348593881608
3.2 8.8 Webster 20 20 204 76 11.749251850772769 8.860501785163171
3.2 9.0 Webster 20 20 196 82 10.261436194508635 6.704064467323299
3.2 9.2 Webster 20 20 172 71 9.596781202300305 7.925931013867093
3.2 9.4 Webster 20 20 223 63 14.313507452919923 9.349952151004779
3.2 9.6 Webster 20 20 177 69 11.427854165684565 6.2012673303505785
3.2 9.8 Webster 20 20 218 71 11.148225391742013 7.258511681219622
3.2 10.0 Webster 20 20 203 65 12.142336197234329 7.782022661199296
3.4 0.2 Webster 20 160 59 548 235.49109958271615 268.75070288560414
3.4 0.4 Webster 20 160 58 548 230.56488796862163 222.04138039252769
3.4 0.6 Webster 20 160 56 548 228.00477540704588 163.49116529380345
3.4 0.8 Webster 20 160 55 548 257.76920515551745 109.5323197067974
3.4 1.0 Webster 20 160 54 548 239.3968635803639 48.27521038995651
3.4 1.2 Webster 20 160 57 506 241.51887352395244 11.01183555708574
3.4 1.4 Webster 20 160 58 466 222.46869135478337 9.889622722968895
3.4 1.6 Webster 55 115 167 397 54.21725788186759 30.14625573151025
3.4 1.8 Webster 30 55 179 343 35.07758415867948 18.016137175533917
3.4 2.0 Webster 25 40 169 310 18.46228721930032 13.89991548542748
3.4 2.2 Webster 20 30 172 297 17.46158874509511 13.59899167438974
3.4 2.4 Webster 20 25 175 285 13.18197292286493 14.799876963820278
3.4 2.6 Webster 20 20 171 243 10.389305370545145 16.02301459991672
3.4 2.8 Webster 20 20 185 234 10.127925242429386 14.70174795199204
3.4 3.0 Webster 20 20 194 208 11.965497274803342 14.625952982390512
3.4 3.2 Webster 20 20 172 194 9.449230577342647 10.778996146508755
3.4 3.4 Webster 20 20 189 193 10.038648020950864 13.283124250413984
3.4 3.6 Webster 20 20 160 185 9.347262936605091 10.537469787481495
3.4 3.8 Webster 20 20 181 165 12.272068453522825 10.695730366535503
3.4 4.0 Webster 20 20 170 162 9.290009454022426 9.702038309041399
3.4 4.2 Webster 20 20 174 135 10.852484256131996 11.138575076089523
3.4 4.4 Webster 20 20 191 148 9.8464953614256 10.395828675850224
3.4 4.6 Webster 20 20 175 146 10.889243509642428 10.9504993788296
3.4 4.8 Webster 20 20 165 145 9.599765284899574 9.641622614775264
3.4 5.0 Webster 20 20 190 122 9.978501323744641 9.856468621959872
3.4 5.2 Webster 20 20 174 110 8.929547547259238 9.060495273110167
3.4 5.4 Webster 20 20 169 120 9.013003798902997 8.432325061655446
3.4 5.6 Webster 20 20 186 92 11.364956688348464 11.246754550019185
3.4 5.8 Webster 20 20 181 94 10.573720599807428 9.902688196345316
3.4 6.0 Webster 20 20 168 100 9.904239425716545 9.02116749408711
3.4 6.2 Webster 20 20 186 91 8.897035093925439 8.739599751132209
3.4 6.4 Webster 20 20 195 100 11.709193298638544 9.218969512765932
3.4 6.6 Webster 20 20 172 113 11.231755598744524 9.279007077815715
3.4 6.8 Webster 20 20 194 79 11.446175596284702 8.781342386609404
3.4 7.0 Webster 20 20 157 86 10.438735028940062 9.472823272674269
3.4 7.2 Webster 20 20 183 80 10.324421029702542 9.253568409668134
3.4 7.4 Webster 20 20 186 84 10.000336045982555 8.300122836852799
3.4 7.6 Webster 20 20 179 103 10.647890103943393 10.361196279066986
3.4 7.8 Webster 20 20 168 83 9.51857566934889 7.379193817677595
3.4 8.0 Webster 20 20 178 71 10.958110680213213 8.268770890637303
3.4 8.2 Webster 20 20 171 76 11.299358350104832 8.837703794102085
3.4 8.4 Webster 20 20 178 78 13.203306301027741 9.770742247044861
3.4 8.6 Webster 20 20 177 72 10.665170768968125 8.155266675432166
3.4 8.8 Webster 20 20 163 89 9.320646777836005 10.19556611216857
3.4 9.0 Webster 20 20 157 67 10.781903246974805 6.611163379966182
3.4 9.2 Webster 20 20 184 71 12.241674548982443 8.667850477604611
3.4 9.4 Webster 20 20 187 63 10.261588193532102 7.166682130808406
3.4 9.6 Webster 20 20 167 83 11.646116750647634 10.300740746207696
3.4 9.8 Webster 20 20 195 53 9.960209183284348 9.52930067667548
3.4 10.0 Webster 20 20 176 76 11.43420594470743 8.42852411912342
3.6 0.2 Webster 20 160 57 548 237.37179438966095 269.58369915995354
3.6 0.4 Webster 20 160 53 548 201.77730198544705 213.29199262865006
3.6 0.6 Webster 20 160 53 548 248.42096293484158 175.105542698477
3.6 0.8 Webster 20 160 59 548 225.6502191180863 120.4791122927009
3.6 1.0 Webster 20 160 59 548 227.99512160227349 61.95388319880929
3.6 1.2 Webster 20 160 63 540 205.44182658144115 18.44593636484905
3.6 1.4 Webster 160 160 140 314 35.975431303567944 174.71003420824204
3.6 1.6 Webster 40 95 151 412 48.420756792005804 28.58574061208957
3.6 1.8 Webster 25 50 158 315 38.49267482307791 12.81259448341912
3.6 2.0 Webster 20 35 183 296 26.205018526521314 10.585647807782173
3.6 2.2 Webster 20 30 171 270 15.90605153426635 9.98754888951562
3.6 2.4 Webster 20 25 190 308 13.96081911333253 29.04480863075352
3.6 2.6 Webster 20 20 184 249 9.633268814384156 15.72746663611446
3.6 2.8 Webster 20 20 165 235 9.509964240242137 17.771764342262717
3.6 3.0 Webster 20 20 162 212 10.752631929619753 16.003652078124283
3.6 3.2 Webster 20 20 185 190 9.996992177876585 12.523218866345394
3.6 3.4 Webster 20 20 174 189 12.012588392140348 10.84268771562391
3.6 3.6 Webster 20 20 164 171 10.533836403802056 10.075461584910457
3.6 3.8 Webster 20 20 170 149 10.935964470077451 10.304937773830414
3.6 4.0 Webster 20 20 163 168 9.387950989510653 9.88342667112831
3.6 4.2 Webster 20 20 191 143 10.270465214645105 8.997160490870288
3.6 4.4 Webster 20 20 190 160 9.688942423469259 10.44430445708802
3.6 4.6 Webster 20 20 183 147 10.44244504030552 11.08777660117429
3.6 4.8 Webster 20 20 172 128 7.742707322605881 8.914497663603726
3.6 5.0 Webster 20 20 185 125 9.766692452772649 9.044281558950132
3.6 5.2 Webster 20 20 187 106 10.864285900360954 8.653892638317998
3.6 5.4 Webster 20 20 176 122 11.731498100396381 9.239502058160511
3.6 5.6 Webster 20 20 169 114 10.699505032074427 8.873281232005628
3.6 5.8 Webster 20 20 147 109 10.758802424272007 6.244157168549531
3.6 6.0 Webster 20 20 186 95 10.751655483224768 9.902417059667448
3.6 6.2 Webster 20 20 182 111 11.85098647360014 8.360937952258956
3.6 6.4 Webster 20 20 162 109 9.685924811689402 8.412763137918613
3.6 6.6 Webster 20 20 168 103 10.66034908892061 9.144061038046809
3.6 6.8 Webster 20 20 171 95 10.03250683020433 11.013913552448063
3.6 7.0 Webster 20 20 163 73 9.682679458248012 8.265393194821506
3.6 7.2 Webster 20 20 167 101 11.224348216710139 9.141051850996611
3.6 7.4 Webster 20 20 180 99 10.65132292755808 9.789128186113617
3.6 7.6 Webster 20 20 158 87 10.296316818688666 8.305319688571108
3.6 7.8 Webster 20 20 190 71 12.202277986397942 9.000738856861384
3.6 8.0 Webster 20 20 195 90 12.135177876767242 9.050521625709536
3.6 8.2 Webster 20 20 153 97 8.002933158023568 9.802040250805758
3.6 8.4 Webster 20 20 164 73 8.974343698690653 10.245918947201474
3.6 8.6 Webster 20 20 193 92 10.271276851590548 9.427355268723712
3.6 8.8 Webster 20 20 165 72 10.835637522706062 9.981834731340918
3.6 9.0 Webster 20 20 171 74 8.982247796856058 9.182704264192846
3.6 9.2 Webster 20 20 162 60 10.610331778330327 10.188401208606393
3.6 9.4 Webster 20 20 165 84 9.87957433776827 6.462638393982357
3.6 9.6 Webster 20 20 157 56 9.689384217917725 7.300526058568017
3.6 9.8 Webster 20 20 183 89 10.950593149847593 9.896951919174251
3.6 10.0 Webster 20 20 189 57 10.638513584769616 8.582500516278062
3.8 0.2 Webster 20 160 56 548 254.196201091469 273.50754240378075
3.8 0.4 Webster 20 160 61 548 219.52815227618112 209.8656651897349
3.8 0.6 Webster 20 160 59 548 238.11411496561243 174.93631474667814
3.8 0.8 Webster 20 160 56 548 240.91118090278744 102.60195441001618
3.8 1.0 Webster 20 160 55 546 239.28647191526727 36.057092569752
3.8 1.2 Webster 20 160 57 546 234.00902332820002 20.07581267380437
3.8 1.4 Webster 160 160 122 314 36.1179017966292 185.44701111105132
3.8 1.6 Webster 35 85 164 352 55.373093134439266 16.576120601993605
3.8 1.8 Webster 25 50 159 369 24.55423602524344 19.684308418990035
3.8 2.0 Webster 20 35 160 329 19.50647210847268 11.509856690924105
3.8 2.2 Webster 20 30 166 293 15.55244587697073 15.202263825927748
3.8 2.4 Webster 20 25 159 268 13.958675463891915 15.62383293195391
3.8 2.6 Webster 20 20 166 244 10.073570236850852 16.493967727397052
3.8 2.8 Webster 20 20 167 235 9.41442701594492 14.685652682247449
3.8 3.0 Webster 20 20 149 222 9.518186253779962 14.273575649126258
3.8 3.2 Webster 20 20 159 231 10.966370524369177 14.067954189980279
3.8 3.4 Webster 20 20 144 188 8.796865235388605 10.636949338458399
3.8 3.6 Webster 20 20 165 183 10.581585067742418 10.496559319147272
3.8 3.8 Webster 20 20 160 147 10.60540432497014 9.788012744566563
3.8 4.0 Webster 20 20 158 164 8.91111587385741 10.607302620301564
3.8 4.2 Webster 20 20 168 147 10.371929940786323 10.758772814121203
3.8 4.4 Webster 20 20 160 152 10.921479708967071 9.76555301731888
3.8 4.6 Webster 20 20 132 145 10.689332900337217 10.728514755834548
3.8 4.8 Webster 20 20 159 141 9.264353507080612 10.05342720151259
3.8 5.0 Webster 20 20 154 152 9.641264791928073 10.236399198631949
3.8 5.2 Webster 20 20 163 103 10.311502912825139 7.86610348340191
3.8 5.4 Webster 20 20 159 113 10.024009415069592 10.03282366469412
3.8 5.6 Webster 20 20 158 114 9.06366219816734 8.965078365893099
3.8 5.8 Webster 20 20 167 129 10.315403710817376 10.10117763763888
3.8 6.0 Webster 20 20 157 85 9.104407850677406 8.459600065628015
3.8 6.2 Webster 20 20 161 91 8.810009753959621 9.168135424198798
3.8 6.4 Webster 20 20 161 95 10.382717762935783 10.01858922905938
3.8 6.6 Webster 20 20 167 94 10.906461283234366 10.44537163987794
3.8 6.8 Webster 20 20 185 77 10.224572573320355 8.524068861112417
3.8 7.0 Webster 20 20 175 90 9.246984859137896 7.514639960165957
3.8 7.2 Webster 20 20 189 104 11.665100407277986 7.197368268774417
3.8 7.4 Webster 20 20 189 79 9.509440436027145 10.125821864215395
3.8 7.6 Webster 20 20 184 87 10.29110781307661 8.18426008211832
3.8 7.8 Webster 20 20 143 75 8.996596176652577 8.535554372019744
3.8 8.0 Webster 20 20 168 79 10.726158654912757 8.7855502431699
3.8 8.2 Webster 20 20 175 67 10.126462343630912 7.3321399473593605
3.8 8.4 Webster 20 20 141 81 8.671021356292236 8.380941021169383
3.8 8.6 Webster 20 20 155 79 10.210700611257401 8.988998836350369
3.8 8.8 Webster 20 20 154 65 10.739438567131812 8.57624286218631
3.8 9.0 Webster 20 20 165 71 8.870087927327464 8.903325448028802
3.8 9.2 Webster 20 20 160 66 9.508687216510111 9.43310040251827
3.8 9.4 Webster 20 20 163 85 8.957964324380747 7.9188593736564945
3.8 9.6 Webster 20 20 175 72 9.705767947070687 9.472470953859293
3.8 9.8 Webster 20 20 166 70 10.046145371450894 8.096636423718014
3.8 10.0 Webster 20 20 151 58 9.420031433602986 9.658929268267187
4.0 0.2 Webster 20 160 61 548 234.7158077984441 268.0834290082294
4.0 0.4 Webster 20 160 55 548 258.87269307230497 206.68242689191192
4.0 0.6 Webster 20 160 54 548 218.00808062670714 148.878755383456
4.0 0.8 Webster 20 160 59 548 204.13857447807902 92.24746758631352
4.0 1.0 Webster 20 160 56 548 206.31434865381237 56.70713452916475
4.0 1.2 Webster 20 160 57 523 193.8555848052961 15.406079832372134
4.0 1.4 Webster 100 160 166 331 63.79580651949033 99.19388529600906
4.0 1.6 Webster 30 75 146 411 47.633126990303566 19.663233713147374
4.0 1.8 Webster 20 45 156 343 30.934422114449028 9.7797210776805
4.0 2.0 Webster 20 35 160 328 22.56942774331194 14.656653538045662
4.0 2.2 Webster 20 25 169 280 14.139692278126278 17.040123285756714
4.0 2.4 Webster 20 25 164 272 13.744144781018022 16.18908459692742
4.0 2.6 Webster 20 20 160 260 11.824417585997821 18.91914151158396
4.0 2.8 Webster 20 20 140 224 8.079927481949419 13.750896315278158
4.0 3.0 Webster 20 20 156 211 9.031525490320137 11.141560609923333
4.0 3.2 Webster 20 20 171 201 10.869011733206593 14.25845151408581
4.0 3.4 Webster 20 20 141 178 10.020540185919964 9.831591429696356
4.0 3.6 Webster 20 20 133 180 6.846395781037671 10.458085365331327
4.0 3.8 Webster 20 20 161 167 9.956597991835242 9.73945251151237
4.0 4.0 Webster 20 20 163 174 9.614643720743361 11.344534649733825
4.0 4.2 Webster 20 20 166 140 8.393624440808722 10.159494337010502
4.0 4.4 Webster 20 20 160 146 9.84372636386436 10.422477842122408
4.0 4.6 Webster 20 20 158 159 9.600082608146217 8.896236166007416
4.0 4.8 Webster 20 20 146 134 9.894712110582736 8.270612885539414
4.0 5.0 Webster 20 20 154 121 10.638288413651319 11.457443077515526
4.0 5.2 Webster 20 20 159 138 10.194309839315547 9.388115883865039
4.0 5.4 Webster 20 20 152 121 12.554688281046428 8.32212936876244
4.0 5.6 Webster 20 20 166 111 9.643519101773602 10.077342989629296
4.0 5.8 Webster 20 20 152 101 10.112440700633238 9.090220606715393
4.0 6.0 Webster 20 20 138 99 8.797773600271894 9.496693560226817
4.0 6.2 Webster 20 20 163 106 9.523327405754351 9.41476157100615
4.0 6.4 Webster 20 20 153 100 9.494035703600257 10.426304073652863
4.0 6.6 Webster 20 20 172 95 10.519154795806799 8.744085409982178
4.0 6.8 Webster 20 20 149 85 8.853819582721268 9.870771891694854
4.0 7.0 Webster 20 20 173 103 9.552582815190167 9.221968985027557
4.0 7.2 Webster 20 20 144 91 9.544711485783445 9.659234669712216
4.0 7.4 Webster 20 20 160 76 9.951632166362822 7.463828473046171
4.0 7.6 Webster 20 20 118 87 8.748219512213483 8.213280592956576
4.0 7.8 Webster 20 20 158 99 12.122772494186739 9.690648980288211
4.0 8.0 Webster 20 20 158 98 8.259880765711243 7.325551660605704
4.0 8.2 Webster 20 20 148 84 9.81118983054007 9.121179979899894
4.0 8.4 Webster 20 20 155 87 8.960693241332816 8.877377834176404
4.0 8.6 Webster 20 20 148 58 9.839510004768659 8.818652648519206
4.0 8.8 Webster 20 20 147 72 8.470463168799155 7.470980456155751
4.0 9.0 Webster 20 20 164 72 10.127791442489869 7.708214371467731
4.0 9.2 Webster 20 20 177 67 10.27138278391109 9.42375493547952
4.0 9.4 Webster 20 20 161 85 10.751289446460184 7.5521082022952895
4.0 9.6 Webster 20 20 155 80 8.341506204053871 7.584735581718547
4.0 9.8 Webster 20 20 170 66 9.381750542419233 9.71335922819759
4.0 10.0 Webster 20 20 156 73 10.469117576338116 7.7385529794800405
4.2 0.2 Webster 20 160 55 548 223.4442683247254 269.7771354453256
4.2 0.4 Webster 20 160 59 548 228.36126124967822 225.37665977818455
4.2 0.6 Webster 20 160 58 548 227.83665604616337 172.30974345508662
4.2 0.8 Webster 20 160 56 548 233.10871493871974 80.88420291385886
4.2 1.0 Webster 20 160 56 548 207.8630874963794 75.29702004326529
4.2 1.2 Webster 20 160 55 525 173.88992174616504 19.07975217405163
4.2 1.4 Webster 70 160 120 421 65.22494572761403 68.14439731432729
4.2 1.6 Webster 25 70 139 358 71.28805519786415 10.933141775657159
4.2 1.8 Webster 20 45 156 361 27.001626641362456 11.875663238735356
4.2 2.0 Webster 20 30 152 291 16.30375661371864 11.642571990227493
4.2 2.2 Webster 20 25 134 282 13.309771350546594 14.968221039660978
4.2 2.4 Webster 20 20 156 258 9.75284655159047 21.358554313357992
4.2 2.6 Webster 20 20 176 233 8.858621761977952 12.908710875595826
4.2 2.8 Webster 20 20 137 264 9.063655986807515 20.36060545612478
4.2 3.0 Webster 20 20 160 209 9.11214962947912 11.330382268439129
4.2 3.2 Webster 20 20 151 215 9.807587055421862 11.147167351482565
4.2 3.4 Webster 20 20 149 207 10.59165242367624 11.669385310843095
4.2 3.6 Webster 20 20 152 184 7.732807424270693 10.70105277496951
4.2 3.8 Webster 20 20 135 180 9.537687466337468 10.835840300348748
4.2 4.0 Webster 20 20 157 150 10.195971090045253 9.043861897146392
4.2 4.2 Webster 20 20 147 147 9.404562828619113 10.653096143792364
4.2 4.4 Webster 20 20 144 158 9.491228147730403 11.030912780547116
4.2 4.6 Webster 20 20 151 148 9.539837798191257 9.466793688754022
4.2 4.8 Webster 20 20 153 127 10.233951828021931 9.401563394881109
4.2 5.0 Webster 20 20 147 133 8.595845790293538 9.382395371860298
4.2 5.2 Webster 20 20 154 114 11.582053685558938 9.85089135478772
4.2 5.4 Webster 20 20 138 111 9.223714836486783 10.408986384722002
4.2 5.6 Webster 20 20 151 122 9.175707084065136 10.50911865745174
4.2 5.8 Webster 20 20 153 110 10.319555894523868 9.30302309797476
4.2 6.0 Webster 20 20 156 94 8.607354099693012 8.700987319780229
4.2 6.2 Webster 20 20 151 102 9.277647890114688 8.6189800239452
4.2 6.4 Webster 20 20 168 107 9.346894707938054 9.05213316923128
4.2 6.6 Webster 20 20 147 109 10.042640376067368 7.692109187222621
4.2 6.8 Webster 20 20 143 86 9.238288915565956 8.749917930480438
4.2 7.0 Webster 20 20 147 87 10.327086686979378 8.590331000296688
4.2 7.2 Webster 20 20 153 98 9.842847148381406 8.283426419639897
4.2 7.4 Webster 20 20 160 92 10.008383072835278 9.17028243019242
4.2 7.6 Webster 20 20 129 91 9.464368696372972 9.032378588549593
4.2 7.8 Webster 20 20 135 89 8.278349801017631 9.807305613321052
4.2 8.0 Webster 20 20 149 98 11.882113315224073 8.627019511449856
4.2 8.2 Webster 20 20 157 86 9.182407970571168 8.810929293539793
4.2 8.4 Webster 20 20 142 93 8.840868761972443 10.73249289361952
4.2 8.6 Webster 20 20 146 64 10.600655867339057 7.788891166277532
4.2 8.8 Webster 20 20 126 71 9.002694250760142 8.049644351488887
4.2 9.0 Webster 20 20 125 63 8.83047262556986 8.63006417996256
4.2 9.2 Webster 20 20 150 60 7.647102464144987 8.942620305522732
4.2 9.4 Webster 20 20 144 66 8.583573187444433 7.757752723003309
4.2 9.6 Webster 20 20 159 73 11.33321907600779 8.018636052883046
4.2 9.8 Webster 20 20 147 67 9.169847332322346 8.519677716525742
4.2 10.0 Webster 20 20 156 83 10.337225236763967 9.057924499198009
4.4 0.2 Webster 20 160 55 548 201.0437175275425 269.53399735304635
4.4 0.4 Webster 20 160 53 548 231.14556710909432 214.15797965631512
4.4 0.6 Webster 20 160 54 548 201.5697323914809 171.89850416735288
4.4 0.8 Webster 20 160 57 548 226.17679848870029 125.45729034879544
4.4 1.0 Webster 20 160 56 548 216.65275282735652 53.787008737267946
4.4 1.2 Webster 20 160 56 519 210.0804230032898 10.939609474718429
4.4 1.4 Webster 55 160 102 454 75.42818141600364 35.71562478118828
4.4 1.6 Webster 25 65 148 395 41.19923521260662 12.067292582562844
4.4 1.8 Webster 20 40 128 326 19.80109672126694 12.777638057660072
4.4 2.0 Webster 20 30 149 313 15.687547994928554 13.905799581821764
4.4 2.2 Webster 20 25 132 267 11.242440011351887 12.449502841314603
4.4 2.4 Webster 20 20 154 261 9.257715661294377 19.962264242404984
4.4 2.6 Webster 20 20 150 262 8.078843201467103 21.493364658660386
4.4 2.8 Webster 20 20 136 209 9.461496548335006 11.984967743697666
4.4 3.0 Webster 20 20 150 248 9.190173019674212 16.32498396840664
4.4 3.2 Webster 20 20 163 201 10.5815128046743 12.413932133841177
4.4 3.4 Webster 20 20 142 204 10.170648747215163 11.469543999153863
4.4 3.6 Webster 20 20 145 180 8.655313956071417 11.971041013179224
4.4 3.8 Webster 20 20 146 199 10.053908133857696 12.853418121775224
4.4 4.0 Webster 20 20 156 161 9.02049074306613 9.795358737368103
4.4 4.2 Webster 20 20 135 166 8.912162471507148 10.610299201882919
4.4 4.4 Webster 20 20 141 139 8.195292973475238 9.79123870004536
4.4 4.6 Webster 20 20 152 163 9.627340254530557 9.772672552645759
4.4 4.8 Webster 20 20 139 140 8.830363604604427 10.281582641519305
4.4 5.0 Webster 20 20 151 115 10.785536200002316 9.11422561904352
4.4 5.2 Webster 20 20 159 124 11.986141438490929 9.387202631806733
4.4 5.4 Webster 20 20 133 120 9.721701701920196 7.778262795447758
4.4 5.6 Webster 20 20 151 104 9.805736843695307 9.059853256349655
4.4 5.8 Webster 20 20 128 126 8.462829487180436 8.154537575110012
4.4 6.0 Webster 20 20 159 115 8.914409506291948 9.452192254257842
4.4 6.2 Webster 20 20 134 94 8.052150731607902 9.39775157350235
4.4 6.4 Webster 20 20 142 88 9.293502219381484 8.754897805971934
4.4 6.6 Webster 20 20 148 87 10.753327714077049 8.631899047946346
4.4 6.8 Webster 20 20 147 93 10.285046430479008 8.223107702777547
4.4 7.0 Webster 20 20 149 91 9.045256973211341 7.722104421995231
4.4 7.2 Webster 20 20 143 74 9.112372079208649 8.825376338194417
4.4 7.4 Webster 20 20 146 95 10.169334763943656 9.761176447505655
4.4 7.6 Webster 20 20 132 80 9.758106719342315 7.986125152767843
4.4 7.8 Webster 20 20 154 78 8.887735722912705 10.153320823180234
4.4 8.0 Webster 20 20 144 83 9.216720203227709 9.84998364070053
4.4 8.2 Webster 20 20 139 86 10.160688921371962 8.491156299689333
4.4 8.4 Webster 20 20 149 83 10.068991538445923 9.668774508982025
4.4 8.6 Webster 20 20 149 94 9.968328345905915 9.251015359065724
4.4 8.8 Webster 20 20 150 64 9.488227463241705 9.957141449316895
4.4 9.0 Webster 20 20 148 83 10.32779699043227 8.232502024457196
4.4 9.2 Webster 20 20 136 68 9.977106020020328 7.294772448629836
4.4 9.4 Webster 20 20 145 66 9.077296746057138 7.074020350193708
4.4 9.6 Webster 20 20 144 81 8.0794021164702 8.983888437316995
4.4 9.8 Webster 20 20 115 65 8.262989908206402 8.296354861091535
4.4 10.0 Webster 20 20 145 58 10.092282953915925 8.359775752709185
4.6 0.2 Webster 20 160 55 548 221.55939944694805 272.4827896285958
4.6 0.4 Webster 20 160 58 548 214.8588360584967 214.51343578326785
4.6 0.6 Webster 20 160 56 548 208.2163069834523 159.57503067090633
4.6 0.8 Webster 20 160 56 548 239.35231082751653 104.19730679934216
4.6 1.0 Webster 20 160 58 548 156.72816234322835 54.28332900261421
4.6 1.2 Webster 20 160 55 514 204.48221093643443 11.044907959823117
4.6 1.4 Webster 45 150 123 423 75.30631763933964 24.613005566597383
4.6 1.6 Webster 20 60 123 442 41.456000532575416 15.709783996916498
4.6 1.8 Webster 20 40 139 338 20.860545938678534 15.047169082821094
4.6 2.0 Webster 20 30 131 315 13.153353468063896 14.098041123860446
4.6 2.2 Webster 20 25 145 286 13.700268456171795 17.59396505828219
4.6 2.4 Webster 20 20 139 272 9.849193941384467 40.54682409313495
4.6 2.6 Webster 20 20 139 218 9.720608533652232 13.878532010375984
4.6 2.8 Webster 20 20 152 230 9.580130371323802 19.081597136073515
4.6 3.0 Webster 20 20 127 225 9.20894428835529 15.740723449443932
4.6 3.2 Webster 20 20 146 194 10.267401564064741 12.240991983889502
4.6 3.4 Webster 20 20 115 190 9.349364657869868 10.86946343993046
4.6 3.6 Webster 20 20 120 184 9.154140903279256 9.577578502114905
4.6 3.8 Webster 20 20 135 158 9.694082541640972 11.91622078972079
4.6 4.0 Webster 20 20 130 164 9.490640045726321 10.479274869059916
4.6 4.2 Webster 20 20 128 147 8.936269150984703 10.03146284941714
4.6 4.4 Webster 20 20 149 138 8.802420856388268 10.483369435759776
4.6 4.6 Webster 20 20 124 140 9.11903910981139 9.204122070523661
4.6 4.8 Webster 20 20 129 127 8.39088628334943 8.288445120954945
4.6 5.0 Webster 20 20 141 112 9.440511827133365 8.09778317811286
4.6 5.2 Webster 20 20 131 144 9.698696081270855 10.362065521738513
4.6 5.4 Webster 20 20 138 134 7.937275608943504 9.033144161827371
4.6 5.6 Webster 20 20 153 112 8.681395729399876 9.322955268512576
4.6 5.8 Webster 20 20 165 96 9.36937771298167 9.90147542391203
4.6 6.0 Webster 20 20 148 97 9.649390949655213 9.645265060137413
4.6 6.2 Webster 20 20 124 111 8.48857906974763 9.591814721587758
4.6 6.4 Webster 20 20 129 116 9.242591674426484 8.984739761579483
4.6 6.6 Webster 20 20 149 104 9.782104463262263 8.236191467202419
4.6 6.8 Webster 20 20 133 102 8.807029324664484 9.187545741436196
4.6 7.0 Webster 20 20 133 112 7.946440188713054 9.15680871925993
4.6 7.2 Webster 20 20 138 84 9.706550267628499 9.871241902728011
4.6 7.4 Webster 20 20 123 75 6.82796103061447 10.246708934132611
4.6 7.6 Webster 20 20 147 91 10.160580299519586 9.519040717703112
4.6 7.8 Webster 20 20 129 82 8.865391520890697 8.725450074311565
4.6 8.0 Webster 20 20 137 86 8.896421051459955 9.179803892693927
4.6 8.2 Webster 20 20 120 87 8.856052067681663 7.694945519294902
4.6 8.4 Webster 20 20 113 72 9.331195511528925 7.838932442667387
4.6 8.6 Webster 20 20 131 60 8.902254502046503 10.406209285200418
4.6 8.8 Webster 20 20 121 68 10.065408678408609 9.717279742889197
4.6 9.0 Webster 20 20 150 70 9.531676714842567 6.6943377974656215
4.6 9.2 Webster 20 20 156 54 9.916648130662288 7.532355288518032
4.6 9.4 Webster 20 20 142 63 8.835611428254278 8.149659067391857
4.6 9.6 Webster 20 20 138 69 8.671370060015613 9.091194496562618
4.6 9.8 Webster 20 20 148 57 9.835678843912426 8.338696922569135
4.6 10.0 Webster 20 20 120 65 9.100535093103826 9.272366806736299
4.8 0.2 Webster 20 160 59 548 213.6371761967006 274.0227011275476
4.8 0.4 Webster 20 160 54 548 207.75443914966456 209.36111452922202
4.8 0.6 Webster 20 160 57 548 181.3043257953453 154.77358830017977
4.8 0.8 Webster 20 160 54 548 220.37704961734386 101.45377402265537
4.8 1.0 Webster 20 160 53 540 213.14865597584367 40.37411935780441
4.8 1.2 Webster 20 160 58 510 229.9245993579021 9.884056918048344
4.8 1.4 Webster 40 135 121 451 80.99947355108945 28.968727193624257
4.8 1.6 Webster 20 60 112 393 42.440851591061445 9.740206958304634
4.8 1.8 Webster 20 40 112 321 19.810166408657913 10.46307040729752
4.8 2.0 Webster 20 30 122 307 13.731992201013387 16.390327086464474
4.8 2.2 Webster 20 25 132 274 12.002110069520747 13.07037676380747
4.8 2.4 Webster 20 20 119 262 8.400129821682421 26.033396212942097
4.8 2.6 Webster 20 20 129 230 8.606355358905951 13.116871624518826
4.8 2.8 Webster 20 20 127 226 8.254869149977049 17.733709695177424
4.8 3.0 Webster 20 20 138 212 7.994157980175714 13.536344292836187
4.8 3.2 Webster 20 20 136 175 9.326282740463826 9.16331271200017
4.8 3.4 Webster 20 20 134 193 9.042915484102432 10.372012363573544
4.8 3.6 Webster 20 20 123 160 7.776138813610491 9.348103039551706
4.8 3.8 Webster 20 20 131 167 11.157221223272717 10.260746479444045
4.8 4.0 Webster 20 20 148 141 9.387461961517205 9.538510633541325
4.8 4.2 Webster 20 20 133 146 9.17607444435937 10.262463307386422
4.8 4.4 Webster 20 20 125 152 8.597065935495262 10.714256369958001
4.8 4.6 Webster 20 20 125 171 8.450022989350654 10.417388405321704
4.8 4.8 Webster 20 20 117 120 8.00579663314993 8.592027000033957
4.8 5.0 Webster 20 20 138 131 8.562997977204683 8.458596462852773
4.8 5.2 Webster 20 20 144 132 7.689497079192433 11.104368973620572
4.8 5.4 Webster 20 20 131 116 8.78954469943201 8.36610848011265
4.8 5.6 Webster 20 20 150 116 9.242181024349597 7.960982136878998
4.8 5.8 Webster 20 20 124 109 8.184353647861265 9.53598369151553
4.8 6.0 Webster 20 20 132 90 8.31601749417418 9.754266486452853
4.8 6.2 Webster 20 20 125 104 9.779326811441152 9.187597039228889
4.8 6.4 Webster 20 20 104 91 9.169891729729278 9.536852585430294
4.8 6.6 Webster 20 20 150 111 9.549617814540223 8.565201449766109
4.8 6.8 Webster 20 20 129 122 9.55287496924846 9.901408031056484
4.8 7.0 Webster 20 20 120 86 9.809410879511676 10.313517840057953
4.8 7.2 Webster 20 20 122 86 9.554208314794895 9.361319062227247
4.8 7.4 Webster 20 20 129 91 9.617022512733023 8.069536449228629
4.8 7.6 Webster 20 20 145 80 9.45868072395079 6.690545644336568
4.8 7.8 Webster 20 20 142 69 8.83771520978456 9.293794855878959
4.8 8.0 Webster 20 20 137 80 10.129131251132364 8.085091376969654
4.8 8.2 Webster 20 20 145 90 7.727029174745703 10.408270179333995
4.8 8.4 Webster 20 20 127 79 8.365143314421893 9.492176755397495
4.8 8.6 Webster 20 20 133 72 9.329611727471622 7.220768348648232
4.8 8.8 Webster 20 20 130 78 9.143831163686844 8.14549366451152
4.8 9.0 Webster 20 20 124 71 6.722751743815989 9.398221365876596
4.8 9.2 Webster 20 20 133 60 9.32865936740373 8.753975964469271
4.8 9.4 Webster 20 20 126 67 10.419246280917195 11.793150753927582
4.8 9.6 Webster 20 20 153 78 10.612080986751097 9.028413706340663
4.8 9.8 Webster 20 20 134 49 8.650722730182974 8.828596035167395
4.8 10.0 Webster 20 20 122 56 8.76999457966255 8.904469039258897
5.0 0.2 Webster 20 160 52 548 165.55423713868325 266.6092388902847
5.0 0.4 Webster 20 160 57 548 188.4754760624817 222.41098857961626
5.0 0.6 Webster 20 160 54 548 201.2533740421179 162.49292274077928
5.0 0.8 Webster 20 160 54 548 215.60145376051813 94.92772111319991
5.0 1.0 Webster 20 160 54 548 231.11096486236062 70.23793425437373
5.0 1.2 Webster 20 160 56 537 206.06395891085225 19.00465172340153
5.0 1.4 Webster 35 125 92 468 63.3775284465869 16.913914419474384
5.0 1.6 Webster 20 55 130 400 44.65804912492569 13.32646326198357
5.0 1.8 Webster 20 40 111 364 20.04349397461521 16.679369135761156
5.0 2.0 Webster 20 30 114 320 12.015672385709578 16.427451584247947
5.0 2.2 Webster 20 25 122 258 12.126395490627774 12.050538207159455
5.0 2.4 Webster 20 20 140 272 9.493412188737338 52.94079923210252
5.0 2.6 Webster 20 20 125 264 7.500301639426435 22.04001712794713
5.0 2.8 Webster 20 20 118 248 9.351008100029773 14.712012220455998
5.0 3.0 Webster 20 20 132 190 9.938408633244501 12.066344417005157
5.0 3.2 Webster 20 20 130 218 9.815841696627468 10.156194135758879
5.0 3.4 Webster 20 20 92 205 8.40447422712427 12.051838710462043
5.0 3.6 Webster 20 20 116 166 9.90447949947597 10.460650041423676
5.0 3.8 Webster 20 20 127 147 10.283136022567037 8.916891187377995
5.0 4.0 Webster 20 20 110 150 8.260970400144092 9.937940573827255
5.0 4.2 Webster 20 20 90 143 8.560781341112984 9.758535452590277
5.0 4.4 Webster 20 20 126 145 8.972119192380074 10.050364996734466
5.0 4.6 Webster 20 20 117 129 8.53573006246478 9.158153177385506
5.0 4.8 Webster 20 20 131 133 10.197400041921187 9.966161962655114
5.0 5.0 Webster 20 20 101 139 6.973635642441721 10.553704397857294
5.0 5.2 Webster 20 20 122 118 9.204710082299 9.266140804800278
5.0 5.4 Webster 20 20 119 127 9.939304893917985 9.916095507684858
5.0 5.6 Webster 20 20 133 141 8.797582958929517 9.879944910210039
5.0 5.8 Webster 20 20 132 103 9.430472280939009 7.807696475471428
5.0 6.0 Webster 20 20 127 113 10.29308273201808 9.871892954890201
5.0 6.2 Webster 20 20 150 111 10.86071994518004 8.991519117667595
5.0 6.4 Webster 20 20 141 102 9.922120223862745 8.283901523288348
5.0 6.6 Webster 20 20 132 93 7.6856086696553785 8.060242489614115
5.0 6.8 Webster 20 20 123 105 8.854151017114614 7.947743790613364
5.0 7.0 Webster 20 20 124 81 8.672751978602188 8.83886648224842
5.0 7.2 Webster 20 20 127 93 8.262060572853295 9.238225118928895
5.0 7.4 Webster 20 20 123 83 8.833466091663515 8.11155899879031
5.0 7.6 Webster 20 20 120 89 9.275339989357859 9.42575660944235
5.0 7.8 Webster 20 20 115 90 9.550953763898443 7.9828572268893
5.0 8.0 Webster 20 20 133 75 9.732423019167435 8.64515007963296
5.0 8.2 Webster 20 20 129 68 7.386772492861811 6.413566648612802
5.0 8.4 Webster 20 20 122 83 8.49139142636287 8.551168545749405
5.0 8.6 Webster 20 20 138 71 9.553710616998723 6.798434846502313
5.0 8.8 Webster 20 20 124 78 8.578640961025393 9.1759417295454
5.0 9.0 Webster 20 20 132 80 8.908600950348891 9.729194606951593
5.0 9.2 Webster 20 20 144 66 8.868377158321241 8.333648996671414
5.0 9.4 Webster 20 20 112 62 9.0752897667313 6.828472921166278
5.0 9.6 Webster 20 20 128 80 9.611074849778568 7.528732936880388
5.0 9.8 Webster 20 20 129 66 9.803086731947793 9.970994444483024
5.0 10.0 Webster 20 20 113 62 7.823334799658483 6.907915003354093
5.2 0.2 Webster 20 160 56 548 201.99455589018467 271.9025295177361
5.2 0.4 Webster 20 160 54 548 192.94482949245483 211.95154893756614
5.2 0.6 Webster 20 160 55 548 212.5125549974318 163.27997971668705
5.2 0.8 Webster 20 160 56 548 195.53984141162832 102.14070753197724
5.2 1.0 Webster 20 160 54 548 189.30070578751088 57.363562781521885
5.2 1.2 Webster 20 160 55 501 193.66579291402567 11.17894790568333
5.2 1.4 Webster 30 115 106 463 53.275918664158354 20.530163275068087
5.2 1.6 Webster 20 55 111 411 27.99488439984169 21.35854793750182
5.2 1.8 Webster 20 35 118 321 18.496057519799518 12.667777294732176
5.2 2.0 Webster 20 30 134 292 13.490482048310543 12.490040865826648
5.2 2.2 Webster 20 25 128 291 11.603521553608143 15.654024314431302
5.2 2.4 Webster 20 20 108 248 9.458592197664334 17.602449399533462
5.2 2.6 Webster 20 20 129 266 7.652566870015624 19.440526227487577
5.2 2.8 Webster 20 20 118 225 7.805962901636344 11.812287496115331
5.2 3.0 Webster 20 20 117 201 9.118741811406984 14.532647263847268
5.2 3.2 Webster 20 20 107 192 8.960808676789311 11.317453608891372
5.2 3.4 Webster 20 20 120 197 8.120383341676344 11.79680967287091
5.2 3.6 Webster 20 20 141 190 8.86780225905938 11.644975678994514
5.2 3.8 Webster 20 20 114 157 9.653560672218646 10.297084071923475
5.2 4.0 Webster 20 20 136 181 9.40692153548153 10.752064124653181
5.2 4.2 Webster 20 20 120 138 7.749719877214644 10.410369420900548
5.2 4.4 Webster 20 20 117 137 7.886081647079628 9.272853762781352
5.2 4.6 Webster 20 20 131 164 9.694840779129754 10.748611666907035
5.2 4.8 Webster 20 20 98 142 9.940727441051699 9.20135931034346
5.2 5.0 Webster 20 20 107 132 9.190944062606809 10.687276250246786
5.2 5.2 Webster 20 20 108 129 9.229268447153899 9.244718473378123
5.2 5.4 Webster 20 20 115 111 8.980541174881596 9.423424466434959
5.2 5.6 Webster 20 20 106 125 8.741396722137113 9.824042183930613
5.2 5.8 Webster 20 20 116 118 10.347889417787991 10.16627371160703
5.2 6.0 Webster 20 20 126 96 10.333356282150266 9.014323449007932
5.2 6.2 Webster 20 20 121 101 8.717196646755976 8.509742908111019
5.2 6.4 Webster 20 20 106 87 7.470264930676087 9.508091938833898
5.2 6.6 Webster 20 20 113 82 6.890630017378796 8.603493454329701
5.2 6.8 Webster 20 20 130 102 9.944140878639589 7.964313223621983
5.2 7.0 Webster 20 20 139 94 10.275285422033498 9.263672740237828
5.2 7.2 Webster 20 20 146 84 10.886234762650961 8.171711550232198
5.2 7.4 Webster 20 20 110 84 7.412087639383144 9.444887688975442
5.2 7.6 Webster 20 20 121 91 8.735228404310018 7.869417360007404
5.2 7.8 Webster 20 20 140 74 8.76234453038793 11.029246458466014
5.2 8.0 Webster 20 20 112 64 9.565858396327526 10.000709254169829
5.2 8.2 Webster 20 20 119 83 8.106813582965527 10.839430900342176
5.2 8.4 Webster 20 20 121 117 7.5955777732974665 8.939984718665334
5.2 8.6 Webster 20 20 102 71 6.864495354886222 9.513021072033398
5.2 8.8 Webster 20 20 118 97 8.710748098584649 7.748434571450297
5.2 9.0 Webster 20 20 120 73 8.933231832765815 8.29569172093289
5.2 9.2 Webster 20 20 93 65 9.660046628453786 6.987064479108381
5.2 9.4 Webster 20 20 125 71 8.57448710578481 10.701395188524327
5.2 9.6 Webster 20 20 130 55 10.16306666177814 8.454009618337961
5.2 9.8 Webster 20 20 93 77 7.311574298684111 8.657392572814297
5.2 10.0 Webster 20 20 122 63 8.765295235416309 6.381796782194327
5.4 0.2 Webster 20 160 56 548 170.62249320370074 271.20029515879224
5.4 0.4 Webster 20 160 55 548 194.56036005568822 217.03776813427064
5.4 0.6 Webster 20 160 56 548 199.75055851754274 172.73435399331115
5.4 0.8 Webster 20 160 54 548 194.7060249357272 120.72444650332741
5.4 1.0 Webster 20 160 55 548 193.5021644109375 57.34291392876407
5.4 1.2 Webster 20 160 53 544 224.26381064072106 24.490414030591328
5.4 1.4 Webster 25 105 94 472 67.08506888013262 12.441905228014592
5.4 1.6 Webster 20 50 102 396 26.172763273636924 12.277951843155506
5.4 1.8 Webster 20 35 101 345 16.458918224400435 26.64989967717596
5.4 2.0 Webster 20 30 112 320 13.683540396935943 12.817998444712558
5.4 2.2 Webster 20 25 109 297 11.202037361630444 24.28737145920794
5.4 2.4 Webster 20 20 112 252 8.54366617546096 16.56966041949599
5.4 2.6 Webster 20 20 122 244 7.961019264420186 20.314564495183195
5.4 2.8 Webster 20 20 112 223 9.933467396738857 17.238095768840736
5.4 3.0 Webster 20 20 115 206 7.5930358588912 11.980298399880082
5.4 3.2 Webster 20 20 106 209 9.770247850067395 11.24673837265175
5.4 3.4 Webster 20 20 116 159 10.390533301529844 10.853736030479688
5.4 3.6 Webster 20 20 109 164 9.709599950715653 9.916395559551212
5.4 3.8 Webster 20 20 113 156 8.075820125593157 9.400895703133806
5.4 4.0 Webster 20 20 148 176 9.29267365293194 10.894454352250142
5.4 4.2 Webster 20 20 123 159 8.335667203037787 11.158118169741318
5.4 4.4 Webster 20 20 121 166 8.914307854773853 10.344674514387135
5.4 4.6 Webster 20 20 115 129 8.102304456741424 11.512989398536073
5.4 4.8 Webster 20 20 129 134 8.66255329569674 9.60412895525881
5.4 5.0 Webster 20 20 110 139 7.661117173501776 9.818635712314547
5.4 5.2 Webster 20 20 120 124 7.588444067937194 9.902240107459486
5.4 5.4 Webster 20 20 108 112 7.92984350602677 10.127614605640483
5.4 5.6 Webster 20 20 120 114 8.93017974883915 9.641121279086775
5.4 5.8 Webster 20 20 115 110 8.21704653325846 9.442545357286237
5.4 6.0 Webster 20 20 131 113 9.596710505417569 8.878115216988427
5.4 6.2 Webster 20 20 103 118 9.327197538879215 9.646597446740778
5.4 6.4 Webster 20 20 128 86 9.337027200478719 8.941178346690263
5.4 6.6 Webster 20 20 95 104 9.108715242501958 8.708232402462933
5.4 6.8 Webster 20 20 107 81 6.97158818185134 9.938014062843779
5.4 7.0 Webster 20 20 87 79 8.257756888821035 9.317842627691034
5.4 7.2 Webster 20 20 119 95 9.458340402768021 8.653859891959693
5.4 7.4 Webster 20 20 103 86 8.612920254449401 6.707994403557442
5.4 7.6 Webster 20 20 90 91 7.587511130346984 9.051159312296623
5.4 7.8 Webster 20 20 103 82 8.89068349785519 8.75041369004531
5.4 8.0 Webster 20 20 133 78 8.195933046427669 7.229874620331931
5.4 8.2 Webster 20 20 112 74 9.036153723599417 9.33114628802839
5.4 8.4 Webster 20 20 102 73 9.447865650260855 8.77513180987732
5.4 8.6 Webster 20 20 122 80 8.7949317161512 8.93626661238863
5.4 8.8 Webster 20 20 126 67 9.047060402766517 9.769463409514328
5.4 9.0 Webster 20 20 111 69 8.672094546618016 8.042155175477903
5.4 9.2 Webster 20 20 114 55 7.665033201519693 8.280558397381089
5.4 9.4 Webster 20 20 114 46 9.900954297380103 8.785659096242197
5.4 9.6 Webster 20 20 126 60 9.281572276021732 8.265157687860237
5.4 9.8 Webster 20 20 124 89 10.140952901532751 7.197911785471731
5.4 10.0 Webster 20 20 104 73 9.765611412274916 10.497725129911046
5.6 0.2 Webster 20 160 52 548 229.09106149310108 271.2823608680621
5.6 0.4 Webster 20 160 59 548 151.92971268734703 215.5306091770425
5.6 0.6 Webster 20 160 59 548 212.6335003143717 160.7843559407592
5.6 0.8 Webster 20 160 52 548 209.44998608636786 103.32222359715672
5.6 1.0 Webster 20 160 55 548 204.25179290297146 43.3429818373711
5.6 1.2 Webster 20 160 58 530 209.70017269119745 34.0658935906212
5.6 1.4 Webster 25 100 103 477 71.07185263740942 21.256887160425542
5.6 1.6 Webster 20 50 114 363 28.580329083008397 10.415582357002323
5.6 1.8 Webster 20 35 101 325 14.235630571902634 14.025417659160603
5.6 2.0 Webster 20 30 130 298 16.3855471946469 13.525513426278435
5.6 2.2 Webster 20 25 118 265 9.926651044506995 13.593010089387816
5.6 2.4 Webster 20 20 112 265 9.068450145184453 24.88511104236893
5.6 2.6 Webster 20 20 122 259 9.10782823682466 17.175435603232252
5.6 2.8 Webster 20 20 89 225 8.812825302241395 13.771872718518004
5.6 3.0 Webster 20 20 92 215 7.860287767421744 12.532173255093591
5.6 3.2 Webster 20 20 102 206 8.662593545124755 11.554476191801747
5.6 3.4 Webster 20 20 105 190 9.055619560596522 10.877393733245807
5.6 3.6 Webster 20 20 114 196 8.388602546499886 12.436216466666991
5.6 3.8 Webster 20 20 104 177 7.778121295935969 9.147773519994812
5.6 4.0 Webster 20 20 101 166 8.960872800773974 11.662429672948116
5.6 4.2 Webster 20 20 100 170 9.281147066267776 11.177080569464366
5.6 4.4 Webster 20 20 98 156 8.19631564081321 10.039683820339462
5.6 4.6 Webster 20 20 119 133 9.996071495018235 10.136834532545683
5.6 4.8 Webster 20 20 120 122 8.219040910580595 8.905917800859042
5.6 5.0 Webster 20 20 108 114 8.066284346029823 8.885422967979371
5.6 5.2 Webster 20 20 113 120 8.141563715477472 8.168959015063942
5.6 5.4 Webster 20 20 100 119 9.943061155644033 9.007580227032053
5.6 5.6 Webster 20 20 114 120 9.888367806999469 10.996948855426618
5.6 5.8 Webster 20 20 110 125 8.640931091713231 8.879325924624196
5.6 6.0 Webster 20 20 104 106 8.966103532439698 9.957272996535357
5.6 6.2 Webster 20 20 101 124 9.770934152170065 9.89236310479658
5.6 6.4 Webster 20 20 106 117 9.17149444891556 9.482261124738402
5.6 6.6 Webster 20 20 94 100 6.934558667247423 9.574023792946026
5.6 6.8 Webster 20 20 127 91 7.9474107162305385 10.484405146344079
5.6 7.0 Webster 20 20 104 93 8.077673444660036 10.447697699377864
5.6 7.2 Webster 20 20 92 78 8.414153731880145 7.935020625959466
5.6 7.4 Webster 20 20 106 74 8.713191321436494 10.976953600570102
5.6 7.6 Webster 20 20 122 92 8.261825538907612 8.118138369974192
5.6 7.8 Webster 20 20 98 84 8.184705788677201 6.681144222785421
5.6 8.0 Webster 20 20 112 85 7.4785329534234535 10.358966981635126
5.6 8.2 Webster 20 20 116 81 6.875469810254967 7.617642511639259
5.6 8.4 Webster 20 20 130 70 8.109373922801314 7.233394564040379
5.6 8.6 Webster 20 20 89 72 7.664937521120726 8.327718877860221
5.6 8.8 Webster 20 20 111 58 9.348840864535457 8.47073933680372
5.6 9.0 Webster 20 20 112 67 8.109209498012607 8.153003311533931
5.6 9.2 Webster 20 20 107 91 7.717822454448954 7.18669935692695
5.6 9.4 Webster 20 20 121 73 8.967879972975155 8.02026555965182
5.6 9.6 Webster 20 20 122 73 8.027469558668871 8.643168036758912
5.6 9.8 Webster 20 20 111 55 9.107836420655646 6.843478196269706
5.6 10.0 Webster 20 20 115 72 8.395366684213906 9.461009826673928
5.8 0.2 Webster 20 160 57 548 185.63140126880256 274.201962981882
5.8 0.4 Webster 20 160 56 548 196.99909666043163 212.33494697476962
5.8 0.6 Webster 20 160 52 548 143.47049735415325 163.920325060943
5.8 0.8 Webster 20 160 53 548 202.04538085924355 98.47244408502718
5.8 1.0 Webster 20 160 58 548 167.15771076919683 62.62435489524994
5.8 1.2 Webster 20 160 57 495 171.89770596367794 15.926668319623259
5.8 1.4 Webster 25 95 109 409 66.91287608595559 13.71292213205427
5.8 1.6 Webster 20 50 104 361 27.554346632570553 10.709380841068642
5.8 1.8 Webster 20 35 114 350 14.352017743511965 18.65775966953026
5.8 2.0 Webster 20 25 108 304 10.198786616146345 26.304053349486296
5.8 2.2 Webster 20 25 128 265 10.991388291442593 11.8128687241181
5.8 2.4 Webster 20 20 98 272 7.6114806892896665 55.05055937924253
5.8 2.6 Webster 20 20 96 256 7.661225149222724 22.415796080782282
5.8 2.8 Webster 20 20 100 240 7.560869913409115 13.382792489269892
5.8 3.0 Webster 20 20 113 214 7.622421706206114 10.88598916440842
5.8 3.2 Webster 20 20 87 199 9.24331575582795 11.427216504486637
5.8 3.4 Webster 20 20 112 175 6.432347599765797 10.527074707618027
5.8 3.6 Webster 20 20 111 208 10.203204524551225 10.49268836454888
5.8 3.8 Webster 20 20 104 205 7.084927052040631 10.188839377124863
5.8 4.0 Webster 20 20 106 179 7.998976581035696 12.078627901743486
5.8 4.2 Webster 20 20 118 142 9.149429526733414 9.923679255047707
5.8 4.4 Webster 20 20 121 143 9.103717899016775 10.511552805652672
5.8 4.6 Webster 20 20 119 135 7.756850412734154 9.607147812917132
5.8 4.8 Webster 20 20 134 143 8.593212371168148 10.277110840052751
5.8 5.0 Webster 20 20 108 105 7.616717536824567 8.75921955157198
5.8 5.2 Webster 20 20 88 118 7.803550171665834 7.509007155656902
5.8 5.4 Webster 20 20 124 115 10.694781007919445 9.406067923770237
5.8 5.6 Webster 20 20 96 122 8.879726965127416 9.729656679184693
5.8 5.8 Webster 20 20 102 107 8.6463257483308 9.77681579615941
5.8 6.0 Webster 20 20 114 103 8.338873528464232 9.345569864047766
5.8 6.2 Webster 20 20 114 102 8.065133540526821 8.619996256758448
5.8 6.4 Webster 20 20 118 104 8.744762440787026 9.70947522693963
5.8 6.6 Webster 20 20 99 99 7.945744767256702 7.904004249332873
5.8 6.8 Webster 20 20 105 99 8.935796352976777 9.578977016608007
5.8 7.0 Webster 20 20 100 83 9.59100755167603 9.305729913580352
5.8 7.2 Webster 20 20 115 102 8.19270950639677 8.95479708906628
5.8 7.4 Webster 20 20 100 80 9.608710638765835 9.696360138369716
5.8 7.6 Webster 20 20 117 72 8.689322090383016 8.804195121782056
5.8 7.8 Webster 20 20 106 80 9.327983407821733 9.88555574901255
5.8 8.0 Webster 20 20 124 88 10.526826156487342 9.746900005087594
5.8 8.2 Webster 20 20 88 74 7.883301950084257 9.520448682399715
5.8 8.4 Webster 20 20 103 76 9.887287711586776 9.026838586817771
5.8 8.6 Webster 20 20 100 85 7.1408524509985885 9.938987650594488
5.8 8.8 Webster 20 20 117 83 8.2863921424585 8.102627244298644
5.8 9.0 Webster 20 20 112 63 8.723596080097915 7.79364807600179
5.8 9.2 Webster 20 20 116 62 9.000644970191534 8.26989192412555
5.8 9.4 Webster 20 20 103 74 9.22198499491052 8.33151178053103
5.8 9.6 Webster 20 20 122 83 7.934519337382911 10.231775016242814
5.8 9.8 Webster 20 20 94 61 8.597930530342191 7.712466615778945
5.8 10.0 Webster 20 20 76 40 8.207333507139628 10.394306184350244
6.0 0.2 Webster 20 160 54 548 218.38170309854647 269.58365647034464
6.0 0.4 Webster 20 160 57 548 192.10960104396503 212.19605940949305
6.0 0.6 Webster 20 160 56 548 181.00547119114475 162.77126890890162
6.0 0.8 Webster 20 160 58 548 157.56126248734836 107.46677689218912
6.0 1.0 Webster 20 160 57 548 184.3000802718806 75.51508745164342
6.0 1.2 Webster 20 160 56 542 153.19450950119744 19.470519257600017
6.0 1.4 Webster 20 90 89 468 85.52721074559251 11.745257814324006
6.0 1.6 Webster 20 50 108 414 24.252855375273324 15.577832793882568
6.0 1.8 Webster 20 35 95 352 18.05671285690504 20.674217149768783
6.0 2.0 Webster 20 25 99 294 10.481360246893757 22.41525280585296
6.0 2.2 Webster 20 25 110 308 14.725889458255022 23.02655267815875
6.0 2.4 Webster 20 20 94 236 6.972101405629429 12.142616508586702
6.0 2.6 Webster 20 20 84 244 6.990889194150831 13.094437154682735
6.0 2.8 Webster 20 20 100 243 8.480784343376317 16.024352998803064
6.0 3.0 Webster 20 20 104 223 8.367488573765568 12.493858815862215
6.0 3.2 Webster 20 20 110 205 7.799809430070891 9.334765875700556
6.0 3.4 Webster 20 20 137 155 9.516019067138524 9.565173536105995
6.0 3.6 Webster 20 20 106 185 7.497972590324517 10.672770657154784
6.0 3.8 Webster 20 20 114 162 8.827435811204037 10.004012096092122
6.0 4.0 Webster 20 20 85 157 8.374736353377614 9.056792868114085
6.0 4.2 Webster 20 20 109 157 8.417688673398269 9.644341114277202
6.0 4.4 Webster 20 20 108 141 7.6240083854105025 9.162858813834537
6.0 4.6 Webster 20 20 94 155 7.975382785997314 10.53366767590657
6.0 4.8 Webster 20 20 94 123 9.310576761065638 8.165285269332871
6.0 5.0 Webster 20 20 115 153 7.591366833114279 11.606954500700883
6.0 5.2 Webster 20 20 103 122 7.596740915220438 9.104584798476
6.0 5.4 Webster 20 20 103 112 8.937445650408293 8.415393466761005
6.0 5.6 Webster 20 20 111 96 10.465458501056903 9.667827921394247
6.0 5.8 Webster 20 20 89 110 9.16705597429728 8.740333720347067
6.0 6.0 Webster 20 20 81 113 7.866415856075574 7.139130206188413
6.0 6.2 Webster 20 20 120 105 9.420595043443063 8.906121439871555
6.0 6.4 Webster 20 20 102 104 8.920472015955554 8.769999773923965
6.0 6.6 Webster 20 20 109 88 9.282076869394833 8.965352373377696
6.0 6.8 Webster 20 20 129 97 8.141918194520395 9.360148807063347
6.0 7.0 Webster 20 20 107 93 9.220991340751993 9.254991109683312
6.0 7.2 Webster 20 20 92 83 10.262973485426775 8.664876037007344
6.0 7.4 Webster 20 20 122 74 10.41163945833106 8.107285560344147
6.0 7.6 Webster 20 20 105 96 8.53375295514103 9.707786746698476
6.0 7.8 Webster 20 20 108 98 8.226842635157436 8.428955143100822
6.0 8.0 Webster 20 20 104 75 7.378347048248726 10.705144105826783
6.0 8.2 Webster 20 20 97 87 9.910941969666203 7.876905699064118
6.0 8.4 Webster 20 20 113 86 9.396604519433415 9.374309090736567
6.0 8.6 Webster 20 20 103 90 9.381558929578032 8.154672828076052
6.0 8.8 Webster 20 20 93 75 9.04821859103372 6.9678802453942446
6.0 9.0 Webster 20 20 111 64 8.664277599445542 7.53714530072507
6.0 9.2 Webster 20 20 104 66 8.904195921665327 6.173997393922851
6.0 9.4 Webster 20 20 115 59 8.849431544146958 7.303000234646662
6.0 9.6 Webster 20 20 114 66 8.238132576498257 7.661272594523221
6.0 9.8 Webster 20 20 99 60 9.913090417692082 10.066248595185204
6.0 10.0 Webster 20 20 108 57 9.833186569728229 7.9117951285096035
6.2 0.2 Webster 20 160 55 548 175.25470336293958 275.45626102808495
6.2 0.4 Webster 20 160 55 548 183.1090963612158 224.00443694052404
6.2 0.6 Webster 20 160 55 548 168.25999525546754 149.5020221435049
6.2 0.8 Webster 20 160 57 548 173.7901307914069 117.68835858714147
6.2 1.0 Webster 20 160 55 548 195.59024139288084 50.120623651537684
6.2 1.2 Webster 160 160 78 314 33.612416611306706 214.60813383472131
6.2 1.4 Webster 20 85 92 446 58.967022169351324 9.049968448294392
6.2 1.6 Webster 20 45 110 384 23.43358498757055 12.572644527849024
6.2 1.8 Webster 20 35 101 342 18.04644652659565 15.014942107102327
6.2 2.0 Webster 20 25 121 308 12.098806888970843 38.221214625250276
6.2 2.2 Webster 20 20 123 272 9.616366824975072 68.46241855999868
6.2 2.4 Webster 20 20 110 267 9.978966456323244 20.185871690662836
6.2 2.6 Webster 20 20 103 226 9.94810401886718 14.129383744505574
6.2 2.8 Webster 20 20 114 216 8.191078363613318 10.441881797595496
6.2 3.0 Webster 20 20 124 228 7.322066368447066 15.367226467014738
6.2 3.2 Webster 20 20 97 215 8.46069450875664 11.769772830796493
6.2 3.4 Webster 20 20 80 190 8.034499608632641 11.23352961558467
6.2 3.6 Webster 20 20 110 167 9.283173655143235 9.466812205119504
6.2 3.8 Webster 20 20 101 182 8.606378625507336 10.330603462644468
6.2 4.0 Webster 20 20 91 130 8.58949548707818 10.621920812211178
6.2 4.2 Webster 20 20 77 143 9.46680343694228 9.062516966465225
6.2 4.4 Webster 20 20 85 150 7.868238920782513 9.456211844915634
6.2 4.6 Webster 20 20 100 124 9.137391041381466 9.874094508249176
6.2 4.8 Webster 20 20 102 121 8.606985515857103 9.692178230096964
6.2 5.0 Webster 20 20 100 120 7.704609712681195 9.277000079259448
6.2 5.2 Webster 20 20 109 121 8.197414828035146 11.190777317738327
6.2 5.4 Webster 20 20 110 130 8.778356616093188 9.568802743313354
6.2 5.6 Webster 20 20 88 120 9.593675158458652 8.732476537247779
6.2 5.8 Webster 20 20 98 121 7.7178926764350715 9.110390016693927
6.2 6.0 Webster 20 20 100 108 8.135403494884953 9.90257255702652
6.2 6.2 Webster 20 20 100 86 9.11218864753562 8.387978634040238
6.2 6.4 Webster 20 20 91 100 9.427448094888113 9.824116570269428
6.2 6.6 Webster 20 20 99 86 9.254128859478604 10.24684706666445
6.2 6.8 Webster 20 20 102 98 7.344903119240173 10.901413091940277
6.2 7.0 Webster 20 20 98 92 8.5212324800382 9.610477932856332
6.2 7.2 Webster 20 20 101 98 9.83202818906326 9.016248094418147
6.2 7.4 Webster 20 20 92 99 7.511635673075006 10.224507057220078
6.2 7.6 Webster 20 20 97 89 7.951993708693089 8.701018729406021
6.2 7.8 Webster 20 20 104 53 9.066653758934786 8.15987881716706
6.2 8.0 Webster 20 20 99 82 8.161111126988992 9.073794652541375
6.2 8.2 Webster 20 20 78 82 9.594388002173623 8.683328298763932
6.2 8.4 Webster 20 20 91 84 10.338107292003059 7.342765909961178
6.2 8.6 Webster 20 20 101 82 10.21036177679363 9.117406718802943
6.2 8.8 Webster 20 20 82 76 7.336663906913518 7.857840061406224
6.2 9.0 Webster 20 20 100 68 6.658003770284161 7.829684969364714
6.2 9.2 Webster 20 20 95 69 9.738500744511542 7.886214046239606
6.2 9.4 Webster 20 20 100 77 8.74101694506618 8.344118719216933
6.2 9.6 Webster 20 20 124 61 8.406673868524859 7.551661138326857
6.2 9.8 Webster 20 20 96 62 9.23648400428157 8.872124874372723
6.2 10.0 Webster 20 20 90 75 9.663004028821458 10.29275765824076
6.4 0.2 Webster 20 160 57 548 187.56211539394357 268.5470812933215
6.4 0.4 Webster 20 160 57 548 176.3707890507479 229.0697156102254
6.4 0.6 Webster 20 160 54 548 170.12473143501097 163.26678610534066
6.4 0.8 Webster 20 160 57 548 160.8973034087971 109.37806276723155
6.4 1.0 Webster 20 160 58 548 180.4591123709233 48.786912344812826
6.4 1.2 Webster 160 160 91 314 39.36477184348025 227.33416623956253
6.4 1.4 Webster 20 85 88 448 44.163879409812715 10.074037203283552
6.4 1.6 Webster 20 45 101 368 20.375882764631992 12.73876938414414
6.4 1.8 Webster 20 35 101 354 14.240373030773672 20.06681860441922
6.4 2.0 Webster 20 25 99 285 10.956653072780949 14.427715494465806
6.4 2.2 Webster 20 20 93 272 8.391307674123103 39.724252454661894
6.4 2.4 Webster 20 20 98 252 9.15640616270704 17.24044589671097
6.4 2.6 Webster 20 20 98 250 7.710768842273353 16.26626820184687
6.4 2.8 Webster 20 20 112 224 7.895597337515729 12.3580416073583
6.4 3.0 Webster 20 20 100 206 8.741383101096238 12.122420122454706
6.4 3.2 Webster 20 20 96 217 9.123792727318934 12.077020363205168
6.4 3.4 Webster 20 20 113 180 8.779114713655401 10.068937094321878
6.4 3.6 Webster 20 20 93 171 8.65216865803745 9.639412137417432
6.4 3.8 Webster 20 20 93 159 7.81604911969242 10.278276168962789
6.4 4.0 Webster 20 20 82 147 7.999351701017692 9.082061442959427
6.4 4.2 Webster 20 20 96 153 8.555447273545164 10.16971725278968
6.4 4.4 Webster 20 20 95 142 7.932844571688072 9.737757656187673
6.4 4.6 Webster 20 20 88 157 10.45100838972001 9.585228848814834
6.4 4.8 Webster 20 20 124 140 7.9968869793738 10.611601029024772
6.4 5.0 Webster 20 20 105 121 8.10897655502027 8.241488705508154
6.4 5.2 Webster 20 20 107 121 8.534312394053458 10.656272579318385
6.4 5.4 Webster 20 20 98 111 7.372335957127203 9.212013412695299
6.4 5.6 Webster 20 20 102 131 8.793498202592824 10.271379484698741
6.4 5.8 Webster 20 20 98 103 7.647600965876972 7.779587608598526
6.4 6.0 Webster 20 20 81 97 9.930009756482866 8.878869878790494
6.4 6.2 Webster 20 20 89 104 8.262679269549055 9.685733183965533
6.4 6.4 Webster 20 20 94 90 8.876183661684333 10.470560329753637
6.4 6.6 Webster 20 20 88 81 8.132108865240385 9.424450265789394
6.4 6.8 Webster 20 20 90 101 8.736497821766212 8.132257750827083
6.4 7.0 Webster 20 20 98 88 9.89153479722459 9.70452686637665
6.4 7.2 Webster 20 20 93 112 8.094781051325196 8.599751202866022
6.4 7.4 Webster 20 20 92 91 9.494056267176763 9.019032703170486
6.4 7.6 Webster 20 20 91 82 8.176702872224316 7.836024763235669
6.4 7.8 Webster 20 20 85 90 9.055429156035116 7.697933630335058
6.4 8.0 Webster 20 20 111 68 10.55604317683254 8.870608735503382
6.4 8.2 Webster 20 20 97 61 7.96270629676219 6.800679235561511
6.4 8.4 Webster 20 20 94 81 8.105820411737938 7.360443726702639
6.4 8.6 Webster 20 20 109 68 9.12284168459683 8.001780434368142
6.4 8.8 Webster 20 20 92 75 7.896904873258886 8.513306122810018
6.4 9.0 Webster 20 20 86 76 7.495655682982736 9.9271853948198
6.4 9.2 Webster 20 20 93 65 9.105678981894297 8.417615085832963
6.4 9.4 Webster 20 20 96 66 8.006048315007064 7.067979474746109
6.4 9.6 Webster 20 20 105 57 7.488310087141628 8.503040375239754
6.4 9.8 Webster 20 20 100 75 8.732673189184833 6.505453350106659
6.4 10.0 Webster 20 20 109 54 10.771873412342371 9.379128746996129
6.6 0.2 Webster 20 160 54 548 141.67460594996956 272.94426809664157
6.6 0.4 Webster 20 160 57 548 200.9682203742339 213.75933103415412
6.6 0.6 Webster 20 160 55 548 131.60019690863632 167.35636468590835
6.6 0.8 Webster 20 160 54 548 149.84850174458418 109.49415851103078
6.6 1.0 Webster 20 160 54 548 212.18494450311212 45.69947902033585
6.6 1.2 Webster 140 160 80 314 33.96654471917272 186.50389300501888
6.6 1.4 Webster 20 80 86 445 44.89468797292639 13.37009586312286
6.6 1.6 Webster 20 45 107 406 24.263651299698882 20.145029586864766
6.6 1.8 Webster 20 35 90 364 15.005754367839614 66.69217749700492
6.6 2.0 Webster 20 25 103 299 9.84622034395579 34.13283083051152
6.6 2.2 Webster 20 20 84 272 8.929811093490418 42.11867251400287
6.6 2.4 Webster 20 20 100 269 8.115502163378773 22.719208061822776
6.6 2.6 Webster 20 20 97 265 7.68534118423898 37.215719432005564
6.6 2.8 Webster 20 20 90 229 7.066677901102576 18.438841850070062
6.6 3.0 Webster 20 20 89 206 8.626637957288068 11.377660275117954
6.6 3.2 Webster 20 20 96 182 9.098906712001167 10.326550264890491
6.6 3.4 Webster 20 20 100 207 9.163017795914488 12.817705033076612
6.6 3.6 Webster 20 20 93 182 9.021315869478462 10.386269477579738
6.6 3.8 Webster 20 20 103 189 9.5899559563532 10.597758441398774
6.6 4.0 Webster 20 20 78 144 8.16429147481966 9.633231752707676
6.6 4.2 Webster 20 20 86 156 8.040895988573814 9.7771438695379
6.6 4.4 Webster 20 20 117 152 7.830970813430192 10.399056747614
6.6 4.6 Webster 20 20 99 142 9.434833144220171 10.17611971523176
6.6 4.8 Webster 20 20 97 138 10.189328798938668 9.684442729860251
6.6 5.0 Webster 20 20 103 129 7.913820101613855 8.81243419945163
6.6 5.2 Webster 20 20 80 116 6.9564372963172785 7.937628698419259
6.6 5.4 Webster 20 20 91 112 9.9346374743693 7.215468957407853
6.6 5.6 Webster 20 20 105 108 8.55198334681748 11.157796212081381
6.6 5.8 Webster 20 20 83 103 6.869672245409299 10.110321384625802
6.6 6.0 Webster 20 20 111 114 9.128674944274099 10.246371767643287
6.6 6.2 Webster 20 20 97 90 6.845537679814271 9.136182377723383
6.6 6.4 Webster 20 20 95 74 7.660337958019917 8.533418609620902
6.6 6.6 Webster 20 20 90 94 8.188104075265143 8.421962273452815
6.6 6.8 Webster 20 20 100 92 9.713855754696592 8.185894998478554
6.6 7.0 Webster 20 20 81 74 7.782122102394977 8.952743867332973
6.6 7.2 Webster 20 20 104 85 8.76272076563846 8.846764327697322
6.6 7.4 Webster 20 20 105 83 9.03586242486387 8.302901767241412
6.6 7.6 Webster 20 20 100 71 9.610108586717352 9.325471706926326
6.6 7.8 Webster 20 20 107 89 9.553913951680654 9.361638458149226
6.6 8.0 Webster 20 20 106 76 11.054336712613337 7.505544707926644
6.6 8.2 Webster 20 20 90 73 6.285019527956957 8.838144980373428
6.6 8.4 Webster 20 20 91 97 7.667352282999139 7.732696361950281
6.6 8.6 Webster 20 20 98 77 10.060182076425114 7.753714187061759
6.6 8.8 Webster 20 20 99 72 8.874198899116319 9.740370447784835
6.6 9.0 Webster 20 20 81 76 7.271774609180466 9.042667483587165
6.6 9.2 Webster 20 20 86 60 6.558491356521489 6.944113204784404
6.6 9.4 Webster 20 20 83 54 8.504477729221964 8.274222698208384
6.6 9.6 Webster 20 20 86 57 6.306996112469455 8.683627894394048
6.6 9.8 Webster 20 20 79 56 8.330543016680803 8.116693650165576
6.6 10.0 Webster 20 20 104 70 7.99897249737832 7.5369671725679135
6.8 0.2 Webster 20 160 52 548 178.79668454320785 273.9835038936773
6.8 0.4 Webster 20 160 56 548 147.18090559097988 218.3690778252088
6.8 0.6 Webster 20 160 55 548 186.01319137684928 164.15920419505395
6.8 0.8 Webster 20 160 55 548 176.42206235321808 91.42309977969731
6.8 1.0 Webster 20 160 56 548 164.74934158817265 58.722531401583126
6.8 1.2 Webster 105 160 87 316 39.13824788545677 145.96396470444967
6.8 1.4 Webster 20 80 98 447 56.01546083730701 12.069702599179335
6.8 1.6 Webster 20 45 95 384 21.419449639345558 18.45630211026333
6.8 1.8 Webster 20 30 99 333 14.571378954794863 22.7804455848704
6.8 2.0 Webster 20 25 94 308 13.226460913040366 35.02249464715881
6.8 2.2 Webster 20 20 92 271 9.309130510297706 39.281879567643706
6.8 2.4 Webster 20 20 99 264 8.617587648812616 17.444224171518968
6.8 2.6 Webster 20 20 78 248 8.48632664193624 14.718642648702884
6.8 2.8 Webster 20 20 80 231 8.001004894865297 18.390497779428767
6.8 3.0 Webster 20 20 105 221 8.355467569776053 14.404096130154032
6.8 3.2 Webster 20 20 86 231 7.8045623218823215 15.11350090222157
6.8 3.4 Webster 20 20 89 179 7.352979241445609 10.823265202366724
6.8 3.6 Webster 20 20 78 165 9.205772559408635 9.804299743997584
6.8 3.8 Webster 20 20 67 189 8.253112299055312 10.808386751026013
6.8 4.0 Webster 20 20 99 157 9.839032928926638 9.542706070823677
6.8 4.2 Webster 20 20 112 164 8.193720378615506 10.277319048654862
6.8 4.4 Webster 20 20 90 157 8.650572263241335 10.703851523806305
6.8 4.6 Webster 20 20 97 140 10.039506126047359 10.281525789855836
6.8 4.8 Webster 20 20 100 131 9.945901222077602 10.773458933288094
6.8 5.0 Webster 20 20 98 118 8.556381475557005 9.716389545693346
6.8 5.2 Webster 20 20 79 123 7.250113725128129 9.66699965593271
6.8 5.4 Webster 20 20 83 105 8.011714381257047 8.2443760724673
6.8 5.6 Webster 20 20 105 108 8.748591476649285 9.264819862761819
6.8 5.8 Webster 20 20 92 101 9.652831581740598 9.464643802432144
6.8 6.0 Webster 20 20 86 84 7.215596722484439 8.242330749309719
6.8 6.2 Webster 20 20 92 89 7.377618976916414 8.053369878049704
6.8 6.4 Webster 20 20 91 101 9.047148188640232 10.982742983137456
6.8 6.6 Webster 20 20 107 106 8.176402766625895 8.980594851374665
6.8 6.8 Webster 20 20 103 96 10.217521151387087 8.365305231570012
6.8 7.0 Webster 20 20 97 81 9.08775403836999 9.859944914788025
6.8 7.2 Webster 20 20 107 110 10.05992209845279 9.986899315444807
6.8 7.4 Webster 20 20 91 65 8.22687513777135 8.653604797838312
6.8 7.6 Webster 20 20 87 95 7.633760653016205 8.728770899013787
6.8 7.8 Webster 20 20 93 80 8.717363551587653 8.553077560192254
6.8 8.0 Webster 20 20 88 81 9.353656998053081 5.932205024282884
6.8 8.2 Webster 20 20 79 71 6.101226392760083 8.554974806115068
6.8 8.4 Webster 20 20 84 81 8.599501609273576 8.105694630246854
6.8 8.6 Webster 20 20 70 85 9.758890831465685 8.599252264401892
6.8 8.8 Webster 20 20 86 60 8.346305232658167 7.520560969244732
6.8 9.0 Webster 20 20 90 75 8.548161307501664 8.585106438047282
6.8 9.2 Webster 20 20 108 75 7.073739933507408 8.042811387096203
6.8 9.4 Webster 20 20 104 75 9.329394893661561 9.589084084234528
6.8 9.6 Webster 20 20 89 68 8.249178868757356 9.842195014590427
6.8 9.8 Webster 20 20 84 61 8.711327910884528 8.451494203642053
6.8 10.0 Webster 20 20 80 64 9.581411702948731 10.505769556057825
7.0 0.2 Webster 20 160 54 548 187.62823944393372 268.1459630027433
7.0 0.4 Webster 20 160 55 548 149.97252571317887 218.5565997341439
7.0 0.6 Webster 20 160 55 548 199.4618970081373 157.1585168797271
7.0 0.8 Webster 20 160 52 548 114.935362953674 95.22725441494188
7.0 1.0 Webster 20 160 53 548 148.44468270643424 68.75705309991574
7.0 1.2 Webster 85 160 75 376 56.361204433055065 104.74184453570793
7.0 1.4 Webster 20 75 69 420 39.2096324328262 10.072093097731441
7.0 1.6 Webster 20 45 97 376 19.000299528059234 13.647283651264026
7.0 1.8 Webster 20 30 88 341 14.036566023408428 55.220168083779335
7.0 2.0 Webster 20 25 81 293 13.807677373358066 15.480181020284084
7.0 2.2 Webster 20 20 92 272 9.010914500258188 49.20721797063611
7.0 2.4 Webster 20 20 93 256 7.976764153969879 21.515351095230223
7.0 2.6 Webster 20 20 82 242 10.083929772528338 18.039322674894645
7.0 2.8 Webster 20 20 89 225 8.806915087149543 13.250165648286512
7.0 3.0 Webster 20 20 77 210 8.992347213306186 11.098530887591117
7.0 3.2 Webster 20 20 101 206 7.924864843709164 11.982780957618564
7.0 3.4 Webster 20 20 90 199 7.823546794140144 10.638624352292968
7.0 3.6 Webster 20 20 96 191 8.97004618109412 11.511436424961351
7.0 3.8 Webster 20 20 80 171 7.291630968268831 9.581970936325208
7.0 4.0 Webster 20 20 109 186 7.643527765673645 9.821443685352241
7.0 4.2 Webster 20 20 94 167 9.345629913773877 9.906616793935436
7.0 4.4 Webster 20 20 90 164 9.370896515329528 9.066123569572488
7.0 4.6 Webster 20 20 95 149 9.715848967025464 10.121949199006272
7.0 4.8 Webster 20 20 99 137 8.899751259557585 10.137650650274281
7.0 5.0 Webster 20 20 74 126 8.059415916790334 8.430127863002731
7.0 5.2 Webster 20 20 91 127 8.570784434890939 8.69184845895511
7.0 5.4 Webster 20 20 89 117 8.531791956378553 8.426035297300063
7.0 5.6 Webster 20 20 91 112 6.673736180954488 9.362726998096317
7.0 5.8 Webster 20 20 86 91 7.879678799792879 9.851648235060093
7.0 6.0 Webster 20 20 112 112 10.427324363418473 8.102447642993381
7.0 6.2 Webster 20 20 104 93 7.721145129381958 8.204704454027963
7.0 6.4 Webster 20 20 92 121 8.62681892432641 9.122430299232212
7.0 6.6 Webster 20 20 85 94 7.644236690321662 7.858830880381585
7.0 6.8 Webster 20 20 99 103 9.298255723979388 9.658889116395944
7.0 7.0 Webster 20 20 73 79 7.77777554915721 9.079782955495135
7.0 7.2 Webster 20 20 64 95 6.69299005825841 8.941431635648119
7.0 7.4 Webster 20 20 82 74 9.44765888790312 8.37543923661696
7.0 7.6 Webster 20 20 80 86 8.331442746695178 8.967663848898551
7.0 7.8 Webster 20 20 90 88 7.85284853104619 9.643718972331781
7.0 8.0 Webster 20 20 85 94 8.736948590908346 8.531894016285948
7.0 8.2 Webster 20 20 99 68 9.11985598541197 9.446070931186952
7.0 8.4 Webster 20 20 79 70 6.477279087735561 8.488773929579398
7.0 8.6 Webster 20 20 89 73 6.126038657809443 10.149684807965803
7.0 8.8 Webster 20 20 97 72 7.336223443222252 9.032947820509209
7.0 9.0 Webster 20 20 86 96 9.19447441493715 7.876539062935092
7.0 9.2 Webster 20 20 74 70 6.654591487519296 11.75046765458429
7.0 9.4 Webster 20 20 82 79 8.422108705507073 8.414752707737552
7.0 9.6 Webster 20 20 72 79 8.686203780633033 8.187012395029578
7.0 9.8 Webster 20 20 100 69 9.411787645650122 8.303078873882509
7.0 10.0 Webster 20 20 93 60 9.635398957748793 8.305852192326514
7.2 0.2 Webster 20 160 55 548 157.72432150751564 275.06014648617526
7.2 0.4 Webster 20 160 53 548 134.59270037848103 225.98003514386517
7.2 0.6 Webster 20 160 56 548 159.71426963161716 151.57595758247092
7.2 0.8 Webster 20 160 54 548 161.84558558010903 118.03051322775073
7.2 1.0 Webster 20 160 54 548 145.70554337066153 73.51877108042008
7.2 1.2 Webster 70 160 73 421 56.79031528011793 77.24011581470931
7.2 1.4 Webster 20 75 77 458 44.616215446172944 20.642163822203635
7.2 1.6 Webster 20 45 101 362 22.041801608553303 11.697825108277891
7.2 1.8 Webster 20 30 91 341 13.020658782737975 56.75694837268854
7.2 2.0 Webster 20 25 85 303 9.798784224036833 23.001129903161555
7.2 2.2 Webster 20 20 74 271 8.073826705664283 50.13153831603589
7.2 2.4 Webster 20 20 84 241 9.523074052307862 18.254332223605648
7.2 2.6 Webster 20 20 59 231 8.554134308349184 12.175506641158375
7.2 2.8 Webster 20 20 76 204 6.938128407351835 11.826231962779707
7.2 3.0 Webster 20 20 99 213 7.942540813211275 12.867337738410708
7.2 3.2 Webster 20 20 105 215 10.570170529854828 11.419146983387204
7.2 3.4 Webster 20 20 69 202 8.03359608632129 11.150298524034511
7.2 3.6 Webster 20 20 104 154 9.482034130777501 10.646178545639827
7.2 3.8 Webster 20 20 104 145 9.94884955425946 9.596058602694992
7.2 4.0 Webster 20 20 91 134 9.149315176196845 9.826450100277267
7.2 4.2 Webster 20 20 73 166 8.884539625458498 8.878709756615802
7.2 4.4 Webster 20 20 84 171 7.811178907070676 10.104651403882503
7.2 4.6 Webster 20 20 99 156 8.706411435820591 9.265124939204409
7.2 4.8 Webster 20 20 81 136 8.317880962321569 9.902134582313412
7.2 5.0 Webster 20 20 86 124 7.549368904665661 8.634031397714462
7.2 5.2 Webster 20 20 84 114 7.62551098453139 9.311463043076593
7.2 5.4 Webster 20 20 71 128 7.853851273569908 9.794876616622807
7.2 5.6 Webster 20 20 90 118 9.162543614302873 8.858728119830987
7.2 5.8 Webster 20 20 83 114 5.931685025021778 10.007212990216782
7.2 6.0 Webster 20 20 85 93 8.612302232226737 9.586342166456987
7.2 6.2 Webster 20 20 97 111 8.61254041863911 7.164068758409031
7.2 6.4 Webster 20 20 83 111 7.748362081301146 7.8863046167726765
7.2 6.6 Webster 20 20 97 107 8.365089984985858 9.576033687672156
7.2 6.8 Webster 20 20 89 94 8.632338862828858 8.687881648293466
7.2 7.0 Webster 20 20 83 103 9.286281733217312 8.84168617241139
7.2 7.2 Webster 20 20 89 90 6.620308026029549 8.510970281784411
7.2 7.4 Webster 20 20 94 87 9.214940024254032 7.916163460070196
7.2 7.6 Webster 20 20 99 75 10.038885827706574 8.248485233489141
7.2 7.8 Webster 20 20 77 76 7.473392877026232 8.9385146764526
7.2 8.0 Webster 20 20 97 70 7.764435017349244 9.624048365683503
7.2 8.2 Webster 20 20 98 83 8.822321978203616 7.391189336604574
7.2 8.4 Webster 20 20 81 92 7.171753239355816 8.630706433205487
7.2 8.6 Webster 20 20 81 70 7.2593221752354 7.163498309338228
7.2 8.8 Webster 20 20 100 71 8.899619502908505 7.74122264706973
7.2 9.0 Webster 20 20 80 75 7.147744584889615 8.78108472339116
7.2 9.2 Webster 20 20 85 82 8.206799452812696 8.443308962080675
7.2 9.4 Webster 20 20 79 60 10.945099129434823 10.121617065889604
7.2 9.6 Webster 20 20 85 75 7.572693375948291 9.08900515059848
7.2 9.8 Webster 20 20 84 72 9.899467125240786 8.51143824341673
7.2 10.0 Webster 20 20 97 67 8.844434815147153 8.817741545626571
7.4 0.2 Webster 20 160 52 548 151.0518286702277 265.5046187179963
7.4 0.4 Webster 20 160 52 548 165.75737433401375 221.52856397753345
7.4 0.6 Webster 20 160 54 548 162.70683271212687 161.59203503303695
7.4 0.8 Webster 20 160 55 548 147.56549659399937 113.95233275617457
7.4 1.0 Webster 20 160 53 548 146.15590055251806 70.33746971570463
7.4 1.2 Webster 60 160 66 451 62.33625745313482 77.9579303693265
7.4 1.4 Webster 20 75 82 444 27.476409105258988 14.116384646034597
7.4 1.6 Webster 20 45 82 400 21.40338949224592 19.416027424430364
7.4 1.8 Webster 20 30 62 341 11.560132634206107 50.999004699906344
7.4 2.0 Webster 20 25 92 308 10.164980660963987 31.46542339430889
7.4 2.2 Webster 20 20 71 271 8.245988393217935 28.898263929968305
7.4 2.4 Webster 20 20 100 242 7.721246429460366 16.392572975231708
7.4 2.6 Webster 20 20 80 240 8.706853926055167 14.399176943965065
7.4 2.8 Webster 20 20 72 220 6.958530568834995 11.236004389024588
7.4 3.0 Webster 20 20 74 205 8.834775179225753 11.314084867635412
7.4 3.2 Webster 20 20 86 195 7.4598860693315405 10.625793213101657
7.4 3.4 Webster 20 20 90 190 8.508416487343048 9.986787336181596
7.4 3.6 Webster 20 20 76 188 8.533716382881018 9.257816125648288
7.4 3.8 Webster 20 20 90 161 8.092993296364584 10.398670689459635
7.4 4.0 Webster 20 20 82 171 8.582702742274552 11.564982754602564
7.4 4.2 Webster 20 20 91 142 7.928858644776735 10.716190063182248
7.4 4.4 Webster 20 20 81 147 7.419928419314192 9.600404679323795
7.4 4.6 Webster 20 20 89 146 7.674287656708677 9.06487245805673
7.4 4.8 Webster 20 20 77 130 5.983190750308007 11.288733396047162
7.4 5.0 Webster 20 20 91 118 8.729589930853459 8.946901508738366
7.4 5.2 Webster 20 20 83 118 6.383379554672362 8.667931697120222
7.4 5.4 Webster 20 20 76 106 8.326119948440494 9.325304872166548
7.4 5.6 Webster 20 20 79 124 9.185258233412345 8.614719669730091
7.4 5.8 Webster 20 20 92 97 8.89241968362366 9.950674525074028
7.4 6.0 Webster 20 20 88 116 7.129811170863904 7.792395009512278
7.4 6.2 Webster 20 20 77 96 8.724229788440422 8.723662287274442
7.4 6.4 Webster 20 20 94 117 8.046710401877982 9.106739256380983
7.4 6.6 Webster 20 20 79 103 8.9709442513712 8.951728097618897
7.4 6.8 Webster 20 20 82 102 7.0503499371684315 9.587537618349298
7.4 7.0 Webster 20 20 76 93 7.599058689728371 9.383717694509006
7.4 7.2 Webster 20 20 86 75 9.026227528888494 8.52173357246531
7.4 7.4 Webster 20 20 91 97 8.204098859300082 10.062378846363158
7.4 7.6 Webster 20 20 68 96 6.535726183986304 8.968881369991598
7.4 7.8 Webster 20 20 88 73 8.822109510516464 8.266685088903772
7.4 8.0 Webster 20 20 83 87 10.441035750685433 8.256320603556107
7.4 8.2 Webster 20 20 110 83 9.715173121803442 7.947571107301639
7.4 8.4 Webster 20 20 82 83 6.129468322940555 9.306732769391475
7.4 8.6 Webster 20 20 82 67 9.295380074056128 7.259460226059223
7.4 8.8 Webster 20 20 66 71 6.558274418829171 9.572256112097131
7.4 9.0 Webster 20 20 73 64 8.353382796786518 8.653178984138892
7.4 9.2 Webster 20 20 92 82 7.239713948532326 8.50974660501647
7.4 9.4 Webster 20 20 91 80 8.59671594916425 8.445684309883017
7.4 9.6 Webster 20 20 83 66 9.242062741610862 8.228356502001072
7.4 9.8 Webster 20 20 100 78 9.035129981595267 7.932840600715829
7.4 10.0 Webster 20 20 81 75 7.3614719713145504 9.19467531258909
7.6 0.2 Webster 20 160 54 548 165.1254045346615 268.5457477691161
7.6 0.4 Webster 20 160 53 548 120.93424700201224 212.64514451960935
7.6 0.6 Webster 20 160 55 548 190.59287083543595 148.5412884595263
7.6 0.8 Webster 20 160 54 548 148.12022816852766 126.18868208147067
7.6 1.0 Webster 20 160 53 548 157.61346995623728 79.13355118142623
7.6 1.2 Webster 55 160 72 466 66.69145883189792 62.40954539846701
7.6 1.4 Webster 20 70 77 448 38.780286428901206 17.761232804521914
7.6 1.6 Webster 20 45 80 402 18.72420147789558 15.956138152430652
7.6 1.8 Webster 20 30 99 328 13.331989382448182 34.09768293387261
7.6 2.0 Webster 20 25 91 307 9.179420022285933 60.503759976796644
7.6 2.2 Webster 20 20 90 272 8.472092872983236 50.446550244674434
7.6 2.4 Webster 20 20 76 239 6.064428647500542 17.1248351202626
7.6 2.6 Webster 20 20 84 255 8.801461078886394 21.433771812501444
7.6 2.8 Webster 20 20 91 212 7.6315143013275915 11.658553965930313
7.6 3.0 Webster 20 20 81 187 7.629009791510968 10.54668249695141
7.6 3.2 Webster 20 20 79 216 7.663008447144711 11.833684728274
7.6 3.4 Webster 20 20 93 190 8.193350246427297 10.099512537220935
7.6 3.6 Webster 20 20 79 193 7.385331079279894 10.36127198088867
7.6 3.8 Webster 20 20 84 162 7.949298117849214 11.265067929059974
7.6 4.0 Webster 20 20 76 145 9.74654819451245 8.4279827573985
7.6 4.2 Webster 20 20 84 143 8.53617308932378 7.924770109032571
7.6 4.4 Webster 20 20 87 146 8.360274553889294 8.315385509539464
7.6 4.6 Webster 20 20 89 131 7.5613671155953694 10.651486402809402
7.6 4.8 Webster 20 20 81 149 9.762064971005103 10.258645339878253
7.6 5.0 Webster 20 20 76 120 8.087006078362506 8.634509637557278
7.6 5.2 Webster 20 20 91 107 9.737286454476248 9.00267785902579
7.6 5.4 Webster 20 20 83 115 9.142855448078913 10.483123887072654
7.6 5.6 Webster 20 20 82 109 9.2075424758265 11.388996752686543
7.6 5.8 Webster 20 20 77 115 7.779187094595083 9.616039361688657
7.6 6.0 Webster 20 20 86 100 8.2983612590808 8.765888366318258
7.6 6.2 Webster 20 20 75 96 8.972750745629135 8.047565895741553
7.6 6.4 Webster 20 20 85 108 8.014836172633856 9.630938655219405
7.6 6.6 Webster 20 20 78 111 8.653995786339737 8.781555017463425
7.6 6.8 Webster 20 20 98 88 9.29137993108412 7.225030351754149
7.6 7.0 Webster 20 20 81 91 6.514705168232268 8.19815169315987
7.6 7.2 Webster 20 20 78 103 7.897870669749484 8.758878032427509
7.6 7.4 Webster 20 20 76 84 6.45975800672088 9.381097454512684
7.6 7.6 Webster 20 20 85 89 8.733992432536146 9.475819982117448
7.6 7.8 Webster 20 20 82 77 8.700561251510525 7.513823601869057
7.6 8.0 Webster 20 20 109 79 8.427130442619204 9.746982443821912
7.6 8.2 Webster 20 20 91 82 9.162697054361445 8.576041917890889
7.6 8.4 Webster 20 20 82 77 9.060184708454422 8.69496893360626
7.6 8.6 Webster 20 20 74 74 6.665419402918918 9.86151017596445
7.6 8.8 Webster 20 20 61 70 9.356010587375586 7.375132299031905
7.6 9.0 Webster 20 20 85 83 7.269736755328036 9.55543649579682
7.6 9.2 Webster 20 20 82 66 6.394392750781316 7.7487663007609475
7.6 9.4 Webster 20 20 96 61 8.984297569720113 8.53234034792767
7.6 9.6 Webster 20 20 90 70 8.533220264689161 8.82901749314564
7.6 9.8 Webster 20 20 76 71 8.088543913004004 6.816307526594082
7.6 10.0 Webster 20 20 86 72 7.80939624658336 7.5365835040979885
7.8 0.2 Webster 20 160 58 548 147.73719692522698 271.4596669376182
7.8 0.4 Webster 20 160 54 548 167.9305923879065 224.8183730554951
7.8 0.6 Webster 20 160 57 548 112.7272947664351 162.59416334587664
7.8 0.8 Webster 20 160 56 548 102.07967711517789 105.42536309591368
7.8 1.0 Webster 20 160 53 548 112.62041583400342 63.724895840614316
7.8 1.2 Webster 50 160 73 471 67.10188612594756 94.06364369287795
7.8 1.4 Webster 20 70 88 437 37.41617563118368 11.129335656113776
7.8 1.6 Webster 20 40 79 381 20.28950037568139 27.43786150575689
7.8 1.8 Webster 20 30 76 334 15.020359350576182 26.78648825892361
7.8 2.0 Webster 20 25 81 285 9.11602583533243 14.570007205375767
7.8 2.2 Webster 20 20 91 272 8.9720806992917 29.87622189371936
7.8 2.4 Webster 20 20 86 240 8.345668433916781 13.601319125155724
7.8 2.6 Webster 20 20 88 236 9.129511904105952 21.16386758976697
7.8 2.8 Webster 20 20 75 217 7.658062113907929 12.317860833400516
7.8 3.0 Webster 20 20 83 209 8.738458170861227 12.58765911419386
7.8 3.2 Webster 20 20 72 201 7.790967214815012 10.557631663320047
7.8 3.4 Webster 20 20 73 201 9.807569497333729 11.50403160714989
7.8 3.6 Webster 20 20 89 179 8.37712250997715 11.59632109735083
7.8 3.8 Webster 20 20 84 160 9.600053134286604 9.919702674386667
7.8 4.0 Webster 20 20 80 151 9.70939035608268 9.455756036393256
7.8 4.2 Webster 20 20 58 165 7.985017693646609 10.107868423700634
7.8 4.4 Webster 20 20 84 150 7.737747847665462 9.74612146939684
7.8 4.6 Webster 20 20 71 130 6.53327371578259 8.925508514101244
7.8 4.8 Webster 20 20 76 120 8.28177719142049 9.19805057294317
7.8 5.0 Webster 20 20 84 132 8.951375453222727 10.013528928039154
7.8 5.2 Webster 20 20 94 118 7.540465809432486 9.239004119437421
7.8 5.4 Webster 20 20 76 109 9.004966600975187 7.701120946660187
7.8 5.6 Webster 20 20 80 131 7.460278492109841 9.614561876669217
7.8 5.8 Webster 20 20 72 126 7.596411063484603 9.254396798100721
7.8 6.0 Webster 20 20 83 117 6.506989039022793 9.114842489595592
7.8 6.2 Webster 20 20 84 130 8.568325939488485 10.863410425982083
7.8 6.4 Webster 20 20 78 93 8.559046724664814 9.352449683770752
7.8 6.6 Webster 20 20 66 94 6.195667619494706 6.046768040711771
7.8 6.8 Webster 20 20 68 103 7.023075551130819 9.795112163307575
7.8 7.0 Webster 20 20 81 100 7.677818569808489 9.708729054151094
7.8 7.2 Webster 20 20 67 75 6.077284442330607 8.988992538757845
7.8 7.4 Webster 20 20 85 89 7.10263593592087 8.551425904585933
7.8 7.6 Webster 20 20 68 93 7.929124041864033 9.18043552818161
7.8 7.8 Webster 20 20 63 77 9.796830761804257 7.577996688073592
7.8 8.0 Webster 20 20 69 68 6.334436662812602 9.063462145664188
7.8 8.2 Webster 20 20 76 92 8.814577919545608 8.5143424617488
7.8 8.4 Webster 20 20 82 62 8.286014975924978 8.410413096154073
7.8 8.6 Webster 20 20 94 77 7.762093452458658 9.077937521564396
7.8 8.8 Webster 20 20 71 87 8.570927084453006 7.843748195152911
7.8 9.0 Webster 20 20 72 71 7.262671646021287 8.38042924533931
7.8 9.2 Webster 20 20 93 60 7.568485224881714 7.701567444548357
7.8 9.4 Webster 20 20 83 72 6.67861506622314 9.085819175590617
7.8 9.6 Webster 20 20 78 61 9.009528032237395 8.392871334664669
7.8 9.8 Webster 20 20 64 69 4.998792208052578 9.322999462254408
7.8 10.0 Webster 20 20 77 70 8.629772125920603 8.484969402666929
8.0 0.2 Webster 20 160 55 548 88.27923654000891 272.43573722154025
8.0 0.4 Webster 20 160 57 548 95.43829725306229 222.46779891969254
8.0 0.6 Webster 20 160 52 548 147.8521675323821 163.85429820616667
8.0 0.8 Webster 20 160 52 548 137.29192651567794 122.8343966688848
8.0 1.0 Webster 20 160 53 548 124.37997991845741 55.03167545703172
8.0 1.2 Webster 45 160 71 471 55.76232394340097 64.55644619748298
8.0 1.4 Webster 20 70 89 467 39.6808839989052 23.92478711749669
8.0 1.6 Webster 20 40 76 379 20.853829755756703 25.13719621404276
8.0 1.8 Webster 20 30 91 336 15.035572256372118 27.162059419986605
8.0 2.0 Webster 20 25 80 303 9.774040175138449 29.56996168660238
8.0 2.2 Webster 20 20 72 272 9.183567935062161 70.31238598677855
8.0 2.4 Webster 20 20 90 256 8.856975610278225 17.175833849905352
8.0 2.6 Webster 20 20 79 239 9.966499600979208 14.077696168724023
8.0 2.8 Webster 20 20 82 244 9.398729250131916 13.305710636397858
8.0 3.0 Webster 20 20 86 201 8.274844830382747 14.247253013309956
8.0 3.2 Webster 20 20 80 184 8.731614527489642 12.291791127935594
8.0 3.4 Webster 20 20 71 159 8.138314673336906 10.203016939351032
8.0 3.6 Webster 20 20 76 177 7.936751578216174 11.907629930749067
8.0 3.8 Webster 20 20 92 187 7.513206076249799 10.09848076290418
8.0 4.0 Webster 20 20 96 166 9.129420141923937 10.47799890906696
8.0 4.2 Webster 20 20 76 153 7.753664570448094 8.638099448469788
8.0 4.4 Webster 20 20 67 153 7.6528430438925374 9.689751258385977
8.0 4.6 Webster 20 20 73 156 8.15609532173877 11.512484564826071
8.0 4.8 Webster 20 20 70 133 9.897623087529157 10.219736536481976
8.0 5.0 Webster 20 20 78 149 8.212605545796652 9.867036208847308
8.0 5.2 Webster 20 20 95 116 8.069217697153237 9.048986643433476
8.0 5.4 Webster 20 20 73 133 9.250561928330592 8.7402726701934
8.0 5.6 Webster 20 20 75 120 9.050476963804472 8.562567546803434
8.0 5.8 Webster 20 20 97 109 7.767668503656806 10.07048358059402
8.0 6.0 Webster 20 20 78 94 9.901730069634986 9.261395134548378
8.0 6.2 Webster 20 20 78 101 7.050485395525338 8.206708432564408
8.0 6.4 Webster 20 20 77 102 7.650384276210309 8.106860737876785
8.0 6.6 Webster 20 20 68 102 7.837232675416379 7.850905173909504
8.0 6.8 Webster 20 20 79 93 8.418285391976992 8.753173190273895
8.0 7.0 Webster 20 20 82 105 8.459914452045107 10.031090477254025
8.0 7.2 Webster 20 20 76 94 8.016319693063972 7.899571350048253
8.0 7.4 Webster 20 20 85 84 9.17922657716451 8.694841311178577
8.0 7.6 Webster 20 20 85 67 8.281158021914212 9.533654796427903
8.0 7.8 Webster 20 20 78 93 6.347280880849913 7.340481937377876
8.0 8.0 Webster 20 20 73 96 7.88419016435004 9.265563334074114
8.0 8.2 Webster 20 20 72 74 8.180984158363053 7.020908519628308
8.0 8.4 Webster 20 20 75 73 8.318736346511477 8.705296408802623
8.0 8.6 Webster 20 20 79 81 5.969262223093394 8.028142773824944
8.0 8.8 Webster 20 20 89 72 9.523939411687515 8.338403508162674
8.0 9.0 Webster 20 20 65 62 6.498977125426331 7.784675534015451
8.0 9.2 Webster 20 20 68 69 7.8536804765210375 8.853954762672732
8.0 9.4 Webster 20 20 78 80 9.13699876390837 5.6660125835424004
8.0 9.6 Webster 20 20 79 59 6.963834868649257 8.446360906720738
8.0 9.8 Webster 20 20 68 50 6.161521983134017 8.30406028170675
8.0 10.0 Webster 20 20 70 74 9.24252374346911 7.836308431234411
8.2 0.2 Webster 20 160 53 548 169.38702459457542 269.44460690274906
8.2 0.4 Webster 20 160 54 548 160.7785079296189 223.8672505094499
8.2 0.6 Webster 20 160 54 548 162.05504808045873 153.90804677736028
8.2 0.8 Webster 20 160 57 548 138.49314680426926 104.0062609748901
8.2 1.0 Webster 20 160 55 548 185.91939477626858 64.18759569792934
8.2 1.2 Webster 40 160 75 471 66.55477824188421 56.482474266333284
8.2 1.4 Webster 20 70 71 425 31.99848485615019 13.72667957088195
8.2 1.6 Webster 20 40 82 380 21.396992164756583 25.43665903073656
8.2 1.8 Webster 20 30 95 312 13.278471631286905 13.417558110543128
8.2 2.0 Webster 20 25 89 298 12.452569438550615 44.7690179943753
8.2 2.2 Webster 20 20 63 272 8.163074384688407 40.19817510848074
8.2 2.4 Webster 20 20 76 264 8.113054244840503 18.265200306293593
8.2 2.6 Webster 20 20 69 268 8.42537619388042 22.550850796280223
8.2 2.8 Webster 20 20 69 230 7.014277781357538 14.650695415522963
8.2 3.0 Webster 20 20 64 225 7.886580671195049 11.17957114843109
8.2 3.2 Webster 20 20 60 188 9.48461995039911 10.712757930007871
8.2 3.4 Webster 20 20 65 174 8.783118424787622 9.85495414232883
8.2 3.6 Webster 20 20 72 141 7.983743566821273 8.612576773685898
8.2 3.8 Webster 20 20 87 183 5.701790433718408 10.75661267268575
8.2 4.0 Webster 20 20 76 172 7.148979229574519 10.62480770493876
8.2 4.2 Webster 20 20 93 156 8.245439612689983 9.799102014536105
8.2 4.4 Webster 20 20 85 147 8.206867253987447 10.266846597486362
8.2 4.6 Webster 20 20 83 152 9.996962536750768 9.963754925445059
8.2 4.8 Webster 20 20 91 129 7.962241583707075 9.68792666927175
8.2 5.0 Webster 20 20 72 119 7.107152045196736 9.990279802478007
8.2 5.2 Webster 20 20 74 115 6.02770518338301 8.951491093082183
8.2 5.4 Webster 20 20 83 121 6.860583076974397 7.813724290136184
8.2 5.6 Webster 20 20 76 114 7.249454290999631 9.446990819568265
8.2 5.8 Webster 20 20 69 115 9.034202876423127 9.443470115363628
8.2 6.0 Webster 20 20 78 110 6.981410408358222 6.925421498384883
8.2 6.2 Webster 20 20 74 106 8.392601105516675 8.085448278300339
8.2 6.4 Webster 20 20 70 98 5.984154747025308 8.352709787114037
8.2 6.6 Webster 20 20 86 98 9.60761473975176 8.316898872833855
8.2 6.8 Webster 20 20 61 108 9.881741949583077 7.408352781111289
8.2 7.0 Webster 20 20 81 94 7.734336948196676 8.616986482494335
8.2 7.2 Webster 20 20 85 83 9.319424948529269 7.856571412182193
8.2 7.4 Webster 20 20 71 97 8.186370813377447 10.682257931301274
8.2 7.6 Webster 20 20 82 74 8.8364211594347 10.380703722519238
8.2 7.8 Webster 20 20 76 73 8.411423352909566 10.498352880459265
8.2 8.0 Webster 20 20 84 76 9.359541770344961 6.588526088376969
8.2 8.2 Webster 20 20 81 73 6.598492882890246 9.250470090607365
8.2 8.4 Webster 20 20 62 76 5.839344333425987 9.489769320432421
8.2 8.6 Webster 20 20 85 73 9.142749502946755 9.111143855390003
8.2 8.8 Webster 20 20 68 81 9.267616368692991 8.038275073392718
8.2 9.0 Webster 20 20 79 64 6.049360679255229 9.220255239452484
8.2 9.2 Webster 20 20 68 74 9.285982571122524 8.819324246298862
8.2 9.4 Webster 20 20 74 68 9.686357722458837 6.662324874747275
8.2 9.6 Webster 20 20 58 72 7.549511851918836 9.107814057667692
8.2 9.8 Webster 20 20 89 75 7.509195123477597 10.49038736793952
8.2 10.0 Webster 20 20 69 72 9.006149416353637 8.663405303855065
8.4 0.2 Webster 20 160 47 548 90.50223600861464 273.53219877537845
8.4 0.4 Webster 20 160 56 548 124.06603000237092 216.4775682487072
8.4 0.6 Webster 20 160 54 548 129.74205671235725 165.0426280447292
8.4 0.8 Webster 20 160 53 548 145.1004987061728 122.62771500068446
8.4 1.0 Webster 20 160 53 546 161.8811731851142 44.15497419040248
8.4 1.2 Webster 35 160 71 488 72.85933274650353 33.3225133140042
8.4 1.4 Webster 20 65 70 447 30.649278485557158 16.495371558632048
8.4 1.6 Webster 20 40 73 371 18.645347213169035 29.283777790374597
8.4 1.8 Webster 20 30 73 338 10.957915528917162 19.300614480929404
8.4 2.0 Webster 20 25 91 301 11.246822136816682 29.355456983468166
8.4 2.2 Webster 20 20 84 265 8.328145880192213 50.85652424507243
8.4 2.4 Webster 20 20 79 257 8.095359043699409 17.064461806641805
8.4 2.6 Webster 20 20 72 261 10.107503532494896 33.90114755018776
8.4 2.8 Webster 20 20 67 247 6.905510068221442 10.58500860263737
8.4 3.0 Webster 20 20 75 222 6.838356469085365 11.837950660752048
8.4 3.2 Webster 20 20 79 180 8.276296482363367 9.307260461744383
8.4 3.4 Webster 20 20 69 212 7.157616748719958 11.739454969050815
8.4 3.6 Webster 20 20 78 188 7.83198235254584 10.603521523820088
8.4 3.8 Webster 20 20 86 172 9.708273964506667 10.461082291723587
8.4 4.0 Webster 20 20 60 162 5.9348187466356075 11.234445543739085
8.4 4.2 Webster 20 20 64 141 8.68722481391847 10.892177570138044
8.4 4.4 Webster 20 20 75 130 7.929910972941326 9.125704488852739
8.4 4.6 Webster 20 20 69 159 6.287369217103993 10.46633702932247
8.4 4.8 Webster 20 20 88 118 6.686411929801568 8.195750070114402
8.4 5.0 Webster 20 20 77 135 8.739580997501289 9.415247590648919
8.4 5.2 Webster 20 20 70 121 5.921697457812794 8.311911524634736
8.4 5.4 Webster 20 20 71 130 7.088906056668839 9.355078791638848
8.4 5.6 Webster 20 20 84 100 8.012028490196418 9.005251865283112
8.4 5.8 Webster 20 20 66 121 6.530543158130091 9.252567996472385
8.4 6.0 Webster 20 20 85 118 7.376936633959927 9.51298661294472
8.4 6.2 Webster 20 20 73 92 6.764268536435082 9.338446972365292
8.4 6.4 Webster 20 20 74 106 7.3493962941604 9.047121569187315
8.4 6.6 Webster 20 20 74 86 9.677298258967676 8.272031113657855
8.4 6.8 Webster 20 20 75 84 8.728942940703531 6.839223263735714
8.4 7.0 Webster 20 20 81 100 7.958777147981206 7.614491270275886
8.4 7.2 Webster 20 20 79 99 7.347217731425864 8.721092571832477
8.4 7.4 Webster 20 20 85 89 8.767640724887935 8.73437476814793
8.4 7.6 Webster 20 20 91 90 8.556513799736635 10.895453829014215
8.4 7.8 Webster 20 20 74 81 8.697765930746176 7.757577937028501
8.4 8.0 Webster 20 20 76 96 8.016552052343195 10.710545836332765
8.4 8.2 Webster 20 20 96 75 9.248264999808358 7.329917476933612
8.4 8.4 Webster 20 20 73 70 7.283712148884001 6.847459168054006
8.4 8.6 Webster 20 20 75 82 8.261456486670493 9.355772814565494
8.4 8.8 Webster 20 20 68 78 7.562203981177811 8.760719873657274
8.4 9.0 Webster 20 20 78 72 7.793151003470441 9.400051166350458
8.4 9.2 Webster 20 20 91 73 9.106226892723292 7.28996584589416
8.4 9.4 Webster 20 20 91 60 9.672303886319026 8.574693846823267
8.4 9.6 Webster 20 20 81 69 7.370981080389704 7.773490037125427
8.4 9.8 Webster 20 20 69 66 6.7401452530691675 8.56176717537541
8.4 10.0 Webster 20 20 61 70 9.678367921702293 8.93813741175387
8.6 0.2 Webster 20 160 51 548 87.74291380758707 272.81996955725333
8.6 0.4 Webster 20 160 56 548 163.37830786281492 226.92093742545782
8.6 0.6 Webster 20 160 53 548 135.27236884959248 173.4014593118857
8.6 0.8 Webster 20 160 53 548 135.42615886173272 103.30256110207317
8.6 1.0 Webster 20 160 53 548 154.60943689947078 74.6133304204657
8.6 1.2 Webster 35 160 72 471 79.33527457622174 22.798863443021627
8.6 1.4 Webster 20 65 73 456 28.939892690192266 22.835993572559463
8.6 1.6 Webster 20 40 80 387 20.7282427211264 59.02094992062795
8.6 1.8 Webster 20 30 69 341 12.089953311232565 40.44639277299045
8.6 2.0 Webster 20 25 60 308 12.042858412334255 54.03445469509807
8.6 2.2 Webster 20 20 71 272 8.596172350179602 52.03141827914956
8.6 2.4 Webster 20 20 80 268 8.187248650524602 37.166320911201666
8.6 2.6 Webster 20 20 95 234 8.57201333916837 13.278938025891692
8.6 2.8 Webster 20 20 69 240 9.268481698950165 18.774656489715962
8.6 3.0 Webster 20 20 93 215 8.985504091696786 11.63256598410231
8.6 3.2 Webster 20 20 69 204 6.572910032871311 13.751451310776888
8.6 3.4 Webster 20 20 53 187 8.445832380183706 11.486199385802427
8.6 3.6 Webster 20 20 72 189 7.737135290832416 12.849740858549596
8.6 3.8 Webster 20 20 68 170 6.977817441433451 9.26198333383134
8.6 4.0 Webster 20 20 92 175 7.729122668649417 10.824333592060048
8.6 4.2 Webster 20 20 78 136 8.577119969174825 8.718501146104328
8.6 4.4 Webster 20 20 72 148 10.125743822236084 8.303832398618656
8.6 4.6 Webster 20 20 85 139 6.982137299509812 9.68983911230666
8.6 4.8 Webster 20 20 79 139 7.241579571470037 8.980614881657017
8.6 5.0 Webster 20 20 72 134 7.9649569359027055 8.732466481341499
8.6 5.2 Webster 20 20 73 115 9.088931299495504 10.162441491089796
8.6 5.4 Webster 20 20 73 114 8.01174874959651 9.095520475956029
8.6 5.6 Webster 20 20 76 123 6.385521577327382 8.361816227531902
8.6 5.8 Webster 20 20 84 116 7.709501327382016 8.705622413261265
8.6 6.0 Webster 20 20 82 106 8.313734973666485 10.29447869797058
8.6 6.2 Webster 20 20 91 105 8.05317192066417 10.196633298664644
8.6 6.4 Webster 20 20 72 105 8.592312042082263 10.011954387023318
8.6 6.6 Webster 20 20 62 102 7.347637341704667 10.058066241672385
8.6 6.8 Webster 20 20 77 104 8.642279025679676 8.676968853841508
8.6 7.0 Webster 20 20 58 84 9.698646390016243 8.165497343245917
8.6 7.2 Webster 20 20 77 85 9.581188848360497 9.901915713067904
8.6 7.4 Webster 20 20 82 92 10.487100423155658 8.717430531541401
8.6 7.6 Webster 20 20 65 89 6.407216978444117 9.003546867778903
8.6 7.8 Webster 20 20 75 83 9.290676503554796 8.92355022416027
8.6 8.0 Webster 20 20 72 92 8.59173361008302 8.601360983494436
8.6 8.2 Webster 20 20 67 77 9.014972835907901 9.199860050969338
8.6 8.4 Webster 20 20 75 70 8.937118774417366 9.083263601013305
8.6 8.6 Webster 20 20 67 73 7.94056566337419 8.733771741569033
8.6 8.8 Webster 20 20 72 83 9.528290441382161 8.834889153747541
8.6 9.0 Webster 20 20 61 79 8.369444232321666 9.980456448025798
8.6 9.2 Webster 20 20 69 73 6.8158020099528445 7.423609412804638
8.6 9.4 Webster 20 20 66 82 7.980967110153017 8.346251067214801
8.6 9.6 Webster 20 20 91 62 9.218507113270743 8.733379729034157
8.6 9.8 Webster 20 20 75 65 8.741851156522676 8.665752267594085
8.6 10.0 Webster 20 20 77 73 7.748416719239213 9.43158442412462
8.8 0.2 Webster 20 160 51 548 78.46892702719751 272.0532511827748
8.8 0.4 Webster 20 160 54 548 137.48881820022723 202.25516252743884
8.8 0.6 Webster 20 160 56 548 134.5518137727272 159.6768371000615
8.8 0.8 Webster 20 160 55 548 119.55695698931069 97.32600763207412
8.8 1.0 Webster 20 160 54 548 158.02439666492475 33.97660176331009
8.8 1.2 Webster 30 160 83 493 78.48564454795354 21.24041436044556
8.8 1.4 Webster 20 65 74 456 28.662331207036416 31.070669451540926
8.8 1.6 Webster 20 40 84 379 17.33200502307786 30.063354160359356
8.8 1.8 Webster 20 30 71 323 16.16327938063172 18.633076068144373
8.8 2.0 Webster 20 25 70 308 8.779390148103046 51.44502062029836
8.8 2.2 Webster 20 20 82 269 6.244635367792813 21.108308284865196
8.8 2.4 Webster 20 20 82 261 9.54743872811489 18.901684958877663
8.8 2.6 Webster 20 20 76 262 8.33473917381759 29.225442343689664
8.8 2.8 Webster 20 20 75 235 7.520290589418757 14.475166797574888
8.8 3.0 Webster 20 20 62 220 6.417022910875398 13.30487629681821
8.8 3.2 Webster 20 20 59 179 7.734660409181637 10.193945592003775
8.8 3.4 Webster 20 20 68 191 8.448695089784445 9.551960846148742
8.8 3.6 Webster 20 20 72 161 8.823754106870798 9.835648622392865
8.8 3.8 Webster 20 20 59 204 7.581798248459071 15.2285119397457
8.8 4.0 Webster 20 20 79 141 9.737224504741176 9.122403967886397
8.8 4.2 Webster 20 20 65 167 6.675919965657298 9.742406972806391
8.8 4.4 Webster 20 20 64 134 9.58381153332478 9.173151783568246
8.8 4.6 Webster 20 20 61 170 8.85018058564996 9.958277739444261
8.8 4.8 Webster 20 20 68 142 7.822506409529499 8.842744294185133
8.8 5.0 Webster 20 20 78 114 7.773659251098338 9.39633246199857
8.8 5.2 Webster 20 20 58 131 7.874290234846493 9.03337880295177
8.8 5.4 Webster 20 20 68 123 8.801314025148667 7.721408125315536
8.8 5.6 Webster 20 20 81 116 7.981627249986921 7.5994522465705625
8.8 5.8 Webster 20 20 85 87 10.144971177109392 9.666070591142036
8.8 6.0 Webster 20 20 76 88 8.829714991214534 7.417844568243126
8.8 6.2 Webster 20 20 58 92 9.171851127116588 10.417256683486778
8.8 6.4 Webster 20 20 67 103 9.346649692346782 9.925756332040207
8.8 6.6 Webster 20 20 71 98 9.533635307270476 7.939007569553311
8.8 6.8 Webster 20 20 75 82 8.007334321935389 10.384493034592913
8.8 7.0 Webster 20 20 69 97 9.968764558531195 9.695210174483693
8.8 7.2 Webster 20 20 71 91 8.452096146953389 7.16115903864594
8.8 7.4 Webster 20 20 65 109 10.206547961855774 7.454862712281
8.8 7.6 Webster 20 20 74 78 6.821787412705025 10.068463162663416
8.8 7.8 Webster 20 20 87 81 7.377639544868241 7.153028103984252
8.8 8.0 Webster 20 20 57 75 10.424568444406207 7.962821832147844
8.8 8.2 Webster 20 20 70 76 10.059206292174505 8.429889661322761
8.8 8.4 Webster 20 20 67 80 5.742536225379482 8.030108857911138
8.8 8.6 Webster 20 20 73 82 9.235391261715495 8.178482184861407
8.8 8.8 Webster 20 20 56 80 7.6607774524082775 8.604092512368632
8.8 9.0 Webster 20 20 71 65 8.798669523947636 8.725348274720275
8.8 9.2 Webster 20 20 73 83 6.964634037188972 9.758386753635104
8.8 9.4 Webster 20 20 80 71 8.505319210566672 8.62419747687478
8.8 9.6 Webster 20 20 70 61 9.776672366719103 7.644019245775982
8.8 9.8 Webster 20 20 80 68 9.901368359273242 8.617677722403611
8.8 10.0 Webster 20 20 73 72 8.934328775438248 10.242667434463227
9.0 0.2 Webster 20 160 55 548 129.26694390450675 266.5731306410697
9.0 0.4 Webster 20 160 53 548 89.12446961076752 218.9583842162767
9.0 0.6 Webster 20 160 53 548 63.22810701645168 153.1862404167916
9.0 0.8 Webster 20 160 53 548 117.15981662080046 104.87440161640126
9.0 1.0 Webster 20 160 51 548 85.72942577750732 35.85059932471154
9.0 1.2 Webster 30 160 72 502 70.16146776104142 26.397404911803182
9.0 1.4 Webster 20 65 72 446 34.67014878905424 22.403178141832544
9.0 1.6 Webster 20 40 66 386 14.315366019435743 28.170492746742088
9.0 1.8 Webster 20 30 61 329 14.725161305682233 23.80225409723357
9.0 2.0 Webster 20 25 81 290 10.050193885796144 23.54178494602447
9.0 2.2 Webster 20 20 80 272 9.56943045440428 93.31250162008507
9.0 2.4 Webster 20 20 61 252 9.67113393359865 58.33683406378016
9.0 2.6 Webster 20 20 62 213 7.170271382858432 12.939531274594808
9.0 2.8 Webster 20 20 64 251 9.51048182896286 18.183393798787705
9.0 3.0 Webster 20 20 73 215 8.241157510718688 14.05006488809476
9.0 3.2 Webster 20 20 73 199 8.841241152534742 10.634739851533055
9.0 3.4 Webster 20 20 62 165 5.850080569784399 11.276174021973356
9.0 3.6 Webster 20 20 66 187 8.159399275808187 10.781046686387512
9.0 3.8 Webster 20 20 61 159 9.244209761263134 8.655838310716987
9.0 4.0 Webster 20 20 66 168 8.856985321654427 10.658846237645356
9.0 4.2 Webster 20 20 68 144 10.238064273649748 10.436884950698483
9.0 4.4 Webster 20 20 58 149 6.73423440491416 10.609169238819112
9.0 4.6 Webster 20 20 73 135 7.304883440141752 8.553421983412015
9.0 4.8 Webster 20 20 64 141 9.0724286754825 9.61202912356265
9.0 5.0 Webster 20 20 70 139 8.37865909850371 10.278068045101756
9.0 5.2 Webster 20 20 77 136 7.758925780121834 9.165597709952367
9.0 5.4 Webster 20 20 76 99 8.138448162949006 9.160815712160035
9.0 5.6 Webster 20 20 73 123 8.629845587673646 8.33592179566996
9.0 5.8 Webster 20 20 66 114 7.824844934731822 8.84282571149642
9.0 6.0 Webster 20 20 67 108 9.157601105341419 9.669306201627787
9.0 6.2 Webster 20 20 55 91 9.232090328037714 8.536618484197932
9.0 6.4 Webster 20 20 72 99 8.664495446159465 8.664668611622337
9.0 6.6 Webster 20 20 67 111 6.98986681880614 9.217155674527282
9.0 6.8 Webster 20 20 69 84 9.154953482015518 6.172570820680789
9.0 7.0 Webster 20 20 79 77 8.052457388471394 5.977157618379375
9.0 7.2 Webster 20 20 67 99 7.172739011513291 7.896893568159036
9.0 7.4 Webster 20 20 58 72 10.592747565559986 9.216507717857954
9.0 7.6 Webster 20 20 67 83 7.063807731903012 6.928337888607628
9.0 7.8 Webster 20 20 74 56 7.801698127023365 8.382629071914623
9.0 8.0 Webster 20 20 70 90 7.683865680856369 10.066045511974751
9.0 8.2 Webster 20 20 67 71 8.343978059785023 8.771453545817415
9.0 8.4 Webster 20 20 84 83 8.535469411474333 7.584298302253942
9.0 8.6 Webster 20 20 60 65 8.315763750349296 7.939793635954691
9.0 8.8 Webster 20 20 75 74 9.348116076436455 8.433057781082471
9.0 9.0 Webster 20 20 69 57 9.265992139095495 8.321755062683154
9.0 9.2 Webster 20 20 75 77 8.355595108419978 9.113635990363747
9.0 9.4 Webster 20 20 71 79 7.714999545738076 8.362472185588024
9.0 9.6 Webster 20 20 70 65 9.14674005243334 10.252754702764578
9.0 9.8 Webster 20 20 69 59 8.938090695098838 7.45098674712476
9.0 10.0 Webster 20 20 75 63 8.069578717062024 9.664961127494522
9.2 0.2 Webster 20 160 55 548 116.78385097745276 273.7216231062487
9.2 0.4 Webster 20 160 56 548 115.95159039710542 221.90146024508536
9.2 0.6 Webster 20 160 50 548 109.613348136342 146.9057885343561
9.2 0.8 Webster 20 160 53 548 111.01825322076922 107.1076197826176
9.2 1.0 Webster 20 160 54 548 158.99382902883917 53.17203773051736
9.2 1.2 Webster 25 160 67 525 90.45052630837482 22.789597128251064
9.2 1.4 Webster 20 65 64 451 24.477462722564603 22.685005424562366
9.2 1.6 Webster 20 40 64 382 17.84242300490827 39.16011101365214
9.2 1.8 Webster 20 30 72 341 14.692777195753775 38.210301056236524
9.2 2.0 Webster 20 25 80 295 10.947726404049629 20.606675683128103
9.2 2.2 Webster 20 20 68 270 7.076032589957951 36.25941518495131
9.2 2.4 Webster 20 20 65 239 7.543949627758578 23.39459303040092
9.2 2.6 Webster 20 20 75 245 7.947122477619563 14.641573954799625
9.2 2.8 Webster 20 20 66 232 8.56742712547917 15.722363266860302
9.2 3.0 Webster 20 20 82 226 9.628148184172527 11.62028133967929
9.2 3.2 Webster 20 20 59 217 7.6921361340953744 11.692731919070892
9.2 3.4 Webster 20 20 59 175 7.76535808731204 10.68459941898582
9.2 3.6 Webster 20 20 69 169 6.775735485248445 9.143906958267387
9.2 3.8 Webster 20 20 68 170 6.894602680313843 10.230328727397675
9.2 4.0 Webster 20 20 80 145 9.640523246525566 10.482259270718641
9.2 4.2 Webster 20 20 61 147 7.616851853025383 10.397853886177222
9.2 4.4 Webster 20 20 50 147 6.009516982054959 9.548229266053886
9.2 4.6 Webster 20 20 74 145 8.682192531539894 8.144965491165172
9.2 4.8 Webster 20 20 74 122 7.501116366008541 9.15755894407031
9.2 5.0 Webster 20 20 74 133 11.218188979709367 8.951767353989664
9.2 5.2 Webster 20 20 68 122 8.792926730187194 9.911139074618427
9.2 5.4 Webster 20 20 50 124 8.021002180078973 9.11582367937629
9.2 5.6 Webster 20 20 62 106 8.211324127388176 7.823853077653155
9.2 5.8 Webster 20 20 70 108 7.558956427081676 6.309928763580735
9.2 6.0 Webster 20 20 63 108 6.493320777039647 9.305369012753232
9.2 6.2 Webster 20 20 57 100 7.289039964005504 9.295507187681991
9.2 6.4 Webster 20 20 65 107 7.089026170610397 9.6999332079319
9.2 6.6 Webster 20 20 59 104 7.218001043864643 7.9538049820440655
9.2 6.8 Webster 20 20 62 80 6.905566378028231 9.332407078480497
9.2 7.0 Webster 20 20 68 92 8.871201424487637 8.323920372365707
9.2 7.2 Webster 20 20 62 82 8.46766505963911 9.692198623105936
9.2 7.4 Webster 20 20 77 88 6.264098247273845 6.300988349816716
9.2 7.6 Webster 20 20 54 80 7.993182279475104 9.092299052521055
9.2 7.8 Webster 20 20 60 86 7.459483152358999 8.612486569638728
9.2 8.0 Webster 20 20 76 74 8.35714686472654 7.929024610812706
9.2 8.2 Webster 20 20 66 75 7.723068977880286 8.575933379537537
9.2 8.4 Webster 20 20 74 71 7.593455841859669 10.236046774763158
9.2 8.6 Webster 20 20 69 81 8.637039299468807 9.320760663418355
9.2 8.8 Webster 20 20 70 73 8.389828115597885 7.373716814069644
9.2 9.0 Webster 20 20 65 74 6.645810905827132 8.377666708789528
9.2 9.2 Webster 20 20 69 52 9.175977608418467 7.917750889083736
9.2 9.4 Webster 20 20 64 65 6.666832346995832 5.999245497955537
9.2 9.6 Webster 20 20 57 74 7.550964031928514 10.8064656293236
9.2 9.8 Webster 20 20 68 60 7.196063141694374 10.125698131828667
9.2 10.0 Webster 20 20 66 58 9.558576264460358 9.642791017474186
9.4 0.2 Webster 20 160 47 548 101.63651631931111 268.9674914603832
9.4 0.4 Webster 20 160 55 548 193.72962736594175 225.23665874997027
9.4 0.6 Webster 20 160 53 548 182.9278120800284 163.07054295765641
9.4 0.8 Webster 20 160 55 548 93.29113746480236 100.27024182378433
9.4 1.0 Webster 20 160 52 546 110.66684220761562 22.601433479982923
9.4 1.2 Webster 25 160 73 499 83.37384576424844 14.752890319372383
9.4 1.4 Webster 20 65 54 422 20.41374795065062 12.814692181909633
9.4 1.6 Webster 20 40 68 356 16.036881897296954 12.971272144672533
9.4 1.8 Webster 20 30 79 339 13.801087670241323 27.117248416521107
9.4 2.0 Webster 20 25 78 285 10.889829087572915 17.00886703483638
9.4 2.2 Webster 20 20 75 272 9.969530031154529 45.7153737122563
9.4 2.4 Webster 20 20 68 253 9.188264099607443 15.096826046075067
9.4 2.6 Webster 20 20 63 250 8.013165295185228 14.393871340088964
9.4 2.8 Webster 20 20 66 227 8.340958207592355 13.008873957921287
9.4 3.0 Webster 20 20 78 207 9.32868590378873 11.599437858465988
9.4 3.2 Webster 20 20 69 188 7.839004346262839 11.559757622206776
9.4 3.4 Webster 20 20 68 187 5.951016880612186 11.146236003772582
9.4 3.6 Webster 20 20 64 174 8.431416221914091 10.868177994501092
9.4 3.8 Webster 20 20 71 158 6.595869571820768 11.304661025098278
9.4 4.0 Webster 20 20 63 143 7.560316600581013 9.547884865421914
9.4 4.2 Webster 20 20 74 157 7.643318129808979 9.644191858715113
9.4 4.4 Webster 20 20 55 145 7.3061258079604645 8.494195833232913
9.4 4.6 Webster 20 20 68 154 8.56416539468144 9.88032954986858
9.4 4.8 Webster 20 20 63 161 8.299788227219887 10.52807945613644
9.4 5.0 Webster 20 20 64 127 8.011079905484422 8.202257635509033
9.4 5.2 Webster 20 20 64 143 7.437734431628675 9.70099098554524
9.4 5.4 Webster 20 20 63 132 8.678444765983569 8.36603340027156
9.4 5.6 Webster 20 20 72 109 8.33115980599269 9.820083374328673
9.4 5.8 Webster 20 20 74 108 7.235819932378633 8.676310503937778
9.4 6.0 Webster 20 20 62 123 8.421801355650802 10.373209938507499
9.4 6.2 Webster 20 20 75 111 7.411192219716736 9.965383723984605
9.4 6.4 Webster 20 20 47 114 7.544406710251114 10.534595057767143
9.4 6.6 Webster 20 20 65 88 8.534174620573037 8.445127986087217
9.4 6.8 Webster 20 20 65 95 9.176283827695793 7.916407003959559
9.4 7.0 Webster 20 20 54 101 4.4441819795013116 8.274298129979604
9.4 7.2 Webster 20 20 73 95 7.819780361078583 10.014674533061347
9.4 7.4 Webster 20 20 58 89 9.948737058395993 9.394552790462269
9.4 7.6 Webster 20 20 71 71 9.267007740882573 6.773445058332629
9.4 7.8 Webster 20 20 77 68 9.653374336932401 9.037111712227487
9.4 8.0 Webster 20 20 73 81 8.344102259877987 9.318258285837704
9.4 8.2 Webster 20 20 73 84 8.26967451913699 10.158280688488448
9.4 8.4 Webster 20 20 66 72 6.9520546374144585 7.855656100963063
9.4 8.6 Webster 20 20 63 68 7.222396041611258 9.629576067064013
9.4 8.8 Webster 20 20 78 78 7.502034380726416 8.901587530722242
9.4 9.0 Webster 20 20 88 68 7.898479072732211 8.671333140092411
9.4 9.2 Webster 20 20 77 67 9.062285006616648 8.639049163058015
9.4 9.4 Webster 20 20 69 68 7.4807292587319765 9.618474541964147
9.4 9.6 Webster 20 20 61 66 8.249022649689259 10.107525306104154
9.4 9.8 Webster 20 20 64 73 7.848162731970857 10.097369924970453
9.4 10.0 Webster 20 20 68 72 8.870850840046373 9.178022922421984
9.6 0.2 Webster 20 160 54 548 118.15415844535431 272.43605657860746
9.6 0.4 Webster 20 160 53 548 163.69488063852975 217.22997362858445
9.6 0.6 Webster 20 160 56 548 146.11571213672576 171.51230752585624
9.6 0.8 Webster 20 160 47 548 87.42660986986101 100.62623137675787
9.6 1.0 Webster 20 160 55 548 94.62710092266116 34.053290827195525
9.6 1.2 Webster 25 160 55 480 74.72837424004817 15.763391290258843
9.6 1.4 Webster 20 60 59 438 29.214239173767268 15.790103649066108
9.6 1.6 Webster 20 40 69 372 17.542910207024406 21.536775247736514
9.6 1.8 Webster 20 30 67 327 13.413711397248814 29.04365759929453
9.6 2.0 Webster 20 25 74 282 8.906713189394262 18.493186020190453
9.6 2.2 Webster 20 20 59 269 7.595198631730261 41.225310894705075
9.6 2.4 Webster 20 20 76 259 9.784107369363339 33.24407374698154
9.6 2.6 Webster 20 20 67 253 7.760719563424416 20.330982890466373
9.6 2.8 Webster 20 20 70 243 8.247185936686005 13.808432809251407
9.6 3.0 Webster 20 20 59 217 6.659805923036989 13.20797495439247
9.6 3.2 Webster 20 20 57 216 8.018392217008092 14.473942544497673
9.6 3.4 Webster 20 20 55 190 8.398140671110093 10.91145935121832
9.6 3.6 Webster 20 20 74 153 7.728808299850852 10.160763846803315
9.6 3.8 Webster 20 20 67 175 8.30122648211758 10.759569804244379
9.6 4.0 Webster 20 20 59 157 8.379920886458395 10.495663681378222
9.6 4.2 Webster 20 20 66 142 9.165673308524394 8.151017755335918
9.6 4.4 Webster 20 20 49 165 8.219169303563866 11.09398732747353
9.6 4.6 Webster 20 20 88 146 7.001058954613865 8.749011020123396
9.6 4.8 Webster 20 20 76 116 7.581053608758201 9.245277109922156
9.6 5.0 Webster 20 20 80 136 8.20459752313371 11.222157624814791
9.6 5.2 Webster 20 20 62 117 7.965194411317541 9.456513569008699
9.6 5.4 Webster 20 20 67 139 5.779485426533473 9.207294847566162
9.6 5.6 Webster 20 20 51 125 6.476886231054296 10.757407557255025
9.6 5.8 Webster 20 20 66 105 6.997084260804528 9.419761041047785
9.6 6.0 Webster 20 20 61 109 8.450879056167214 10.13315980933248
9.6 6.2 Webster 20 20 76 93 6.252685726986982 9.232259231654261
9.6 6.4 Webster 20 20 64 115 9.00082032877428 8.925228248911989
9.6 6.6 Webster 20 20 49 83 7.530547396372243 8.64737026767124
9.6 6.8 Webster 20 20 69 86 7.4146279375035276 7.9431872645119235
9.6 7.0 Webster 20 20 66 104 9.046840302803535 9.200780302794973
9.6 7.2 Webster 20 20 50 85 6.409077787068983 7.3466499100496065
9.6 7.4 Webster 20 20 76 82 6.860959958485038 8.983496088022736
9.6 7.6 Webster 20 20 69 91 8.394804363654384 8.387370797452629
9.6 7.8 Webster 20 20 59 73 7.441976673244186 9.219151635072988
9.6 8.0 Webster 20 20 61 68 6.890710542302776 7.61344836081899
9.6 8.2 Webster 20 20 79 74 7.217245314970763 7.743727086418252
9.6 8.4 Webster 20 20 73 76 8.761913623454683 8.060147778482797
9.6 8.6 Webster 20 20 72 73 6.427268706820734 10.221433146618239
9.6 8.8 Webster 20 20 61 74 10.28346952551993 7.214757415485082
9.6 9.0 Webster 20 20 59 73 8.363005590876963 9.783641143232888
9.6 9.2 Webster 20 20 61 79 9.105547505586106 9.429737639423534
9.6 9.4 Webster 20 20 65 77 9.184687054049524 8.232197812011972
9.6 9.6 Webster 20 20 60 66 9.238780074261069 6.608845125458813
9.6 9.8 Webster 20 20 81 63 8.761251004027471 9.502034620267205
9.6 10.0 Webster 20 20 68 66 8.079752721627012 6.451010921401447
9.8 0.2 Webster 20 160 54 548 106.50213112867394 269.33125975990373
9.8 0.4 Webster 20 160 51 548 99.44657825434564 212.04222773590644
9.8 0.6 Webster 20 160 49 548 81.47568976074955 164.88615176781994
9.8 0.8 Webster 20 160 49 548 79.98177114823142 118.23680002968861
9.8 1.0 Webster 20 160 54 548 153.271020703946 63.69582844279069
9.8 1.2 Webster 25 160 63 510 89.01645324141387 14.221551124456836
9.8 1.4 Webster 20 60 70 449 26.6206121873082 21.424673038240385
9.8 1.6 Webster 20 40 58 387 18.132695438361196 38.52446548813209
9.8 1.8 Webster 20 30 52 332 12.597472421731489 36.394452417807706
9.8 2.0 Webster 20 25 74 290 12.252551645946095 16.007453513288414
9.8 2.2 Webster 20 20 59 270 10.028224916966032 41.573876912879165
9.8 2.4 Webster 20 20 64 272 7.3780776978335565 27.445596521188858
9.8 2.6 Webster 20 20 59 252 8.615756670724236 20.80369940285039
9.8 2.8 Webster 20 20 80 207 9.480101167142582 10.82951294935782
9.8 3.0 Webster 20 20 54 202 7.355590111258355 12.163411628941157
9.8 3.2 Webster 20 20 64 195 7.653795744658324 10.695698469937142
9.8 3.4 Webster 20 20 51 180 5.473307808443528 9.355918578741887
9.8 3.6 Webster 20 20 60 161 8.864200343196522 10.149333228719302
9.8 3.8 Webster 20 20 64 150 7.503113325869735 10.310247908759807
9.8 4.0 Webster 20 20 60 179 7.440510168867606 14.422707198631866
9.8 4.2 Webster 20 20 57 152 10.251001423185699 9.810740693146036
9.8 4.4 Webster 20 20 50 160 6.647835437779246 9.93411470462096
9.8 4.6 Webster 20 20 78 138 7.606020117480603 9.801391250176467
9.8 4.8 Webster 20 20 79 122 9.353877443049054 9.208758521523334
9.8 5.0 Webster 20 20 67 121 7.171646950818066 9.841481365611447
9.8 5.2 Webster 20 20 70 123 6.9816913693779075 9.509448060534075
9.8 5.4 Webster 20 20 58 122 6.644624417857118 9.92918048951325
9.8 5.6 Webster 20 20 67 125 7.439833011294781 11.735011033013711
9.8 5.8 Webster 20 20 70 114 8.29862295222901 8.35128966648038
9.8 6.0 Webster 20 20 73 105 10.317848418605536 7.512614172218414
9.8 6.2 Webster 20 20 71 101 7.501237397667635 10.999789656278658
9.8 6.4 Webster 20 20 66 100 7.914166464046277 8.89485450642818
9.8 6.6 Webster 20 20 69 92 7.498773835181175 9.348997614308386
9.8 6.8 Webster 20 20 79 92 8.138002419334308 8.447513584483477
9.8 7.0 Webster 20 20 66 101 7.642539033084523 9.57122604994471
9.8 7.2 Webster 20 20 70 80 7.336547837610697 10.641739922266307
9.8 7.4 Webster 20 20 61 89 6.773254471778344 8.531714593347868
9.8 7.6 Webster 20 20 73 92 8.68233946423777 8.431025829050093
9.8 7.8 Webster 20 20 67 102 8.011670837321573 10.047635802388193
9.8 8.0 Webster 20 20 61 85 9.04011752295377 8.215117875101313
9.8 8.2 Webster 20 20 54 74 7.725192757445126 9.986516197614632
9.8 8.4 Webster 20 20 68 70 7.454219291968316 7.044405915391178
9.8 8.6 Webster 20 20 71 83 8.73215254571925 9.822217628758127
9.8 8.8 Webster 20 20 58 67 6.454402213972982 7.837107420974587
9.8 9.0 Webster 20 20 64 77 7.878003617561927 8.015391317829868
9.8 9.2 Webster 20 20 67 66 6.7232431863051 9.495287940106873
9.8 9.4 Webster 20 20 74 74 8.294140081177483 6.856920414829983
9.8 9.6 Webster 20 20 54 80 8.631738983693788 11.600480512368858
9.8 9.8 Webster 20 20 54 57 5.445023975215313 11.246211753888392
9.8 10.0 Webster 20 20 75 63 10.303433968373966 8.238022841988807
10.0 0.2 Webster 20 160 56 548 90.33906269436065 268.4189659553191
10.0 0.4 Webster 20 160 53 548 141.73105681421816 222.29049410683572
10.0 0.6 Webster 20 160 54 548 102.9624404172978 150.33227198077503
10.0 0.8 Webster 20 160 52 548 81.86840785605143 104.27597445790727
10.0 1.0 Webster 20 160 53 548 88.13051707956343 56.67055169942883
10.0 1.2 Webster 20 160 52 500 70.72813937928453 12.618339501438431
10.0 1.4 Webster 20 60 54 430 27.899165050404992 14.387414331439368
10.0 1.6 Webster 20 40 63 377 18.212128183652922 24.059342094969274
10.0 1.8 Webster 20 30 50 329 11.568358116118603 18.169072469715182
10.0 2.0 Webster 20 25 49 308 9.870609749789669 35.91332361224225
10.0 2.2 Webster 20 20 70 272 9.640812593860886 37.471538473565246
10.0 2.4 Webster 20 20 72 245 7.368645858441293 16.742028506297103
10.0 2.6 Webster 20 20 61 236 7.521709028847299 14.220721134700035
10.0 2.8 Webster 20 20 70 243 8.115902180937562 19.252974530946567
10.0 3.0 Webster 20 20 52 227 7.020130006332447 12.761022963925381
10.0 3.2 Webster 20 20 74 195 8.481217978010301 10.484328873405486
10.0 3.4 Webster 20 20 59 204 8.148220486638698 11.430060025577106
10.0 3.6 Webster 20 20 74 174 7.471448186355068 11.177537739644027
10.0 3.8 Webster 20 20 58 179 10.319516927355059 9.708838833307981
10.0 4.0 Webster 20 20 63 149 9.263409818176997 10.314494319730768
10.0 4.2 Webster 20 20 73 153 9.150830817366536 9.277111125289638
10.0 4.4 Webster 20 20 66 142 7.560928231206072 8.98604518282889
10.0 4.6 Webster 20 20 61 138 6.931628115720052 9.591477629900316
10.0 4.8 Webster 20 20 63 139 9.773513251042683 9.990713169848352
10.0 5.0 Webster 20 20 75 121 7.066617408027608 9.14196434970624
10.0 5.2 Webster 20 20 71 115 9.886337852976014 8.901642702607926
10.0 5.4 Webster 20 20 63 119 7.645828307848878 9.882587172139711
10.0 5.6 Webster 20 20 57 120 9.96353780811908 8.91798758371291
10.0 5.8 Webster 20 20 63 118 8.661757930971241 9.702886260918564
10.0 6.0 Webster 20 20 63 113 8.633336533897985 9.948696563372367
10.0 6.2 Webster 20 20 65 110 8.503651887483308 9.75120545214693
10.0 6.4 Webster 20 20 56 99 8.548134941155114 10.443157089955964
10.0 6.6 Webster 20 20 61 92 7.166447357645653 11.233979864988598
10.0 6.8 Webster 20 20 54 96 8.527996792172418 8.600984913210288
10.0 7.0 Webster 20 20 61 88 7.91148091945538 9.358515389178468
10.0 7.2 Webster 20 20 60 90 7.960392982496919 9.624944429945101
10.0 7.4 Webster 20 20 63 93 7.376262829563922 8.637392266178765
10.0 7.6 Webster 20 20 77 92 8.348670630758932 9.386416701787073
10.0 7.8 Webster 20 20 64 91 5.834352857573441 7.434509437084348
10.0 8.0 Webster 20 20 58 75 7.528978246297434 9.121136019987766
10.0 8.2 Webster 20 20 70 90 8.005624446206838 7.8916303941486845
10.0 8.4 Webster 20 20 61 79 7.728943058209304 9.431147203913229
10.0 8.6 Webster 20 20 86 86 8.478689586637515 8.568181205081066
10.0 8.8 Webster 20 20 70 72 7.364518474300363 8.300231825566907
10.0 9.0 Webster 20 20 63 72 6.800814427853984 9.046358757722265
10.0 9.2 Webster 20 20 72 67 5.4798267442922555 8.927098945499642
10.0 9.4 Webster 20 20 58 60 7.785245119911068 8.932266258185061
10.0 9.6 Webster 20 20 44 75 8.67072639013293 8.679645766193568
10.0 9.8 Webster 20 20 69 74 7.6664798901941476 8.015994421476847
10.0 10.0 Webster 20 20 65 63 8.29033011496658 10.6352735808926
